database,database_release,dataset_id,dataset_version,name,geography,process_type,allocation_method,reference_flow_id,reference_amount,reference_unit,reference_count,exchange_count,elementary_exchange_count,missing_default_provider_count,external_provider_count,sha256,status
USLCI,1.2025-06.0,008a4c75-ff57-309e-b052-c9368f46d53e,00.00.004,"Transport, intercity bus, diesel powered, Southwest",Northern America,UNIT_PROCESS,NO_ALLOCATION,b235b36a-7ade-3301-acd9-e9a91a8138e8,1.0,p*km,1,24,17,0,0,b95d1e382139716c31b6a3bec39922bc0275f21bc97e6f597983c7a3b44ee01a,retrieved_not_selected
USLCI,1.2025-06.0,00e711cb-ea71-3b0a-8dbb-2b7e9bd58c9e,01.00.001,"Transport, single unit truck, long-haul, compressed natural gas powered, Alaska",,UNIT_PROCESS,PHYSICAL_ALLOCATION,d0207892-1d62-3649-b2a7-4f5bd03b8a73,1.0,t*km,1,35,33,0,0,abdf7d4c5553766794a7ebe516890314b44459340ce6c246860316a58c9c7c78,retrieved_not_selected
USLCI,1.2025-06.0,01152bc2-5e31-3b8c-a40f-42289905c771,00.01.011,"Vacuum infusion, rigid composites part, at plant",United States of America (the),UNIT_PROCESS,NO_ALLOCATION,432025d7-a621-3e3e-8f5f-48eb0a2a0e1a,1.0,kg,1,22,3,4,1,cdbbb4d9b454f6b5abd6c9990efdf02909be759aa2b2d94b18c568732d877456,retrieved_not_selected
USLCI,1.2025-06.0,015667f8-18c8-3f3c-bcb9-903185af6f04,00.00.004,"Transport, refuse truck, diesel powered, Southeast",Northern America,UNIT_PROCESS,NO_ALLOCATION,c99244fc-abe3-3836-9d0c-ce0872f79975,1.0,t*km,1,24,17,0,0,06205b144b12a71c01d2c316369d02725e36d4013af5f9cc2fb86afd5c3ced1c,retrieved_not_selected
USLCI,1.2025-06.0,027d304f-00e4-380e-9bba-4e6bde2d685a,00.00.016,"Solid strip and plank flooring, hardwood, E",United States of America (the),UNIT_PROCESS,PHYSICAL_ALLOCATION,e612ea29-a772-3244-979c-f5bb4eaac256,1.0,m3,1,16,4,0,1,dce4c9cbf7cfdec4e89f85b654ab9fa89218884fb763225fe645ab64ec298276,retrieved_not_selected
USLCI,1.2025-06.0,0327b5eb-5bfe-3a79-bdb5-39b9fb42b514,01.00.002,"Transport, combination truck, short-haul, electricity powered, East North Central",,UNIT_PROCESS,PHYSICAL_ALLOCATION,d5ce6d5d-eea3-3c42-9999-fe46c52a1541,1.0,t*km,1,7,5,0,1,7d5eadfacd7c726a2bd023e612520c32671f0c8eebf99dc6463340052c4a48be,retrieved_not_selected
USLCI,1.2025-06.0,0375c701-8d66-3b47-af2e-26b0c43c722f,00.00.011,"Harvesting, fresh fruit bunch, at farm, 2003",Northern America,UNIT_PROCESS,NO_ALLOCATION,9dfc9e7c-3c20-3f4d-9d79-d54ec2d8d08b,1.0,kg,1,10,6,1,0,9d434fbad380612c02a35937c8b33160a8cef2dc98846919e5830732c2ff7366,retrieved_not_selected
USLCI,1.2025-06.0,0381ede3-9567-44c0-9200-cbbef872097e,00.01.002,Steam methane reforming plant; small-scale; construction,United States of America (the),UNIT_PROCESS,NO_ALLOCATION,74548bac-cf2d-4026-bcca-3edc4dec62f0,1.0,Item(s),1,18,10,2,0,e0ec4ee53358c7256880407796731200d4fbbf620722440aafdb9eaa7b3b9037,retrieved_not_selected
USLCI,1.2025-06.0,03b089f7-2073-3c62-9959-8a1949ae1c17,01.00.002,"Transport, light commercial truck, electricity powered, East North Central",,UNIT_PROCESS,PHYSICAL_ALLOCATION,0925e27b-37eb-38b6-8710-314211416cc2,1.0,t*km,1,10,8,0,1,5bf78ed202fcf6ca548e251bc6089b794c7585cd26d5f0f77e0b3451e37a8255,retrieved_not_selected
USLCI,1.2025-06.0,03ea6a34-7abd-3220-a6c7-9b14a551b9f7,00.00.004,"Transport, school bus, diesel powered, Alaska",Northern America,UNIT_PROCESS,NO_ALLOCATION,e039be4c-037a-36c4-822a-e55803432f61,1.0,p*km,1,24,17,0,0,dc170856a32905d8bd51fae6c96bf7f5c3a17ea500338efbd12ac6db81d083e0,retrieved_not_selected
USLCI,1.2025-06.0,04e0acad-0e1a-4739-b9c9-cad837e5ff84,00.00.018,Sludge hauling and landfill; wastewater treatment unit; Level 4-2,United States of America (the),UNIT_PROCESS,PHYSICAL_ALLOCATION,6905db5d-45f6-49e6-9a83-51b1b26419f9,1.0,m3,1,57,51,0,1,db317e906081bd27262caa105b383fb4efb86d2b2fafddb995c6fd219f02e0d8,retrieved_not_selected
USLCI,1.2025-06.0,05225f4c-0974-37f3-ad7d-8fc98840f786,01.00.002,"Transport, combination truck, short-haul, electricity powered, Northwest",,UNIT_PROCESS,PHYSICAL_ALLOCATION,d5ce6d5d-eea3-3c42-9999-fe46c52a1541,1.0,t*km,1,7,5,0,1,98edb917ade3a4bb8b2401e4c36483427a425ffe8b353e93f83d9db2a0e4365b,retrieved_not_selected
USLCI,1.2025-06.0,05351164-399e-4b57-a5d8-04d1e7bc1c41,00.00.010,"Effluent release; from anaerobic/anoxic/oxic, Level 2-1 wastewater treatment plant",United States of America (the),UNIT_PROCESS,PHYSICAL_ALLOCATION,9dd59901-87f4-4ed2-99df-354715687a60,1.0,m3,1,66,65,0,0,a6ea6987cf72fd7c5de12d022b33017b4a3074b2049d303e500c145811e6dc9b,retrieved_not_selected
USLCI,1.2025-06.0,0577d79b-9d3d-334f-a390-84d70c142d53,00.01.009,Drinking water treatment; Valves for distribution system; at plant,United States of America (the),UNIT_PROCESS,,f7b5958e-9116-39b2-8693-5ca991953c5e,1.0,m3,1,2,0,0,0,7b2e368c9562f43ec09fc89140b4e52b818a3783416497c1043adde51d81900d,retrieved_not_selected
USLCI,1.2025-06.0,058ef703-9452-44a8-84e6-d14551e61713,00.01.001,"Natural gas, production mixture, at extraction",United States of America (the),UNIT_PROCESS,NO_ALLOCATION,c1618370-1fc6-45fc-a2cc-2458bc9ddf6a,1.0,kg,1,7,0,0,0,7bbbb18429cefe806517902bbe463858c671563e85235dc8b01cdaf8b9730f70,retrieved_not_selected
USLCI,1.2025-06.0,06104859-7967-3179-a4dd-3812b8912eb1,01.00.001,"Transport, single unit truck, compressed natural gas powered, Central",,UNIT_PROCESS,PHYSICAL_ALLOCATION,cb33e8c2-2296-3c28-8015-fc08bf040845,1.0,t*km,1,35,33,0,0,7dc7d59b758906922e1cef0da42848e4e66e20fa1bc915dba30e1dc52b483331,retrieved_not_selected
USLCI,1.2025-06.0,065d2f03-1ed0-3789-aa2d-651a29287d08,00.00.007,"Automotive painting, top coat, per vehicle",Northern America,UNIT_PROCESS,NO_ALLOCATION,349f80aa-ecfc-39ac-b674-a1721178e49b,1.0,Item(s),1,33,14,3,1,074005cb0aa86ac0336b2cb96de6628e007d65eff4d0a8322d51bec802a1b3dc,retrieved_not_selected
USLCI,1.2025-06.0,0677a98b-6f90-3e7e-acf5-3835639c7d41,01.00.001,"Transport, combination truck, compressed natural gas powered, East North Central",,UNIT_PROCESS,PHYSICAL_ALLOCATION,8a848faa-996b-39f4-a2ec-e9a1df693278,1.0,t*km,1,35,33,0,0,d32420d792f571e71a3efc0ca6904187a7c30166b47e61157002d223e7a6887b,retrieved_not_selected
USLCI,1.2025-06.0,06d602eb-5cfd-4825-8141-f524022439e5,00.00.004,Flat Glass Bridge; USLCI to USEEIO,,UNIT_PROCESS,,6282c1be-b79e-3e7f-9d70-b7ee3c1e67b7,1.0,kg,1,2,0,1,0,5c51f6a52c323f67318328b077f60986ed0e4df5e1014614e1fcdc58f8caa450,retrieved_not_selected
USLCI,1.2025-06.0,06d76688-f853-3631-b003-f1f125d082d3,01.00.002,"Transport, single unit truck, electricity powered, Northwest",,UNIT_PROCESS,PHYSICAL_ALLOCATION,94755eaa-c6ec-32d3-b687-b94ed0a53e5f,1.0,t*km,1,7,5,0,1,d9d2a20fec4419a06518aeb0522b071d9797f7770eccac211052cea04b4608f2,retrieved_not_selected
USLCI,1.2025-06.0,06dc4c32-4219-33f8-9d37-9238da24709f,00.00.004,"Transport, intercity bus, diesel powered, Northwest",Northern America,UNIT_PROCESS,NO_ALLOCATION,b235b36a-7ade-3301-acd9-e9a91a8138e8,1.0,p*km,1,24,17,0,0,e70ac0ef9addc856ec6bc6d12738d237e96114eaa89cc981e9ff1163ae9291a7,retrieved_not_selected
USLCI,1.2025-06.0,076898a5-e1ce-3c50-9df4-6445fc0bb6aa,00.00.013,"Iron, sand casted",Northern America,UNIT_PROCESS,NO_ALLOCATION,7f83f353-12a6-31fa-9d49-23c6c0ae7863,1.0,kg,1,106,54,27,1,c7aa632b5d7c84bb2f8b05700aa0309e8c4580c550f6080114ef5708559791c8,retrieved_not_selected
USLCI,1.2025-06.0,077f9944-eca8-3f2d-b1ee-cdbc115ff0eb,00.00.004,"Transport, refuse truck, diesel powered, West North Central",Northern America,UNIT_PROCESS,NO_ALLOCATION,c99244fc-abe3-3836-9d0c-ce0872f79975,1.0,t*km,1,24,17,0,0,5ce94bf300de27d4f5c40e777521f7b374cecb5e18c2525137f51745a80d9914,retrieved_not_selected
USLCI,1.2025-06.0,080e1cca-c723-4941-b238-ef5af1e5a8a3,00.00.005,Polyvinylfluoride Bridge; USLCI to USEEIO,,UNIT_PROCESS,,6d0c9403-70b9-3549-9522-aee9cf6c92e4,1.0,kg,1,2,0,1,0,c59f6d85df40997ba26832018bc7afd91d1fc32a88bd6c1a47f3fe4b73598704,retrieved_not_selected
USLCI,1.2025-06.0,08376114-0ea1-32d1-a3ab-f2cca7c71f31,01.00.001,"Transport, combination truck, short-haul, gasoline powered, Northwest",,UNIT_PROCESS,PHYSICAL_ALLOCATION,41361da6-313c-3621-bbe6-3a792f3dab6b,1.0,t*km,1,35,33,0,0,0f35552cbe45343b6b438dcfa3ffc0f6bdc6c2d76f8a3d013d7b0029561914cc,retrieved_not_selected
USLCI,1.2025-06.0,083dc6b7-fd49-3db9-89bb-7dce3a052fcc,01.00.001,"Transport, combination truck, gasoline powered, Central",,UNIT_PROCESS,PHYSICAL_ALLOCATION,9b20d581-cc62-3313-9412-0855be3ee7c2,1.0,t*km,1,35,33,0,0,60796d24a9f6ec6410fcc31d0d9d82d4f97f80b27f21bf663aed15355f563fae,retrieved_not_selected
USLCI,1.2025-06.0,0853441e-0b11-30f6-87c5-00ca7df78e21,00.00.004,"Heat, indirect, heated zones, softwood, plywood veneer drying, AP-42",Northern America,UNIT_PROCESS,NO_ALLOCATION,4b5cad63-18f1-30c7-ae7c-79f60094c8f0,1993.2,kg,1,3,2,0,0,3b9980ffe3cbb092540efca9146585e66cb6b076c6f911174a2c8b07396bfc2f,retrieved_not_selected
USLCI,1.2025-06.0,0855376f-1ec5-3f3e-bead-959c932539b7,00.00.006,"Transport, pipeline, unspecified petroleum products",Northern America,UNIT_PROCESS,NO_ALLOCATION,acbe5bc4-6afd-31aa-bf3f-4a3fdc491945,1.0,t*km,1,2,0,0,1,2ef74d03c2cf44eb34a5e1c1945e03f727f98fc0085c9729e4d535c79592f406,retrieved_not_selected
USLCI,1.2025-06.0,0862a9d5-7ba3-33f1-8d88-d80ca1d98e5f,01.00.001,"Transport, single unit truck, compressed natural gas powered, Southeast",,UNIT_PROCESS,PHYSICAL_ALLOCATION,cb33e8c2-2296-3c28-8015-fc08bf040845,1.0,t*km,1,35,33,0,0,1944bdc5eea56e0756a739838a9d5c0ede36dfd5d621f8ec1f5be5826ef9ad7c,retrieved_not_selected
USLCI,1.2025-06.0,08784ac5-11a5-4871-9b9b-ce68b692d13d,00.00.086,"Dispensing of compressed natural gas, at pump",United States of America (the),UNIT_PROCESS,,00477354-a94e-3905-8123-edddd3652a66,1.0,t,1,3,0,0,0,3c66a126550a19c37f4e108fe25130e0d405e0c20e5dabbf77df9bca121ead25,retrieved_not_selected
USLCI,1.2025-06.0,0879167f-989b-3e3b-b9c5-3c07ea0a3f8e,00.00.013,"Ethanol, denatured, corn stover, biochemical",Northern America,UNIT_PROCESS,NO_ALLOCATION,7f49cac3-84a7-345a-abaa-c3671a78c38f,26100.0,kg,1,35,17,5,1,6e5fab79af7c08cac2746bceeb10f0dc9b77123e98c257c02031f0a667c7ca71,retrieved_not_selected
USLCI,1.2025-06.0,0898854c-e38f-3d23-880f-f8da7d65ca0c,00.00.012,"Ethanol, denatured, switchgrass, biochemical",Northern America,UNIT_PROCESS,NO_ALLOCATION,005db14f-6fc8-32d3-95a6-c7b8b8d30fb1,26100.0,kg,1,35,17,5,1,aa487d260afed60b50e77a015e6b072e2c5fb7881403c7b634c419c4cf35b8a5,retrieved_not_selected
USLCI,1.2025-06.0,08e766d4-ec5f-3426-a0d4-9533e55f9081,00.00.023,"Metal composite material (MCM) sheet, at plant",Northern America,UNIT_PROCESS,NO_ALLOCATION,8d1602f5-e7c3-38a9-a00a-3537948d4ac2,1.0,m2,1,22,0,4,1,c46c5718f28e2a5cd671c9f452286695d5ff056be45ceae17dc024cd76b1c111,retrieved_not_selected
USLCI,1.2025-06.0,08f86327-b29d-3ffa-b863-a257c2d6c952,00.01.013,"Drinking water treatment; Disposal, sedimentation waste to water; at plant",United States of America (the),UNIT_PROCESS,,6d22d920-fc46-49b0-801d-e4caa4d88628,1.0,gal (US liq),1,6,5,0,0,606885f3ab9fda99d3a68ece797b16883ef06c72662f892a937e11349450a716,retrieved_not_selected
USLCI,1.2025-06.0,08fe00bb-6180-36d8-95c3-74972c809fff,01.00.002,"Transport, single unit truck, electricity powered, Hawaii",,UNIT_PROCESS,PHYSICAL_ALLOCATION,94755eaa-c6ec-32d3-b687-b94ed0a53e5f,1.0,t*km,1,7,5,0,1,10ca32ec704c116066978960b955cb9c8247c166df3038e3488815b75d0c7bd1,retrieved_not_selected
USLCI,1.2025-06.0,0924e625-e201-374c-8628-0c44df929cdd,00.01.001,"Diesel, combusted in industrial boiler, at pulp and paper mill (EXCL.)",Northern America,UNIT_PROCESS,NO_ALLOCATION,e184833d-06cf-3cac-9fd8-df1dc06bb137,1.0,l,1,30,28,0,0,9070bf7ce064fccf94983c04fcfb390829dfc103896770634e3065dcdf912d0c,retrieved_not_selected
USLCI,1.2025-06.0,0945cc82-1126-45c3-b525-6d4fc913aa09,00.01.002,"Natural gas, coal bed methane, at extraction",United States of America (the),UNIT_PROCESS,NO_ALLOCATION,f979ad58-ceed-4fbd-9aaf-5e60b454026d,1.0,kg,1,21,18,0,0,8b076003ebb0a213518025ea9a0e71b5de2feb800ab6f67f6010f7fc8708b5d7,retrieved_not_selected
USLCI,1.2025-06.0,097d2f2c-d006-3b27-84de-98e6a364e411,00.00.004,"Corn wet mill, gluten drying, AP-42",Northern America,UNIT_PROCESS,NO_ALLOCATION,28b025c1-5897-3e01-8aa2-166cd2c9f86d,2000.0,kg,1,2,1,0,0,914f98e4fafd5e227fda994493d1c54317685d63341c63b5d4a55be755a15ccd,retrieved_not_selected
USLCI,1.2025-06.0,099c3d09-08a3-3cac-9ffd-0558c12033b9,00.00.007,"Transport, barge, average fuel mix",United States of America (the),UNIT_PROCESS,NO_ALLOCATION,4069483a-8d94-3b6b-81be-5f0a249b74f4,1.0,t*km,1,3,0,0,0,01750acd6100b6db52f85d256fb5a400216b094120162aed601a9c34a86e7d33,retrieved_not_selected
USLCI,1.2025-06.0,09a2ca42-3a4c-3050-8450-171f0e60f844,00.01.002,"Fuels, burned at uncoated freesheet, average production, at mill",Northern America,UNIT_PROCESS,NO_ALLOCATION,d0d971ba-2a97-3b6d-863b-9c8ebf8d5cd9,13563.0,MJ,1,67,56,0,0,c6a639b7e568492b5fdc4252f1d0753b9f061e49bd3f81b310b7a6d6f0ce60f5,retrieved_not_selected
USLCI,1.2025-06.0,09f2356f-629a-3305-8411-99967cf4a9b3,00.00.008,"Phenol resorcinol formaldehyde hardener, at plant",Northern America,LCI_RESULT,NO_ALLOCATION,63eac414-b4bb-3e50-b3a0-f85e2b3ba3b3,1.0,kg,1,44,40,0,0,310563f0b307f377c1cef35c2340013c360024e4b203c4ca37a566fd089d2cf5,retrieved_not_selected
USLCI,1.2025-06.0,0a09c686-8aee-31dc-b8d9-33dcd61a7dfe,01.00.002,"Transport, combination truck, electricity powered, West North Central",,UNIT_PROCESS,PHYSICAL_ALLOCATION,70d89027-628d-3404-8458-b209e40dd0e0,1.0,t*km,1,7,5,0,1,1f4955d30a05676c6d96d0ced4a0146d07db8f91ba55186191c0a5ef9c06c1b9,retrieved_not_selected
USLCI,1.2025-06.0,0a67401f-bc99-3993-adbb-3b9ccfeb1c42,00.00.003,"Transport, school bus, diesel powered",Northern America,UNIT_PROCESS,NO_ALLOCATION,e039be4c-037a-36c4-822a-e55803432f61,1.0,p*km,1,24,17,0,0,035b8329fedbc8dc63db708c4eebe114685f203ea75ce8558f71616c09c1835e,retrieved_not_selected
USLCI,1.2025-06.0,0aaf1e13-5d80-37f9-b7bb-81a6b8965c71,00.01.002,"Petroleum refining, at refinery",United States of America (the),UNIT_PROCESS,PHYSICAL_ALLOCATION,d939590b-a0d7-310c-8952-9921ed64a078,0.252345277453289,l,1,302,276,2,1,2f808e5c21f3a97ecf99f634e08851aebcfe38ffc0b8c537ad8b9ffaf19ef5c5,retrieved_not_selected
USLCI,1.2025-06.0,0b27a86d-d4f0-374d-879b-1a1d608d45f3,00.01.005,"Ductile Iron Pipe, 24"" inch diameter; at plant; per linear foot",United States of America (the),UNIT_PROCESS,,974dcb99-8027-3a4b-bfe5-ef37e379be49,1.0,ft,1,4,0,0,0,4f1557ba022f6044143dac905fb119495d77780073c06fc523f44d934b449197,retrieved_not_selected
USLCI,1.2025-06.0,0b5a14e7-bf8f-380e-87de-af92dd61e21b,00.00.008,"Bark, hardwood, average, at forest road,  NE-NC",United States of America (the),UNIT_PROCESS,NO_ALLOCATION,b397fd68-58b2-3d2c-98ff-982509e10105,1.0,kg,1,4,0,3,0,6b08093b0ab662d0808e1e296640fdf21e8769b85c6847f136197e993ebc86f8,retrieved_not_selected
USLCI,1.2025-06.0,0bb53c29-31b1-3e8c-87ac-a2ef6793f8f2,00.00.009,"Phenol formaldehyde, at plant",Northern America,UNIT_PROCESS,NO_ALLOCATION,b53bd8bb-b9b1-3c7d-812b-97adb96f8ba6,1.0,kg,1,11,3,0,1,bbe5520b8c26873b56d8bd207b59eb761d7e4901999182ac3b10e4a62904c39e,retrieved_not_selected
USLCI,1.2025-06.0,0bc23cda-623c-347a-acf8-a530f22a9a1d,00.00.005,"Transport, transit bus, diesel powered, East North Central",Northern America,UNIT_PROCESS,NO_ALLOCATION,83a2d23e-a668-3b97-a037-371c67c18ccf,1.0,p*km,1,24,17,0,0,1d2a7c095d7855f8bd6929bd6b18c20aa8b45e6f9d800d584b6de928aee6da8a,retrieved_not_selected
USLCI,1.2025-06.0,0c00fec3-3286-3ceb-98ef-36fa7411ba2f,01.00.002,"Transport, single unit truck, long-haul, electricity powered, Southwest",,UNIT_PROCESS,PHYSICAL_ALLOCATION,ca468bee-3878-3418-918a-6cbe82ac640c,1.0,t*km,1,7,5,0,1,5421b923b7eedccf08686a4aa8e418c7fba0160119508ad7b176f3d649074da3,retrieved_not_selected
USLCI,1.2025-06.0,0cba346a-49b7-4012-bc20-a88c7a7a0664,00.01.002,"Landfilling, glass fiber, reinforced polymer",,UNIT_PROCESS,NO_ALLOCATION,47c15639-bc26-4223-83ce-073a88215439,1.0,kg,1,2,0,0,1,3c61290c5f3695b4c955ee97894c69b24027b88b817b97958939eb29ccb74f8c,retrieved_not_selected
USLCI,1.2025-06.0,0cffeb9f-9246-3b8c-a541-92525ab98313,00.01.003,"Lumber, softwood, ACQ treated, SE",United States of America (the),UNIT_PROCESS,NO_ALLOCATION,5b6f5abc-608f-3f0d-9905-e33c3166b9f8,1.0,m3,1,33,14,4,2,62bab1f06784186d2726744a7ee9178f018527a3fa293f45b4f1e1ddb6e20a5b,retrieved_not_selected
USLCI,1.2025-06.0,0d1d9f2b-1295-328a-82a0-1f43b135007b,01.00.006,"Soy-based polyol, at plant",Northern America,UNIT_PROCESS,NO_ALLOCATION,c4f0f821-74ba-37a7-8ca7-b9a943897f6f,1.0,kg,1,57,52,0,1,f936f85f278e431d339eafcaf6ba1fc2a2e34058d5cab04599add70f6c675fbc,retrieved_not_selected
USLCI,1.2025-06.0,0d4adbb3-81bb-45c5-bf26-734c76ff3108,02.01.004,"Hydrochloric acid, HCl; MDI coproduct; at plant, 100% HCl",Northern America,UNIT_PROCESS,CAUSAL_ALLOCATION,c3019f2c-8e84-4f0d-9529-093d2d0ae5e1,1.0,kg,1,37,28,2,1,78b8132c0a4221a87c748282a2ae1a1f945cf1f2d489304b02a85e55481bc6d2,retrieved_not_selected
USLCI,1.2025-06.0,0d8e9e8d-f3a7-3781-af23-306523811c4a,01.00.002,"Transport, single unit truck, electricity powered, Alaska",,UNIT_PROCESS,PHYSICAL_ALLOCATION,94755eaa-c6ec-32d3-b687-b94ed0a53e5f,1.0,t*km,1,7,5,0,1,a9f8a2aa1f68c2e3d7e22971b0b94c6d2b4d6205fa63a5e84585356951f6b75e,retrieved_not_selected
USLCI,1.2025-06.0,0d95cc8b-a9a0-3630-a760-1ab4d88257d8,00.01.007,"Natural soda ash (Sodium carbonate), at plant",United States of America (the),UNIT_PROCESS,NO_ALLOCATION,c0af8d39-2a03-3e1d-8548-67989e0fda5a,1000.0,kg,1,80,28,13,1,d79883807a36144e8f938109c7f7edb66239bfd33957e123643c27600c2edd95,retrieved_not_selected
USLCI,1.2025-06.0,0dc12dad-e00c-3b8d-b8fb-5de0e3f9f4eb,00.01.012,"Drinking water treatment; Primary Disinfection, Conventional UV; at plant",United States of America (the),UNIT_PROCESS,,2679b07c-7932-3023-be67-fb92dc1cfb93,1.0,m3,1,4,0,0,1,c5e2beaca2d4341fe972d8964222096228af8c15f4277460d94f5478825377d6,retrieved_not_selected
USLCI,1.2025-06.0,0e42a306-ee2d-362e-8bc3-580000096459,00.01.002,"Acrylonitrile-butadiene-styrene, ABS, copolymer resin, at plant",Northern America,UNIT_PROCESS,NO_ALLOCATION,c32cdfef-1136-4af8-945b-32dd954c7278,1.0,kg,1,66,46,0,1,776d59b892239eeeb385aab9015f6b8ccfce39830b774f45c7e2186a505173c4,retrieved_not_selected
USLCI,1.2025-06.0,0e9b8277-83e7-3961-a7bb-ceda124189a9,01.00.001,"Transport, single unit truck, long-haul, gasoline powered, Hawaii",,UNIT_PROCESS,PHYSICAL_ALLOCATION,9f52f8d9-5c7c-3d35-a912-376b70769a26,1.0,t*km,1,35,33,0,0,920a6e5ab509fef9d21d213ee8ddfbf3bf3db5ed6947c852418d6d5797eb1f38,retrieved_not_selected
USLCI,1.2025-06.0,0ec0a537-945a-3336-b174-f4074201483e,01.00.002,"Transport, single unit truck, short-haul, electricity powered, Northwest",,UNIT_PROCESS,PHYSICAL_ALLOCATION,855b58f5-89b6-3b25-b33e-59454a0adbaa,1.0,t*km,1,7,5,0,1,3557196aaf678d006fa2b69e3f506eb3774021079c83e81e8c4d0e8ced6ccea6,retrieved_not_selected
USLCI,1.2025-06.0,0ee63a7f-7646-3daa-b359-4116bd9f2929,01.00.001,"Transport, single unit truck, short-haul, gasoline powered, Alaska",,UNIT_PROCESS,PHYSICAL_ALLOCATION,524fd4ed-beef-3c60-a17b-fa0ba1842eeb,1.0,t*km,1,35,33,0,0,10b58cf76a06b09206ac5a046825c21bb8f8226a9920cce0e3bc6e4faf920d07,retrieved_not_selected
USLCI,1.2025-06.0,0f02f4bf-055b-35ff-ac40-1a21be06165f,00.00.009,"Aluminum, sheet, coated, at plant",Northern America,UNIT_PROCESS,NO_ALLOCATION,218f8159-44ed-3f71-8d24-de81476cc8a6,5.82563123,kg,1,4,0,1,0,37f8777290f49d1fbed14b094fc96206351859740049a8784119a7cccf3979f2,retrieved_not_selected
USLCI,1.2025-06.0,0f0458b0-7af8-4194-b2b9-35fe606b1526,02.01.004,"Methylene diphenyl diisocyanate, MDI; at plant, mass and elemental alloc",Northern America,UNIT_PROCESS,CAUSAL_ALLOCATION,8850417f-b844-34b8-8f39-b373e9783d52,1.0,kg,1,55,38,4,1,5b6561c23f7a72046a4b690fdcb5efa93cb5b58d28479e88b752238b8f8a7a30,retrieved_not_selected
USLCI,1.2025-06.0,0f528ea6-57a9-365a-a4af-4132ebe27cae,00.00.008,"Natural gas, combusted in industrial boiler, at hydrocracker, for propylene",Northern America,UNIT_PROCESS,NO_ALLOCATION,a95cc6c7-3e5c-3dbe-ae50-f2b9679a7de2,1.0,m3,1,27,22,0,0,eb9d10ce26fc74fecb70f2e363c97d4752260eb6b0d1fd782c6ba456be413b1e,retrieved_not_selected
USLCI,1.2025-06.0,0ff039bd-cecc-3149-bd0c-b30a8a5b0f08,00.00.004,"Transport, school bus, diesel powered, Hawaii",Northern America,UNIT_PROCESS,NO_ALLOCATION,e039be4c-037a-36c4-822a-e55803432f61,1.0,p*km,1,24,17,0,0,63f3c86122ee161c8faa29e2d3e181a9c895a9847971fd15727f8afa76cdba43,retrieved_not_selected
USLCI,1.2025-06.0,103485be-194e-395a-a504-7d3f3bc7a7b3,01.00.002,"Transport, combination truck, electricity powered, Alaska",,UNIT_PROCESS,PHYSICAL_ALLOCATION,70d89027-628d-3404-8458-b209e40dd0e0,1.0,t*km,1,7,5,0,1,3154c89abaf65b99083e696c902d8725531da2392a65a8b50eb15157b80156ab,retrieved_not_selected
USLCI,1.2025-06.0,103e5c10-96c9-3a1f-bf8b-7054873ee7ec,01.00.002,"Transport, single unit truck, short-haul, electricity powered, Northeast",,UNIT_PROCESS,PHYSICAL_ALLOCATION,855b58f5-89b6-3b25-b33e-59454a0adbaa,1.0,t*km,1,7,5,0,1,40b17d842852cfc3449e916057bec7e5f3ef66c56016ca8bbbcfd1340e1fdbd0,retrieved_not_selected
USLCI,1.2025-06.0,106bcee8-0d5f-30c6-ac98-fa6dab41d4d1,00.02.005,"Wood Combusted, at boiler, at cellulosic fiberboard mill",Northern America,UNIT_PROCESS,PHYSICAL_ALLOCATION,b749402e-e420-3c23-96eb-10e39d0569e3,1.0,kg,1,63,30,8,0,761deba36af16f018b4a7e09d286d5f9653ef9433e3b564bce59664fabf8d836,retrieved_not_selected
USLCI,1.2025-06.0,10a86db5-7f96-35cb-83c3-4912877b7eb7,00.00.007,"Pulpwood, softwood, average, state or private dry forest, at forest road, INW",United States of America (the),UNIT_PROCESS,NO_ALLOCATION,aa01031a-49f3-329a-a00c-7bc67580c774,1.0,m3,1,3,0,2,0,12aeb777f8379e4c3e3f1139df1b3f887ba51508dd5387d72b3976c87bab33f1,retrieved_not_selected
USLCI,1.2025-06.0,10d44fc8-3120-326c-b57b-531ce9f43013,01.00.006,"Ethanol, 85%, dispensed, at pump - PROXY",,UNIT_PROCESS,PHYSICAL_ALLOCATION,6dd72fbb-80ed-3c19-9a25-4a7d6d7534c1,1.0,btu,1,2,0,0,0,10a209d59f156310a288e4a716e5aedf88b5b9b13ec6af5f9940540c30417291,retrieved_not_selected
USLCI,1.2025-06.0,1103da1a-c993-49b5-a53b-0f1ee9c27ae4,00.00.002,Synthetic Rubber Bridge; USLCI to USEEIO,,UNIT_PROCESS,,35eb0588-6dc4-3344-8b2b-1039dd0c25b5,1.0,kg,1,2,0,1,0,1bbe790a2052f902e55572c50bf6406cb8aa65c362e35479099c1f40727986f2,retrieved_not_selected
USLCI,1.2025-06.0,11256034-2355-3add-ade9-59983025dded,00.00.012,"Corn, whole plant, at field",Northern America,UNIT_PROCESS,ECONOMIC_ALLOCATION,8db31b1d-1a59-304c-801f-a3cd8a23ba45,1.0,kg,1,76,62,2,1,413229c32dcac8108713730e78909133d08128a57c76707acacbda825324e3ff,retrieved_not_selected
USLCI,1.2025-06.0,1296738e-d64f-3837-a793-bc33f491e292,00.01.002,"Packaging and information sheets, i2900 desktop scanner",Global,UNIT_PROCESS,NO_ALLOCATION,f048b817-44dd-35fd-b5c9-57049decec7b,0.296,kg,1,5,0,1,1,c70c21430a953051181899bcee7668a5df40abae092687efbddbc96eb18e9542,retrieved_not_selected
USLCI,1.2025-06.0,12ba204b-7438-49df-abbb-b8cbe817927e,00.01.005,"Containerboard, 100% recycled, at mill",United States of America (the),UNIT_PROCESS,NO_ALLOCATION,d333b561-b475-319e-9204-7ef75f373308,1.10516007,kg,1,151,116,8,1,0b38e9e7b5cbd4f7635f9754767e33b8796857982a6a3a0385e7bc7e58a2ff47,retrieved_not_selected
USLCI,1.2025-06.0,133b6dfd-8bfe-3b6a-9d67-1ea4796bdecb,00.01.005,"Ductile Iron Pipe, 16"" inch diameter; at plant; per linear foot",United States of America (the),UNIT_PROCESS,,ab52737a-38b9-3c14-bb01-893bc8308225,1.0,ft,1,4,0,0,0,0c6f5155ed1c63029f9f986e98c11d8a78c1f61011e3c4405c393f192283a17e,retrieved_not_selected
USLCI,1.2025-06.0,136cbdd8-ef76-3834-904d-6fce42b2b660,00.01.003,"Ethylene oxide, at plant",Northern America,LCI_RESULT,NO_ALLOCATION,4cba2656-7694-3b28-9ced-2b49acaa0f7a,1.0,kg,1,379,373,0,0,612d733fbbf53407bc7ac54c73aac55ea476e6e3ea222bffb04849989037813f,retrieved_not_selected
USLCI,1.2025-06.0,137b2f94-e29e-4870-a2c2-20dafd441f1d,00.01.010,"Steel; pickled hot rolled coil, at plant",Northern America,LCI_RESULT,ECONOMIC_ALLOCATION,0ef88894-a6b7-415d-88cd-9aefdd14fc3a,1.0,kg,1,742,694,37,0,1f96e14567fab108d936f0a92e02844117a3885e4e7ac0260cea0a786ba92ec9,retrieved_not_selected
USLCI,1.2025-06.0,13821cca-f344-37b9-a367-0467be778061,02.01.002,"Polystyrene, general purpose, GPPS, resin; at plant",Northern America,UNIT_PROCESS,PHYSICAL_ALLOCATION,67b50031-6239-3514-a37f-2b17de803c88,1.0,kg,1,45,28,0,1,8cf385ae8a19d6ec0cdd9108b0722a96ea4ab75b3f1ead144996c2d551f7bce9,retrieved_not_selected
USLCI,1.2025-06.0,13abc978-777f-4929-9990-4f53976d032f,00.01.002,Acrylonitrile; at plant,United States of America (the),UNIT_PROCESS,NO_ALLOCATION,73d4a4b3-24a9-40ee-833c-435fae6a1150,1.0,kg,1,7,0,0,1,d4856db8192b4a9661d55a38513d9b70df2ed8086a663526861efad9573d8bf6,retrieved_not_selected
USLCI,1.2025-06.0,13fa7cd1-3ccd-3b21-8b38-2ab4a7b95cd8,01.00.002,"Transport, single unit truck, electricity powered, Southwest",,UNIT_PROCESS,PHYSICAL_ALLOCATION,94755eaa-c6ec-32d3-b687-b94ed0a53e5f,1.0,t*km,1,7,5,0,1,5b5049a73483489633be8b86077e5f0d89d5c1fa78bdf33eb7143afba775d0a8,retrieved_not_selected
USLCI,1.2025-06.0,14b0912f-fb6d-321d-8f42-0ea35918689f,00.00.007,"Fertilizer, winter wheat straw, 2022",Northern America,UNIT_PROCESS,NO_ALLOCATION,718f9c20-b5b5-35d8-93cd-1310aeffa8e4,10000.0,m2,1,8,2,1,0,f9fa538eee33fa5bea881bfb3a30340acc0ee94591b597960573186986ac1d8e,retrieved_not_selected
USLCI,1.2025-06.0,152b86c1-c318-3027-baf7-863ea194b59f,01.00.001,"Transport, single unit truck, short-haul, gasoline powered, East North Central",,UNIT_PROCESS,PHYSICAL_ALLOCATION,524fd4ed-beef-3c60-a17b-fa0ba1842eeb,1.0,t*km,1,35,33,0,0,d0ce6e687363a215693964e9a295d9d1dc3a214e8a1c841ca84357f3ea24afa1,retrieved_not_selected
USLCI,1.2025-06.0,15893aef-a669-3f54-ab00-55f4ae6a842b,01.00.001,"Transport, light commercial truck, E85 powered, Northeast",,UNIT_PROCESS,PHYSICAL_ALLOCATION,0a954583-49bd-3d80-8200-847790caf5b2,1.0,t*km,1,35,33,0,0,3e9532b1829f3409af32b93485cb24ba1ce2d869247be54eda249aba98f97f4b,retrieved_not_selected
USLCI,1.2025-06.0,15ec2675-6091-37da-9849-6e2229ab9d85,00.01.013,Steel scrap recovery,United States of America (the),UNIT_PROCESS,,c61aa1e2-671c-3ee0-9e85-7f275714f037,1000.0,kg,1,6,1,0,1,72934fddc3c613872d0605567587f97875cdf2d0961dbad3f5723ec1788528a0,retrieved_not_selected
USLCI,1.2025-06.0,1639dd55-400f-334f-af48-f8236eaef45e,01.00.001,"Transport, single unit truck, gasoline powered, East North Central",,UNIT_PROCESS,PHYSICAL_ALLOCATION,30c89ffc-e08a-3d2b-8c96-33b2397b9bd8,1.0,t*km,1,35,33,0,0,5eddc64ee77d13922cafc7c49f0d5f5e237e114d9d24522196292fcdcd0224c4,retrieved_not_selected
USLCI,1.2025-06.0,1654c887-0b9c-3434-b9c1-371e3adb3dde,00.00.005,"Phosphorous fertilizer, production mix, at plant",Northern America,UNIT_PROCESS,NO_ALLOCATION,91feb044-e771-35a3-a81f-ac076c5f9b83,1.0,kg,1,19,14,0,1,fb82253ca102e98485ac35721430b288462942875800f339cf22f54b2af2b495,retrieved_not_selected
USLCI,1.2025-06.0,16c70e02-29b3-3bec-9b39-b09415d02281,01.00.001,"Transport, single unit truck, short-haul, diesel powered, Southwest",,UNIT_PROCESS,PHYSICAL_ALLOCATION,20567d69-c8ee-325c-a98c-43c35b8eb9f4,1.0,t*km,1,34,32,0,0,75328005997b616639be2714247e8d8734deff526ca7abe0b461439ed0987e5b,retrieved_not_selected
USLCI,1.2025-06.0,16d56c2f-7a14-33c1-863d-baecbc1b5170,00.00.003,"Transport, refuse truck, diesel powered",Northern America,UNIT_PROCESS,NO_ALLOCATION,c99244fc-abe3-3836-9d0c-ce0872f79975,1.0,t*km,1,24,17,0,0,a24080e96b335ad65d1e64127b9e8297b8714ad185b23b7130dee4a1da6dc86b,retrieved_not_selected
USLCI,1.2025-06.0,16f46b37-1817-4cd7-87c4-fecdc5a0e1c8,00.00.089,Cobalt sulfate; at plant ,China,UNIT_PROCESS,PHYSICAL_ALLOCATION,4d8fe29d-145c-4e00-ad8f-8b3d82a7d933,1.0,kg,1,16,1,0,0,312b10c372aa8d3d3d8d8bffc1b79c738e3094fb357b7976b98f4a4e13d154ae,retrieved_not_selected
USLCI,1.2025-06.0,1728bfb7-f37e-3c33-a360-e1aed7ad91cc,01.00.001,"Transport, combination truck, compressed natural gas powered, West",,UNIT_PROCESS,PHYSICAL_ALLOCATION,8a848faa-996b-39f4-a2ec-e9a1df693278,1.0,t*km,1,35,33,0,0,b8d717178ec1b2884ef0277cf51511509a8c52bc32b053e3024879fdee9e7208,retrieved_not_selected
USLCI,1.2025-06.0,17664c37-72c0-4813-a4b9-93f962962c63,00.01.017,Recycled postconsumer high-density polyethylene (HDPE) flake; at plant,Northern America,UNIT_PROCESS,NO_ALLOCATION,c670f34f-b874-4928-89c0-a64ff78d7053,1.0,kg,1,27,5,5,1,f5e7183a6585ddd92d8f744cffdafa3044496776b6ceb0c25de63539f8cd9161,retrieved_not_selected
USLCI,1.2025-06.0,1784b0f1-5494-3233-904f-8ed4315e029f,00.01.005,"Ductile Iron Pipe, 72"" inch diameter; at plant; per linear foot",United States of America (the),UNIT_PROCESS,,a463ae80-01cc-37b1-b578-d6b37570a900,1.0,ft,1,4,0,0,0,6b6355b95c943cfb9d286d20be5db66657c8e5246a44445a6842c6776bd6bf33,retrieved_not_selected
USLCI,1.2025-06.0,17873317-3d74-3ebb-809e-d080b87d5a09,01.00.001,"Transport, light commercial truck, E85 powered",United States of America (the),UNIT_PROCESS,PHYSICAL_ALLOCATION,0a954583-49bd-3d80-8200-847790caf5b2,1.0,t*km,1,35,33,0,0,7cc4ea5a06886fbd8e4f34c2b957790595363718ca30b27dbbc31a7e70d961cf,retrieved_not_selected
USLCI,1.2025-06.0,17aee2ac-7594-4d7b-a47e-b8e772b5fd6f,00.00.024,Galvanized steel nails; at plant,United States of America (the),UNIT_PROCESS,,d3904ae5-01cb-45d9-bff2-555f509e2677,1.0,kg,1,3,0,0,1,f07cb8475a58ce02d68f67b3ecec9d5641d9aeddf67772d4eaebfcf829961ef1,retrieved_not_selected
USLCI,1.2025-06.0,17b1790d-9a4f-329c-8feb-20aad7a41bb3,01.00.001,"Transport, single unit truck, short-haul, gasoline powered, Southwest",,UNIT_PROCESS,PHYSICAL_ALLOCATION,524fd4ed-beef-3c60-a17b-fa0ba1842eeb,1.0,t*km,1,35,33,0,0,20bfecdb4d10ef76a78f91f6da9fd570533e1ec34f65ed46c2aa4adac5730573,retrieved_not_selected
USLCI,1.2025-06.0,17d2f2a1-ef2f-3368-a501-fbd4979c3c3a,01.00.002,"Transport, light commercial truck, electricity powered, West North Central",,UNIT_PROCESS,PHYSICAL_ALLOCATION,0925e27b-37eb-38b6-8710-314211416cc2,1.0,t*km,1,10,8,0,1,16f623b7eb796805cf7eef0af75fbf9036957f0bb9bb1cd3fe0cd02507055937,retrieved_not_selected
USLCI,1.2025-06.0,185648c2-334e-419c-bf16-bb95e258f6bb,00.00.009,Recycled postconsumer polypropylene (PP) pellet; at plant,Northern America,UNIT_PROCESS,,8dd01d0e-7cc4-4fe1-a1af-fe78652dd4cf,1.0,kg,1,17,4,2,1,d030d27e4c62073a761978303b29a8194b9b62837578080ca8ca724e8687d703,retrieved_not_selected
USLCI,1.2025-06.0,18879d9d-a1bc-308f-b078-f66d5a738758,01.00.001,"Transport, single unit truck, diesel powered, West",,UNIT_PROCESS,PHYSICAL_ALLOCATION,bbcd8095-e1d5-3762-aa08-3efc8d1d2ec4,1.0,t*km,1,34,32,0,0,a639f8fe5cfd1b098a9f319ee9250a11b65acc8625eb715efa9d617cdd9e0dc6,retrieved_not_selected
USLCI,1.2025-06.0,18b8bc59-90da-35be-b01e-f2fefe29c995,00.01.006,"Ductile Iron Pipe, 54"" inch diameter; at plant; per linear foot",United States of America (the),UNIT_PROCESS,,5dd01225-d6ea-3f7d-89a7-0e169537ab83,1.0,ft,1,4,0,0,0,c0d965726b1f602e69e23392bc327c98eedb9ee43f0209d81898e37d31a70d5d,retrieved_not_selected
USLCI,1.2025-06.0,18c37a18-0ddd-3944-b9b1-458410215233,00.00.010,"Thermoforming, rigid polypropylene part, at plant",Northern America,UNIT_PROCESS,NO_ALLOCATION,894d8eff-5aa2-36a0-af0e-e0cadff322f9,1.0,kg,1,16,2,1,1,2cf8a2415011abaa3c39c7f30ef5ac07f3263c93ec32e72bcbeae69f55ca7469,retrieved_not_selected
USLCI,1.2025-06.0,18cca684-0f1f-490c-bc61-78eb6f2b3aeb,00.01.022,Lithium hydroxide monohydrate; production from pre-treated lithium brine; at plant; 100% purity,Canada,UNIT_PROCESS,,988eeef3-5ce6-4acb-878c-4d60dfcea53f,1.0,kg,1,8,1,2,1,35369a87fcdc8b5f5227310dbc3ff5fb523ad21032466dfc3b695bfb4440e776,retrieved_not_selected
USLCI,1.2025-06.0,18ecd091-9cf4-3a59-a169-d0a4cb646a96,00.00.008,"Bark, softwood, average, at forest road, INW",United States of America (the),UNIT_PROCESS,NO_ALLOCATION,a9354422-7e84-3f28-b64f-c038c3b0052b,1.0,kg,1,4,0,0,0,db648b8a6d4ef996ec6c3b2d7e4c7e0d5896902c00275d551ad9879a5e0c06b1,retrieved_not_selected
USLCI,1.2025-06.0,1975f735-687a-39ea-96e7-e890e5a5bb51,00.00.008,"Ethanol, denatured, mixed feedstocks, at conversion facility, 2022",Northern America,UNIT_PROCESS,NO_ALLOCATION,12710c09-7d00-3d32-b909-43b096657c03,1.0,kg,1,6,0,0,0,0a202e2f899158e811fbf390db4448e99f8f63dd9e00ab807558e4c47648352c,retrieved_not_selected
USLCI,1.2025-06.0,19b638bc-033c-3812-a020-18eb2ff8e8eb,00.00.014,"Pyrolysis gasoline, at plant",Northern America,UNIT_PROCESS,NO_ALLOCATION,f3d6e4c6-0323-3d9f-a843-b741d2a9b982,1.0,kg,1,44,25,0,1,10c34a84c051e79523d244ace3ab776be6ae8ef52d0e021117afd5db5507db15,retrieved_not_selected
USLCI,1.2025-06.0,19cb866e-1cfc-3007-b64e-5c5c75492cff,00.00.004,"Transport, school bus, diesel powered, South",Northern America,UNIT_PROCESS,NO_ALLOCATION,e039be4c-037a-36c4-822a-e55803432f61,1.0,p*km,1,24,17,0,0,0e4cbb4e26a3be9809edcd06a6f41c0c4eb43e06eb55ccb66bb8d30f6c50b069,retrieved_not_selected
USLCI,1.2025-06.0,1a7aee1b-bc8e-3521-8864-b9efadc3a871,00.00.004,"Transport, school bus, diesel powered, West North Central",Northern America,UNIT_PROCESS,NO_ALLOCATION,e039be4c-037a-36c4-822a-e55803432f61,1.0,p*km,1,24,17,0,0,af490b71b46790a2000fbee8b1d8024521238b3efdac7f78c3e4bd585f2338a0,retrieved_not_selected
USLCI,1.2025-06.0,1b0f75b8-e749-3eb2-8727-de6a22f60646,00.01.004,"Lignite coal, combusted in industrial boiler",Northern America,UNIT_PROCESS,NO_ALLOCATION,eb6394c1-0d19-3be3-99ab-ec572dec9926,1.0,kg,1,86,80,0,0,c3a87f55a78139ac1c9ee606d8e721d8dae2e2a7ceca8dd94c78e3f0bccdfc2b,retrieved_not_selected
USLCI,1.2025-06.0,1b3e0fa2-3e38-3474-a5d6-6dd3e3452395,00.01.013,Concrete pipe production; at plant,United States of America (the),UNIT_PROCESS,,ca384d88-ed32-374b-bc19-cf12d609a88d,1000.0,lb av,1,15,1,0,1,8b9760bdfd529307dcd8dd088460cb359c0ebcdd3707aa63525775764c58fc90,retrieved_not_selected
USLCI,1.2025-06.0,1b506801-d9d6-37a7-b5d2-7d6414373f3c,00.00.003,"Transport, motor home, gasoline powered",Northern America,UNIT_PROCESS,NO_ALLOCATION,99677578-be6e-3b54-ba97-3afe1cc82ea4,1.0,p*km,1,24,17,0,0,951abe94d8fc4edf9b676ae6395f53758ee2dc85644cb5cb9ef2b06313bbd8fc,retrieved_not_selected
USLCI,1.2025-06.0,1b6a6391-2477-3898-8b92-e6621739797a,01.00.001,"Transport, single unit truck, long-haul, diesel powered, East North Central",,UNIT_PROCESS,PHYSICAL_ALLOCATION,1c639821-1428-35ac-aaa4-277aacdc7420,1.0,t*km,1,34,32,0,0,6a223eebf89f046c6058dc40f29e3fb2800883d4aaf93bf2300daba53f958ca6,retrieved_not_selected
USLCI,1.2025-06.0,1b6afe73-a064-33a3-87b0-265ae10851e9,00.00.008,"Sulfuric acid, at plant",Northern America,UNIT_PROCESS,NO_ALLOCATION,f867896e-830f-31f9-975d-465b212262ef,1.0,kg,1,17,6,0,1,9db32dde7cb81b8c1887028c939f4b76f6514d1836533130563f8493c3bb6a85,retrieved_not_selected
USLCI,1.2025-06.0,1b8709a5-5df4-4c52-85e4-dd6e7ed8deba,00.01.010,"Steel; sections, at plant",Northern America,LCI_RESULT,ECONOMIC_ALLOCATION,24e6bc97-3d11-4a73-8598-8965c7dd9927,1.0,kg,1,734,684,39,0,4a43dbc60f5411b41d52bfd83af334e07520dbe62bd1250dea34be0241ff3320,retrieved_not_selected
USLCI,1.2025-06.0,1b8aeea1-53ae-3834-8162-4dd62dd2eefc,01.00.001,"Transport, single unit truck, short-haul, gasoline powered, West North Central",,UNIT_PROCESS,PHYSICAL_ALLOCATION,524fd4ed-beef-3c60-a17b-fa0ba1842eeb,1.0,t*km,1,35,33,0,0,0a23585997ba939a403d373e39d930319fb3a3bd2ff59380f4cb08114e8ded09,retrieved_not_selected
USLCI,1.2025-06.0,1bf86847-c8d5-49d6-b223-ac39940a53f9,00.00.008,Sodium bicarbonate; solvay process; at plant - PROXY,United States of America (the),UNIT_PROCESS,PHYSICAL_ALLOCATION,2dd9826c-1241-46df-ba80-f6be1ae01c8b,1.0,kg,1,6,1,3,0,68de43ac4a2fc53f52d7806bcf28035fa2c5148ec59d76f8c839a055152ae3e8,retrieved_not_selected
USLCI,1.2025-06.0,1caf4b9c-687b-4dce-8df0-cc3961887d09,00.00.013,"Effluent release; from 4-stage bardenpho membrane bioreactor, Level 4-2 wastewater treatment plant",United States of America (the),UNIT_PROCESS,PHYSICAL_ALLOCATION,9dd59901-87f4-4ed2-99df-354715687a60,1.0,m3,1,66,65,0,0,8a03af312bf7c60ebbc6baa67f5c9206eca84ee5e08775239b041168b2a47a8f,retrieved_not_selected
USLCI,1.2025-06.0,1cb962d8-c4ea-39cf-be3f-9062109feb1d,01.00.001,"Transport, single unit truck, short-haul, diesel powered, Central",,UNIT_PROCESS,PHYSICAL_ALLOCATION,20567d69-c8ee-325c-a98c-43c35b8eb9f4,1.0,t*km,1,34,32,0,0,48d235fb352285d9265058f62465d95ed22c4457a4d020dad9c6449209327ca8,retrieved_not_selected
USLCI,1.2025-06.0,1cbbcd09-ea17-3d9b-bc34-2cf42efe26ba,00.00.010,"Corn, production, average, US, 2022",Northern America,UNIT_PROCESS,NO_ALLOCATION,5c3261bf-f870-3ba9-91e0-402b95a94a51,11000.0,kg,1,15,3,5,0,c28b7f81461ead2dcda8b6547f4d371af82404e1f1022dbe8ccb988ec7c6cd82,retrieved_not_selected
USLCI,1.2025-06.0,1d7ac207-310f-3366-8f9c-e951b61d31ce,00.01.004,"Polyol ether, for rigid foam polyurethane production, at plant",Northern America,LCI_RESULT,PHYSICAL_ALLOCATION,e788cf0b-9dbd-341c-9ab2-5a80db504bc0,1.0,kg,1,1948,1930,0,0,fa520333ef7969bec75c83e148a0f699fe03127314caab5d2cd52f93e681f7b8,retrieved_not_selected
USLCI,1.2025-06.0,1dbafde2-2bc3-405c-9726-4d92fe7d29f9,00.01.003,"Polyethylene, linear low-density, LLDPE, virgin resin, at plant",Northern America,UNIT_PROCESS,NO_ALLOCATION,1ca3b8d5-a002-41c1-bdce-8db63ea6291e,1.0,kg,1,81,62,2,1,0b6523f198c179558c8b51584b4732f4a561d71d8806f39f2f536d3d94fb3105,retrieved_not_selected
USLCI,1.2025-06.0,1e2429d8-8d91-328f-85c3-18d39bdebfa7,00.00.007,"Transport, ocean freighter, average fuel mix",Global,UNIT_PROCESS,NO_ALLOCATION,0e63d1db-e383-3c9a-b02a-b5eebafe87d1,1.0,t*km,1,3,0,0,0,f79c529307ab42a5451188a39429231458ba84cfbcaa7be2509e630dfe8fcb50,retrieved_not_selected
USLCI,1.2025-06.0,1e4fd434-9cd2-402a-8ebf-43891d0dd591,00.01.001,"Steam, purchased by containerboard mills",Northern America,UNIT_PROCESS,NO_ALLOCATION,caca451d-e5df-4bf4-91f8-2c4be75af6dc,1.0,MJ,1,6,0,0,0,fda57edfff17d2794bbda735a67c4441c0f9de6e61350eb7abf6755b70c7e35b,retrieved_not_selected
USLCI,1.2025-06.0,1eee817f-45fe-3144-90d5-ddd7d0ae7939,01.00.001,"Transport, combination truck, short-haul, compressed natural gas powered, Alaska",,UNIT_PROCESS,PHYSICAL_ALLOCATION,419e9d46-92be-37cf-a9a2-765076ebf9ad,1.0,t*km,1,35,33,0,0,2d1abb25361b25f59f1abff8e3c6a8d7b51a7b1d36ed231cfbb1974dd2dc03e1,retrieved_not_selected
USLCI,1.2025-06.0,1fc01f75-1abe-356c-81d1-3a8758c150e0,01.00.001,"Transport, single unit truck, short-haul, compressed natural gas powered, West North Central",,UNIT_PROCESS,PHYSICAL_ALLOCATION,1a34089c-3f9a-3afb-9ca6-93a4c7d6424e,1.0,t*km,1,35,33,0,0,daaab0fa419de4c755a869bbe7535de1979744812b46b815a5a41cbfa04b0f9a,retrieved_not_selected
USLCI,1.2025-06.0,1fe9b61c-f684-3584-a5e9-98677caee0f3,00.00.015,"Soy biodiesel, production, at plant",Northern America,UNIT_PROCESS,PHYSICAL_ALLOCATION,8bb065f1-654b-3f5c-b9cf-2d66d92e8c19,3.36,kg,1,14,2,2,1,f1a39cb7bc3eb72ae0a9fba8c9d25215f784043cad2c376919006677f23ee7ca,retrieved_not_selected
USLCI,1.2025-06.0,1ff386a3-2d0c-3a73-97b1-cf3c6fa10d2c,01.00.001,"Transport, single unit truck, long-haul, diesel powered, Northeast",,UNIT_PROCESS,PHYSICAL_ALLOCATION,1c639821-1428-35ac-aaa4-277aacdc7420,1.0,t*km,1,34,32,0,0,b9acde0dcee80f2e470910afdd68e5a973b7f3ff94c43cd24c2140500568a464,retrieved_not_selected
USLCI,1.2025-06.0,2013d3cd-dd12-316f-aac9-4983529b083c,00.01.004,"Concrete Pipe, 36"" inch diameter; at plant; per linear foot",United States of America (the),UNIT_PROCESS,,54f0ebc7-6b9a-3627-ad73-a798371d7ebd,1.0,ft,1,2,0,0,0,cf96ec530b8ae04ccd5311ea9d3c1e4029b68a90e23a12c321120845cdc25226,retrieved_not_selected
USLCI,1.2025-06.0,2036751b-b50e-3bbd-8106-6744c4149453,01.00.001,"Transport, single unit truck, long-haul, diesel powered, Southwest",,UNIT_PROCESS,PHYSICAL_ALLOCATION,1c639821-1428-35ac-aaa4-277aacdc7420,1.0,t*km,1,34,32,0,0,a42f4a7560c70e2e1474c2d67a15aefb482113b06a9309afd121a4b6e428c4ae,retrieved_not_selected
USLCI,1.2025-06.0,208689c1-63e5-31da-ada3-655d737f6d15,01.00.002,"Transport, light commercial truck, electricity powered, Central",,UNIT_PROCESS,PHYSICAL_ALLOCATION,0925e27b-37eb-38b6-8710-314211416cc2,1.0,t*km,1,10,8,0,1,fc0cf070eb474136f92da85dd83dd2e4c95929f49ecc98d8bfeac78c79ea3bd7,retrieved_not_selected
USLCI,1.2025-06.0,2087543e-37d4-3a37-b351-e134cbe3e538,00.00.003,"Transport, intercity bus, diesel powered",Northern America,UNIT_PROCESS,NO_ALLOCATION,b235b36a-7ade-3301-acd9-e9a91a8138e8,1.0,p*km,1,24,17,0,0,b30053ec80fb285a6910371a80ca827efe40c6ec5e4b618e4ff62b747f538d7e,retrieved_not_selected
USLCI,1.2025-06.0,20b49008-b007-3407-95b0-92b796e5e2c0,00.00.007,"Pulpwood, softwood, national forest, average, at forest road, INW",United States of America (the),UNIT_PROCESS,NO_ALLOCATION,bb9e4792-1974-331c-b2d3-0812ccbc67dd,1.0,m3,1,3,0,2,0,fe1d54641cf7be80f79a894b9774bdd98a13d44a18478aa14e56efedaea48abf,retrieved_not_selected
USLCI,1.2025-06.0,21aeedbf-933a-3570-8b9e-a44dc6fa6637,00.01.010,"Aluminum, primary, ingot, at plant, 1998",Northern America,UNIT_PROCESS,NO_ALLOCATION,a0fb699f-0085-3ad2-99bf-e4ea891e61ba,1.0,kg,1,39,30,0,0,fced3f5d59d149e1d21aef4398e98e791fdf9b099f7b63dab284f59b3b9d20a2,retrieved_not_selected
USLCI,1.2025-06.0,21b79c73-80a4-4cb6-8f8c-d746c9269649,00.00.027,Galvanized steel staples; at plant,United States of America (the),UNIT_PROCESS,,692bdff7-996c-43bd-8182-4528f0e69672,1.0,kg,1,3,0,0,1,1610b491d1e517849aa4041d47fee26e8b0b2a675a0536f484c42bc295ecd5f0,retrieved_not_selected
USLCI,1.2025-06.0,21c927a3-8144-3c8f-aff0-c3821ca21298,01.00.002,"Transport, combination truck, long-haul, electricity powered, West",,UNIT_PROCESS,PHYSICAL_ALLOCATION,0e5e3079-33df-31fd-ad79-8b8feff08fb6,1.0,t*km,1,7,5,0,1,4e2678e00bd660afe2708be8442ba7de64457d0441a595ef2989aacd6022cd44,retrieved_not_selected
USLCI,1.2025-06.0,21ca86bd-890c-3ede-a79c-09e42f9b9ca2,00.00.009,"Secondary bonding application, rigid composites part, at plant",United States of America (the),UNIT_PROCESS,NO_ALLOCATION,8bad5285-6bca-380a-89e1-adf554d134f0,1.0,kg,1,8,1,1,1,fc97a48ffe911d33f17017cb21143db2670febe677dd533058921df0d17d0ed6,retrieved_not_selected
USLCI,1.2025-06.0,21ed2ebb-54bf-324d-9865-af8265d2d49c,00.00.009,"Palm kernel oil, processed, at plant",Northern America,UNIT_PROCESS,NO_ALLOCATION,00de148e-2b26-385c-8ddb-7adb76d6bf61,1.0,kg,1,15,7,0,1,12dabf5618e0bf4e36697eba82b3bf80b87f40aabcae4b010c6b43c03407375f,retrieved_not_selected
USLCI,1.2025-06.0,2250f2f2-7faa-3307-9534-ca78b371b4dd,00.01.005,"Steel, cold-formed studs and track, at plant",Northern America,UNIT_PROCESS,ECONOMIC_ALLOCATION,88f1219a-d464-3e29-b43d-7a4d6ca4db8d,1.0,kg,1,12,1,4,1,7df9199c70d837054885d04dcc6af55778bbed9ba84b726d59a751b19116ba70,retrieved_not_selected
USLCI,1.2025-06.0,226ed3c2-e020-4c95-b1fc-4559fc2d18ac,00.01.003,"Corrugated product, average production, at mill",United States of America (the),UNIT_PROCESS,NO_ALLOCATION,f806b9df-b77c-3369-a00f-feda82b0778c,1.0,kg,1,36,24,3,0,f970b6fc9d7a9305492bc878c3a773d4e59e14e9b49990d9ddae491e7e4b19b3,retrieved_not_selected
USLCI,1.2025-06.0,22d74d98-9339-36a9-b5af-5d91a54f9b00,01.00.001,"Transport, single unit truck, gasoline powered, Southwest",,UNIT_PROCESS,PHYSICAL_ALLOCATION,30c89ffc-e08a-3d2b-8c96-33b2397b9bd8,1.0,t*km,1,35,33,0,0,752da20d9d14ef5ebba54c1cca49192bfd0b417039436ba5ab345248f9f94e3b,retrieved_not_selected
USLCI,1.2025-06.0,22dfa934-0329-347b-be34-e638548f4ae0,00.00.003,"Transport, motorcycle, gasoline powered",Northern America,UNIT_PROCESS,NO_ALLOCATION,76c01a96-e065-32ea-be20-43e005fd4086,1.0,p*km,1,24,17,0,0,beb98e5423f198b756f53a8ca8470d62b29e3c7c0aafb4fe2b607b2ea76ac36c,retrieved_not_selected
USLCI,1.2025-06.0,22ebc7fb-f03f-37dc-be57-b73d2c577414,00.01.009,Recycled postconsumer polyethylene teraphthalate (PET) pellet; at plant,Northern America,UNIT_PROCESS,NO_ALLOCATION,0cce541b-c427-3bc0-bc0b-349945225c9c,1.0,kg,1,7,0,1,1,fb29f738935b588febb3191751e591e0b94b12b25433c3d1ef7cf21dee517784,retrieved_not_selected
USLCI,1.2025-06.0,230e8d51-1f4d-3459-be47-429b0b828add,00.00.010,"Zinc, Special High Grade",Global,UNIT_PROCESS,NO_ALLOCATION,23942f4b-21e8-374d-83be-1c799aea1cd4,1000.0,kg,1,496,486,6,0,687cc6126a23ee61d93fd3a52d4d77c2cfb54bd93fa026764b132c8193a02480,retrieved_not_selected
USLCI,1.2025-06.0,236e954e-0405-3aee-be13-c6ad01322a06,01.00.001,"Transport, single unit truck, short-haul, compressed natural gas powered, Alaska",,UNIT_PROCESS,PHYSICAL_ALLOCATION,1a34089c-3f9a-3afb-9ca6-93a4c7d6424e,1.0,t*km,1,35,33,0,0,0410c43344a0586e142873f9767c2d8b365d7bbd8b96e001190503c439d36128,retrieved_not_selected
USLCI,1.2025-06.0,238589f8-deaf-3218-84e9-703a9bd7f3e1,00.00.007,"Fertilizer, stover, 2022",Northern America,UNIT_PROCESS,NO_ALLOCATION,7047feb8-1c54-3bef-b0ed-e48b2d052bac,10000.0,m2,1,12,2,1,0,38a97475db258f867dcd5a4ccb3f6de61b78ea1cbe4fe926f4ea5104f45a9dd3,retrieved_not_selected
USLCI,1.2025-06.0,23ab6ebb-19de-475e-8480-79305ccf9f4a,00.00.020,Sludge hauling and landfill; wastewater treatment unit; Level 2-1,United States of America (the),UNIT_PROCESS,PHYSICAL_ALLOCATION,6905db5d-45f6-49e6-9a83-51b1b26419f9,1.0,m3,1,57,51,0,1,de00b61b74370b09a6f6a3d1216cb2864ff9434b6b8827a5a6b32e13c4e48e9e,retrieved_not_selected
USLCI,1.2025-06.0,23baebba-06e9-4bb0-9f98-ec855db2e600,00.00.006,"Gravel, unspecified Bridge; USLCI to USEEIO",,UNIT_PROCESS,,45b3e55b-7892-341a-a0cc-6b6bb421c08c,1.0,kg,1,2,0,1,0,a1d64ea4a843344dca43ab1a83072eeb211ffad5510938470d6edef9ffad7fac,retrieved_not_selected
USLCI,1.2025-06.0,245a3bf4-deee-3f04-9a1c-2e3f64a1da1d,00.00.004,"Transport, school bus, diesel powered, Central",Northern America,UNIT_PROCESS,NO_ALLOCATION,e039be4c-037a-36c4-822a-e55803432f61,1.0,p*km,1,24,17,0,0,1dba507986dc7e1b63f3b1cc8c3673964ef7604e0fc510ec22c02980da634296,retrieved_not_selected
USLCI,1.2025-06.0,2468b04f-b9b1-364d-bfbf-8ba12178096e,00.00.035,"Sawn lumber, hardwood, rough, green, at sawmill, NE-NC",United States of America (the),UNIT_PROCESS,PHYSICAL_ALLOCATION,6170b901-641c-3088-a8c0-799f9e5f766f,1.0,kg,1,17,1,1,1,02a2632a09fa7bde9fe9300b35bfe55b8f197612b6c63af00698c699640df016,retrieved_not_selected
USLCI,1.2025-06.0,247aa74a-8368-37b1-a090-96a1428ef30f,00.01.003,"Calcium carbonate, ground, screened grade, at plant",United States of America (the),UNIT_PROCESS,NO_ALLOCATION,b6ea9f73-bb17-3a63-bafd-085daede5007,1000.0,kg,1,25,4,4,1,cc4764065907e15ec0ee85d5348e1762be6db466adaf563707c52107f51d9643,retrieved_not_selected
USLCI,1.2025-06.0,24ccf5c5-25f5-35da-bead-5edf4e14cdc1,00.00.008,"Fertilizer, corn, 2022",Northern America,UNIT_PROCESS,NO_ALLOCATION,0bd049bd-ec69-31ed-80ef-257682ec0253,10000.0,m2,1,11,2,3,0,c9d32a7c6d6c55bb97564cafd9037fff47d4b9988829d837a8d2602203e89468,retrieved_not_selected
USLCI,1.2025-06.0,25b4ad17-ccd9-36ff-8ed5-4ad7b4814ae3,00.00.011,"Switchgrass, ground and stored, 2022",Northern America,UNIT_PROCESS,NO_ALLOCATION,db2c1447-2d40-3fa4-83b2-fe2753bbbf6a,1000.0,kg,1,11,1,5,1,24c3872a1cf447f9c6be4de6f9f14669ec3b253d5b4af7ebe598c5e0b6cd35cf,retrieved_not_selected
USLCI,1.2025-06.0,25dc85c1-c37b-390a-9886-06e5cdc1d732,00.01.013,Drinking water treatment; Sand filtration infrastructure; at plant,United States of America (the),UNIT_PROCESS,,963c96e9-caa6-3af2-9b16-880bb0317e3e,1.0,m3,1,7,0,0,0,7619903ab85334cbf690905b2203071dae5067dc8c83e015e83aae25025ce274,retrieved_not_selected
USLCI,1.2025-06.0,26465530-69ff-3c68-834f-c67ccb6ee1b2,00.01.004,"Bituminous coal, combusted in industrial boiler",Northern America,UNIT_PROCESS,NO_ALLOCATION,73cd1596-214d-3403-87f1-f69fc3818886,1.0,kg,1,90,82,1,0,660fd4f0c6c22999d83b70cfa85d41e5fb2798addacccfd90cbefd8b7529fb3e,retrieved_not_selected
USLCI,1.2025-06.0,270aeae0-14c8-35fa-9d15-0f0c42fb47ca,00.02.002,"Marine piling, softwood, CCA treated, SE",United States of America (the),UNIT_PROCESS,NO_ALLOCATION,eaba51fc-8a92-371f-96ef-6cfeae2a3212,1.0,m3,1,41,15,4,2,67622b91cfe92d92e5d5a137e8ddf6c0449489f8a1bf59a3b9f0d78692a67faf,retrieved_not_selected
USLCI,1.2025-06.0,2711233c-17bb-37cd-b330-58118351e726,01.00.002,"Transport, combination truck, long-haul, electricity powered, Southeast",,UNIT_PROCESS,PHYSICAL_ALLOCATION,0e5e3079-33df-31fd-ad79-8b8feff08fb6,1.0,t*km,1,7,5,0,1,0e583667323f05cc457add323b785c5cb68a6fe9371d5841053f9ee0008a23da,retrieved_not_selected
USLCI,1.2025-06.0,2712f03a-80fe-4a2b-9005-ca9ba99f7eb3,00.01.003,"Polyethylene, high density, HDPE, virgin resin, at plant",Northern America,UNIT_PROCESS,NO_ALLOCATION,0def374e-dc34-4f2a-81d6-1a8f4eb7faa6,1.0,kg,1,84,60,5,1,301429ac2265d35b84a9b44306ad9a1db0d5132877e1ed69efe5fb48b3a69078,retrieved_not_selected
USLCI,1.2025-06.0,27383477-f8ed-487f-9ad2-416d2e9e7357,00.00.019,Sludge hauling and landfill; wastewater treatment unit; Level 3-2,United States of America (the),UNIT_PROCESS,PHYSICAL_ALLOCATION,6905db5d-45f6-49e6-9a83-51b1b26419f9,1.0,m3,1,57,51,0,1,cf48c83c099c6a001bdf3c144bc1232f3e8ceafa8c622f763aa4a8ca7a35ed1c,retrieved_not_selected
USLCI,1.2025-06.0,2753c5de-221b-369a-84de-689d354b8b2d,00.00.005,"Forest residue, preprocessed, at conversion facility",Northern America,UNIT_PROCESS,NO_ALLOCATION,658f8e12-f566-3e01-930c-e95cf9fa2c2b,1000.0,kg,1,3,0,0,0,2e15428be2ec0027d40a957a894a1c5ee54c10576869897c779e6c26c7602959,retrieved_not_selected
USLCI,1.2025-06.0,277ef057-4ad9-3780-a1c0-6d78321131f6,00.00.012,"Veneer, hardwood, dry, at veneer mill, E",United States of America (the),UNIT_PROCESS,PHYSICAL_ALLOCATION,a8c7720c-363e-37c8-a986-6441c1c12771,1.0,kg,1,19,9,0,2,97543906969df385f9d3eb790182201c673e48add2c12883312aca7f0123a63c,retrieved_not_selected
USLCI,1.2025-06.0,27e8fce4-a5c1-37af-84b9-763582a5ca3e,00.01.005,"Anthracite coal, combusted in industrial boiler",Northern America,UNIT_PROCESS,NO_ALLOCATION,46495019-6f20-3587-8624-0399a6c016c9,1.0,kg,1,33,27,0,0,4069e8434b11a1d592102ae0ba28976f557cafd6dbd28979744c5adaea0e0635,retrieved_not_selected
USLCI,1.2025-06.0,2813d2f3-6813-34d8-b47b-b464f390bcaf,00.00.004,"Pesticide, corn, 2022",Northern America,UNIT_PROCESS,NO_ALLOCATION,e49582c6-c84a-3a22-a0b1-50afa207ace3,10000.0,m2,1,22,11,9,0,19dc0d76a2e80be5e06356fdf3c4bc1381f9d0cfcb48f5c66a7b88881c5da31d,retrieved_not_selected
USLCI,1.2025-06.0,285cfc08-fc23-3bfc-b304-1bb4a60d2f8a,00.01.005,"Paper, mechanical, uncoated, average production, at mill",Northern America,UNIT_PROCESS,ECONOMIC_ALLOCATION,3515e633-ae0d-3417-a0ed-496c045476fd,861.83,kg,1,95,42,16,1,02866a43f3a5184739928246c70b04e7784a901a651bd9b980efc20754774491,retrieved_not_selected
USLCI,1.2025-06.0,28d7d56e-a751-492c-9bb1-08f19ea4ac37,00.01.001,"Asphalt binder, 0.5% polyphosphoric acid (PPA), consumption mix, at terminal, from crude oil, 0.5% polyphosphoric acid",Northern America,LCI_RESULT,ECONOMIC_ALLOCATION,ada21fb4-fd3a-4557-9085-9f1495ae8a0c,1.0,kg,1,1254,1065,178,0,ff2f93f70cff7baf9c5f96613de1b212e8271304061f1ae6f74ed8cb7bae0284,retrieved_not_selected
USLCI,1.2025-06.0,2901993d-1852-3184-897e-5a30203714e8,01.00.001,"Transport, light commercial truck, gasoline powered, East North Central",,UNIT_PROCESS,PHYSICAL_ALLOCATION,0614f894-cf10-307e-bd58-ac507face752,1.0,t*km,1,35,33,0,0,c251318974334a58f627d265977f1552341d93cb63bc255424e3e66e495dd532,retrieved_not_selected
USLCI,1.2025-06.0,29594898-bdc7-4b27-a1ac-71f58c7167a1,00.00.021,Sludge hauling and landfill; wastewater treatment unit; Level 2-2,United States of America (the),UNIT_PROCESS,PHYSICAL_ALLOCATION,6905db5d-45f6-49e6-9a83-51b1b26419f9,1.0,m3,1,57,51,0,1,786f176d02ab3c124e1082f941e78832584ae3ceda16fb7cb730bfa28093f7b7,retrieved_not_selected
USLCI,1.2025-06.0,2962a2fb-4a99-3f77-b999-629bef8eb124,01.00.001,"Transport, single unit truck, short-haul, diesel powered, Northeast",,UNIT_PROCESS,PHYSICAL_ALLOCATION,20567d69-c8ee-325c-a98c-43c35b8eb9f4,1.0,t*km,1,34,32,0,0,409a60c1a4e3f5b5434bdbcbbb6b2942892cee272e9b67276dc17f5b439778ad,retrieved_not_selected
USLCI,1.2025-06.0,299736d6-0d55-3842-b25e-aaeff1f1be28,01.00.001,"Transport, light commercial truck, E85 powered, Northwest",,UNIT_PROCESS,PHYSICAL_ALLOCATION,0a954583-49bd-3d80-8200-847790caf5b2,1.0,t*km,1,35,33,0,0,f6656574bd589bebdc5d208c79f9db05ba1b24e7ce8f60a7f343822f7a91e215,retrieved_not_selected
USLCI,1.2025-06.0,29a4c9a9-eca6-403c-9a88-4e12b6c33933,01.00.013,Styrene-butadiene-styrene (SBS) block copolymer; average consumption mix; at plant,Northern America,UNIT_PROCESS,PHYSICAL_ALLOCATION,fae9659e-517b-3574-b54e-e2a7c0df56b1,1.0,kg,1,38,11,8,1,7c3d34a0ce8b3f48500d2e2b2ad6a01af200770fb6950d08ec2210330b29bca8,retrieved_not_selected
USLCI,1.2025-06.0,29d771d7-71ec-3a22-bbd0-8709d5a328e2,00.00.010,"Natural gas, combusted in industrial boiler, at hydrocracker, for ethylene",Northern America,UNIT_PROCESS,NO_ALLOCATION,f179160d-d402-3e37-8d65-93d09f309b99,1.0,m3,1,27,22,0,0,dedab542d3df05aba1013fc30f8c6361bb84054ffe0f45585e3a6b36cac355e0,retrieved_not_selected
USLCI,1.2025-06.0,2a06be6e-8317-32e0-b5da-0b7b94dc3b15,00.00.007,"Chainsawing, hand felling and delimbing, INW",United States of America (the),UNIT_PROCESS,NO_ALLOCATION,44e56fb0-729f-3dc5-bfef-0396c1662ba0,1.0,h,1,3,0,0,0,a637b178874c280562f39d788dc0c048a873c79316834f14d9f9fdd875994e9f,retrieved_not_selected
USLCI,1.2025-06.0,2a78de43-fdf2-4c5f-b527-89db6568ace8,00.01.004,"Ethylene glycol, materials production, organic compound, at plant, kg",Northern America,UNIT_PROCESS,NO_ALLOCATION,a5c7d642-4e3a-40af-a919-a2f7601340b0,1.0,kg,1,41,27,1,1,78026683a2b35570999f15b2a4ce15b654b6efcbb7f887f01c8dd855cc1413a8,retrieved_not_selected
USLCI,1.2025-06.0,2afa4806-2633-3beb-8842-13326d66ed0a,01.00.001,"Transport, single unit truck, long-haul, diesel powered, West North Central",,UNIT_PROCESS,PHYSICAL_ALLOCATION,1c639821-1428-35ac-aaa4-277aacdc7420,1.0,t*km,1,34,32,0,0,b8bf5a7684b3ccf66094a53e6ab0660d493de46a2871bc3c651410e366d5de06,retrieved_not_selected
USLCI,1.2025-06.0,2b091e0d-d0de-31a1-89db-3f51a9c5cf12,00.00.004,"Electricity, nuclear, at power plant",Northern America,UNIT_PROCESS,NO_ALLOCATION,9e321869-bd1f-3c93-8528-8f198de2fa2b,1.0,kWh,1,2,0,0,0,ad90f131bd907a88cae761b5bcfac26b597616881676985ae64696b5eec461eb,retrieved_not_selected
USLCI,1.2025-06.0,2b196386-eb1a-352a-aeda-4d003144f6df,00.01.003,"Aluminum, cold rolling, at plant",Northern America,UNIT_PROCESS,NO_ALLOCATION,e929f473-7780-3eca-94e4-a2d0f7d4b8b0,1000.0,kg,1,602,585,5,0,b6e5937198705f2b0769592da2921f0e7c1942a15defe8dedae07494301087cb,retrieved_not_selected
USLCI,1.2025-06.0,2b2f738d-2044-462f-ba56-5112ee683cb6,00.01.006,"Polyethylene terephthalate, PET, virgin resin, at plant",United States of America (the),UNIT_PROCESS,NO_ALLOCATION,e7bbbd06-5887-45b0-a3c2-c9d06d571351,1.0,kg,1,59,40,0,1,dbe0dde457827e97cf47d0b737d9f3b4d5c85fad002ec142106a45d694b34b1d,retrieved_not_selected
USLCI,1.2025-06.0,2b3fcaef-9b14-3a05-9208-ef23cf7ebdea,01.00.001,"Transport, combination truck, long-haul, diesel powered, Northeast",,UNIT_PROCESS,PHYSICAL_ALLOCATION,13ed0c67-549c-3a01-afee-7083b12dd949,1.0,t*km,1,34,32,0,0,9e67dd8583087baa68cc25162865f1d1567ef6b73c6ed29f9adb102104b34923,retrieved_not_selected
USLCI,1.2025-06.0,2c6df723-416e-3164-a5f1-bb97081fc64f,00.01.005,"Wood fuel, hardwood,gen at flooring prod plant, combusted in industrial boiler, E",Northern America,UNIT_PROCESS,NO_ALLOCATION,c32b394d-ee04-332c-a310-7b3f17bbb95d,1.0,kg,1,35,32,0,0,4b2250a69e075556e183749c1a67ee4c1b94f66f100106d65e8871e47f48cb11,retrieved_not_selected
USLCI,1.2025-06.0,2c79b9d3-e5f9-34a8-990e-b7d6f9e4dd08,00.00.009,"Slack wax, at plant, US SE",United States of America (the),UNIT_PROCESS,NO_ALLOCATION,3dd4ac49-3a6e-3886-a04c-b5b95d41b4de,1.0,kg,1,16,9,0,1,6b96580ec2758f3b1a3beed72a46378c21882b18db23996a48aa2cc18283b4d3,retrieved_not_selected
USLCI,1.2025-06.0,2d43bb55-3817-37dc-a7b4-20c3304f07af,00.02.006,"Wood fuel, hardwood, purchased, combusted in industrial boiler, E",United States of America (the),UNIT_PROCESS,NO_ALLOCATION,ccf86743-6a0f-39d5-949e-6b2950bae209,1.0,kg,1,36,32,0,0,105bdd43dfea52ed428591bef719cef699940b2e3d12615928074bb1682a29b1,retrieved_not_selected
USLCI,1.2025-06.0,2d50471f-ae3a-337b-9e53-6ff319e39b55,00.00.012,"E-glass, at plant",United States of America (the),UNIT_PROCESS,NO_ALLOCATION,406c4d5a-ada0-349f-be88-0b9708780f42,1.0,kg,1,32,10,6,1,3f0402eee78d1d490682e470c283641cde8432d8c859438713cc834d2cbbaa42,retrieved_not_selected
USLCI,1.2025-06.0,2d57ab6d-6b06-32e6-a44b-8ffcd5d94176,00.00.014,"Toluene, at plant",Northern America,UNIT_PROCESS,NO_ALLOCATION,dc052870-f71b-3775-824c-2936683a57f5,1.0,kg,1,22,10,0,1,05123c9d6381357c1443c149368dc617fab054e86a04d4a7a23d6f1927a41bbf,retrieved_not_selected
USLCI,1.2025-06.0,2daa9b57-fd08-4bdf-9e15-2ec7a432aa70,00.01.003,Epoxy; at plant,United States of America (the),UNIT_PROCESS,NO_ALLOCATION,32ed714f-405b-4678-9589-c5c0b5e055d4,1.0,kg,1,5,0,0,1,d475ef97809f26006167785cf8c2f5995d2cd43a4f86c2a6cc10825477522e3c,retrieved_not_selected
USLCI,1.2025-06.0,2e8facf6-46aa-4ddb-95de-a4e2a00eb2bb,00.01.004,"Polypropylene, PP, virgin resin, at plant",Northern America,UNIT_PROCESS,NO_ALLOCATION,d0477b6a-115f-350d-bbb4-7f62243e3476,1.0,kg,1,33,20,1,1,e9f8c7a7faa8010733685802a2fa14052f9cec91b99bfc1c2567c7e0ee071b06,retrieved_not_selected
USLCI,1.2025-06.0,2eb3f900-1329-34d7-8378-a685177338b7,01.00.001,"Transport, single unit truck, short-haul, compressed natural gas powered, Southwest",,UNIT_PROCESS,PHYSICAL_ALLOCATION,1a34089c-3f9a-3afb-9ca6-93a4c7d6424e,1.0,t*km,1,35,33,0,0,7567443b9b839d00062cef0e8188210de62294ec3dcf07bb631fedcdaa136820,retrieved_not_selected
USLCI,1.2025-06.0,2f115eab-83cd-3f13-89bc-acd5c80f8642,01.00.001,"Transport, single unit truck, long-haul, gasoline powered, Northeast",,UNIT_PROCESS,PHYSICAL_ALLOCATION,9f52f8d9-5c7c-3d35-a912-376b70769a26,1.0,t*km,1,35,33,0,0,96233f751a446d640c22e6679ae0660d578f6654b1b97b28d45170e962829ce7,retrieved_not_selected
USLCI,1.2025-06.0,2fb426d1-2476-4400-b942-940f65699e87,00.00.085,Crude cobalt hydroxide production; at plant,Congo (the Democratic Republic of the),UNIT_PROCESS,PHYSICAL_ALLOCATION,2b274bb6-ed91-4ec0-8386-07c602bd6eb9,1.0,kg,1,15,2,0,0,7e1aaf47cf396c80c6b40491f57b22ed62d8540e224f0b96af7a693ddd13047e,retrieved_not_selected
USLCI,1.2025-06.0,2fdc10ce-f75d-30d0-b1e7-672af0eb98fe,00.02.004,"Wood fuel, MDF, generated on-site, combusted in industrial boiler",Northern America,UNIT_PROCESS,NO_ALLOCATION,c2605713-0601-3252-a78d-63d1f9e27936,1.0,kg,1,36,32,0,0,ef1352615a0968c5eb56f94a55333f94a8b42719a612c66561b423c2c6c7cb59,retrieved_not_selected
USLCI,1.2025-06.0,305caade-c895-33b0-90d7-4641bcf4741e,00.00.004,"Transport, refuse truck, diesel powered, South",Northern America,UNIT_PROCESS,NO_ALLOCATION,c99244fc-abe3-3836-9d0c-ce0872f79975,1.0,t*km,1,24,17,0,0,2509c031aa7448dd20cb1168cfa7a1f110174a70dad8cac98105225b23c6b07a,retrieved_not_selected
USLCI,1.2025-06.0,309485bd-a13b-4539-a23c-036c0b23b4f5,00.00.005,Silica sand Bridge; USLCI to USEEIO,,UNIT_PROCESS,,0cc6f1f6-5ff4-36c7-ba84-472348971d75,1.0,kg,1,2,0,1,0,bda2c30b9142a8fde4917e463017b6a98df3e8f6773edacde4e0f6a345fac443,retrieved_not_selected
USLCI,1.2025-06.0,30fcb6c2-cb44-342f-8ce3-a7e3a2358bdc,01.00.001,"Transport, single unit truck, diesel powered, Alaska",,UNIT_PROCESS,PHYSICAL_ALLOCATION,bbcd8095-e1d5-3762-aa08-3efc8d1d2ec4,1.0,t*km,1,34,32,0,0,d532be9bf6acd183aa5862b9f6a26973a0da15717bf21db291c4f3b118db76d2,retrieved_not_selected
USLCI,1.2025-06.0,317adcbc-b3e3-3ec3-80c3-82b18d0f3207,00.01.002,"Bituminous coal, at mine",Northern America,UNIT_PROCESS,NO_ALLOCATION,55b4aeab-0576-3a9b-b476-b561197ec3f2,1.0,kg,1,15,7,0,1,4d2545550f696dfef1ff8219125eef79e2d70b24a241af304cd8153e66691a16,retrieved_not_selected
USLCI,1.2025-06.0,31dd79aa-94df-31b9-b81f-8b1d436581da,00.01.009,Drinking water; with chlorine disinfection; at consumer,United States of America (the),UNIT_PROCESS,,0b3e01cb-e0a2-35b4-a442-69ec84fd7fda,1000.0,cu ft,1,6,0,0,0,ed635ecb541496f1f0d537ade4e00703ea8db57c9cb6783b3488d21a2c011d77,retrieved_not_selected
USLCI,1.2025-06.0,3221bb51-ac5f-36b7-a5c4-d81a5c65ccf0,00.00.005,"Winter wheat straw, carted",Northern America,UNIT_PROCESS,NO_ALLOCATION,5cc2de60-56a9-31c7-92a7-95eb6bd5c90a,476.0,kg,1,5,0,2,0,7de4d3d9cf2835e3996d7354e024eca713e027b3adf68d8f17519044ac394b33,retrieved_not_selected
USLCI,1.2025-06.0,323a15f8-5c89-3deb-aad5-78133e487bef,00.00.009,"Ethanol, 85%, blended, at service station, 2022",Northern America,UNIT_PROCESS,NO_ALLOCATION,e3ba395e-fd2f-3668-aee1-311195c02835,1.0,kg,1,6,0,3,1,3d8330746af2d2404cec212506c3d4ca9231646e6e0dabb98bf0a0428b2b637c,retrieved_not_selected
USLCI,1.2025-06.0,3286f1e2-d87d-3ce6-8f19-406ffc88af07,01.00.002,"Transport, single unit truck, short-haul, electricity powered, Hawaii",,UNIT_PROCESS,PHYSICAL_ALLOCATION,855b58f5-89b6-3b25-b33e-59454a0adbaa,1.0,t*km,1,7,5,0,1,57a7d402c6fe0a87201234297a0f073a74e00f2b2ec3658dc4f081203f8c440d,retrieved_not_selected
USLCI,1.2025-06.0,32a3732b-30c8-3605-8306-ca12599f8e91,00.01.001,"Gasoline, combusted in equipment, at pulp and paper mill (EXCL.)",Northern America,UNIT_PROCESS,NO_ALLOCATION,a9f20cd5-506f-3e75-b62e-c39872598439,1.0,l,1,17,15,0,0,16fbc303894b716040491ad0509b9704d4b1835873de51e77e8416ebfd718332,retrieved_not_selected
USLCI,1.2025-06.0,32f675d4-b1c1-3d61-8fb2-5e4181c932fe,01.00.001,"Transport, combination truck, diesel powered, South",,UNIT_PROCESS,PHYSICAL_ALLOCATION,628c07ec-0802-39c1-ab88-1c62848ef436,1.0,t*km,1,34,32,0,0,59ca02d770c0a52259dd59a4f3dd714a97657e3a4f3786778a5238a3aefcca9f,retrieved_not_selected
USLCI,1.2025-06.0,33f08f48-349e-31f1-b600-aa7e9713ca50,00.00.012,"Ammonia, steam reforming, liquid, at plant",Northern America,UNIT_PROCESS,NO_ALLOCATION,072a4586-44d6-3428-a15c-8e1e8a0031cc,1.0,kg,1,18,10,0,1,d3cba64eea1365d243a07c9a357f635b3a22deb9449882a67dae0a65f895c5fa,retrieved_not_selected
USLCI,1.2025-06.0,34156f3c-28ef-33db-9ad0-6293a2aa0d52,01.00.001,"Transport, combination truck, diesel powered",United States of America (the),UNIT_PROCESS,PHYSICAL_ALLOCATION,628c07ec-0802-39c1-ab88-1c62848ef436,1.0,t*km,1,34,32,0,0,268bc07c59e753d3ad38a2b4a5f2c6c57f30d6c1945301a7886adda4f5b765d0,retrieved_not_selected
USLCI,1.2025-06.0,34487c89-62dd-3d4e-98dd-06f0c382cc17,00.02.007,"Calcium carbonate, ground, fine treated, 3 micron, at plant",United States of America (the),UNIT_PROCESS,NO_ALLOCATION,3026812e-20e7-3a91-98bb-57ba43ad547b,1000.0,kg,1,43,5,8,1,661b39bbaab6470d7056dff39af64933ddc643d322e2d5a929c1753397be5764,retrieved_not_selected
USLCI,1.2025-06.0,3455f918-4a43-3b09-b06e-7402c12b8d45,00.01.005,"Wood waste, unspecified, combusted in industrial boiler",Northern America,UNIT_PROCESS,NO_ALLOCATION,1a76ed77-b97d-3070-85b7-b1f41906cece,1.0,kg,1,35,32,0,0,3278f7387a6f693861debb5d7a1ccfa6647ab11f29f5b5213838ee484a5380c7,retrieved_not_selected
USLCI,1.2025-06.0,345cbd68-3b1b-3c19-b27c-91e9d9851c0c,01.00.002,"Transport, single unit truck, electricity powered, Northeast",,UNIT_PROCESS,PHYSICAL_ALLOCATION,94755eaa-c6ec-32d3-b687-b94ed0a53e5f,1.0,t*km,1,7,5,0,1,a8546a02ebaf3611bab52b5ab494f7d68ac27d2c13c00c99d3b19af8cb7ef1dd,retrieved_not_selected
USLCI,1.2025-06.0,34897ebd-aa3d-347c-91ee-876c3f835fdb,00.01.011,"Steel, stainless 304, scrap",Global,UNIT_PROCESS,NO_ALLOCATION,0178afd7-c74a-3a8f-8f15-d57904d3c377,1.0,kg,1,626,614,1,0,a3e2cc004b725213ed6ce06ea89b25e7e50fb6e36ae8c01b4458f1b453c68e1e,retrieved_not_selected
USLCI,1.2025-06.0,353b477b-8319-3538-b2a4-c771e17424de,00.00.017,"Phenol resorcinol formaldehyde resin, neat, 60% solids",Northern America,UNIT_PROCESS,NO_ALLOCATION,08d86eb7-9bc9-37a5-8700-69cf45f673a8,1.0,kg,1,24,11,2,2,15ec9c55fd15dd59beed2b4d8f85c1670dc7eece056cd648edead94bc1590ff6,retrieved_not_selected
USLCI,1.2025-06.0,35bd31d8-b0b1-3da8-a553-df33ccd9e452,00.00.022,"Sawn lumber, hardwood, planed, kiln dried, at planer mill, SE",United States of America (the),UNIT_PROCESS,PHYSICAL_ALLOCATION,dc74c71d-c791-3d74-bc0e-8d7519f5d344,1.0,m3,1,10,0,0,1,e1b9c65c8109c2754b0c99389f71b74acc860d82d7074723b44e583c2affb461,retrieved_not_selected
USLCI,1.2025-06.0,3614b7fc-8ce3-396c-a092-cce24460b44f,01.01.003,"Single-ply, white, polyester reinforced PVC roofing membrane, 40 mils - 1.016 mm",,LCI_RESULT,PHYSICAL_ALLOCATION,f8a03d5d-5254-3cb7-a305-58af0685b432,1.0,m2,1,2429,2345,73,0,bd0eed6c7138eca3227de95faffdad385ebeea583e8ea81c328b09f7e8585c7f,retrieved_not_selected
USLCI,1.2025-06.0,3631420d-233a-3cfe-a093-5a0b09ec9e5e,01.00.001,"Transport, combination truck, gasoline powered, Southwest",,UNIT_PROCESS,PHYSICAL_ALLOCATION,9b20d581-cc62-3313-9412-0855be3ee7c2,1.0,t*km,1,35,33,0,0,f5fec56ea4513e0291a50636165f7c4523e4203acaf29fe0735fba3ca8a257f4,retrieved_not_selected
USLCI,1.2025-06.0,363e9105-a6ea-356e-a537-06c9facf5b14,02.01.003,Aniline; at plant,Northern America,UNIT_PROCESS,PHYSICAL_ALLOCATION,2293e639-39a3-3cbf-99cc-8cf01797aa99,1.0,kg,1,39,24,0,1,b762a3a7c80638c2dff890a9b167438078286242e5315a340cb1b1a6717e2116,retrieved_not_selected
USLCI,1.2025-06.0,37a4ae86-eca4-4264-92d6-549534fb2262,00.01.003,"Toluene diisocyanate, TDI; at plant; mass and elemental alloc",Northern America,UNIT_PROCESS,NO_ALLOCATION,178c0a07-27f6-3f39-94cd-dc10874c8560,1.0,kg,1,48,30,1,1,30705859af0c54bd6b1402415b15fa6e3122389fba57b6124010a9875e58fd62,retrieved_not_selected
USLCI,1.2025-06.0,37bc3b3d-32db-328b-9442-737919bb813f,01.00.001,"Transport, single unit truck, long-haul, compressed natural gas powered, West North Central",,UNIT_PROCESS,PHYSICAL_ALLOCATION,d0207892-1d62-3649-b2a7-4f5bd03b8a73,1.0,t*km,1,35,33,0,0,19eb87674fb3842c9ebf833f64b8dcf71b3afa3af05a7be3c80fde6d2068b863,retrieved_not_selected
USLCI,1.2025-06.0,381c0eb6-aa6b-3c7f-9c0c-75b0ddc70fd8,01.00.002,"Transport, combination truck, short-haul, electricity powered, Central",,UNIT_PROCESS,PHYSICAL_ALLOCATION,d5ce6d5d-eea3-3c42-9999-fe46c52a1541,1.0,t*km,1,7,5,0,1,1812999e3fda96dedc1421c3fb322a6ad79be531892e21df9ea21bda346593eb,retrieved_not_selected
USLCI,1.2025-06.0,381d3e3d-29ae-3101-a95b-56a4cec08486,00.01.004,"Aluminum, hot rolling, at plant",Northern America,UNIT_PROCESS,NO_ALLOCATION,dc4d39f5-33ce-3633-8b50-0ebd40aa06cf,1000.0,kg,1,599,584,4,0,2d3ecdf08d87a286a8e4c12a8487ba24e2e50b165cfcbb462182e703d2c989f6,retrieved_not_selected
USLCI,1.2025-06.0,3887c923-10ac-3903-90b6-15a51889c53b,01.00.001,"Transport, combination truck, long-haul, compressed natural gas powered, West",,UNIT_PROCESS,PHYSICAL_ALLOCATION,8d49dd43-aada-36f4-9bf3-feff7e3231c3,1.0,t*km,1,21,19,0,0,abb28ee3c0347cc3f099ac28cbb0329e40d88d9046d2692adb3dc7b450c9a8f6,retrieved_not_selected
USLCI,1.2025-06.0,3892f258-a96b-395b-8d4e-7ff853ebb700,01.00.001,"Transport, combination truck, long-haul, compressed natural gas powered, West North Central",,UNIT_PROCESS,PHYSICAL_ALLOCATION,8d49dd43-aada-36f4-9bf3-feff7e3231c3,1.0,t*km,1,21,19,0,0,65f2d1163ca3e70a55181d10383dd591697b907b1834eb4b1e5b708fe1c6bf8c,retrieved_not_selected
USLCI,1.2025-06.0,391ccf45-4b61-37e9-a2f2-3e19afc0d4ef,00.00.005,"Enzyme, Alpha-amylase, Novozyme Liquozyme",Europe,UNIT_PROCESS,NO_ALLOCATION,00b5c8b4-682d-3000-a2df-246e333f6344,1.0,kg,1,9,6,2,0,cbd2b778690aa64a974aad07de5d0ec49000ab643b74fe10c18f4156c7419588,retrieved_not_selected
USLCI,1.2025-06.0,396f5200-0194-30c3-8b5f-96a33bde9c6c,00.00.018,"Heat, drying veneer, hardwood, at veneer mill, E",United States of America (the),UNIT_PROCESS,PHYSICAL_ALLOCATION,b88f08c0-f5b8-3fa8-bdd3-476e04d19ea0,3770.5,MJ,1,8,0,0,0,02b37f7ee09636ce381533617a6b7e15b41563afa017db9a50ccc815a55eadbf,retrieved_not_selected
USLCI,1.2025-06.0,39abf743-0b9e-33e3-8752-b418609504f1,00.00.007,"Natural gas, combusted in industrial boiler, at hydrocracker, for butadiene",Northern America,UNIT_PROCESS,NO_ALLOCATION,61eecbb0-064b-314d-ac7a-2a2d374ccf25,1.0,m3,1,27,22,0,0,368af32aef6b44bbb7eecb74dd433f6bde263ba1862f8730f11686b476ef9f76,retrieved_not_selected
USLCI,1.2025-06.0,39ed6465-2011-3119-8d81-df93767acb0d,00.00.004,"Transport, refuse truck, diesel powered, West region",Northern America,UNIT_PROCESS,NO_ALLOCATION,c99244fc-abe3-3836-9d0c-ce0872f79975,1.0,t*km,1,24,17,0,0,e1fad216b61e0972b89aa284365dcf16648139ad8cb7833bbe470a74c8ff2810,retrieved_not_selected
USLCI,1.2025-06.0,3a287ab1-de41-3e89-bf5a-be7f3b97281b,00.00.009,"Melamine urea formaldehyde, MF, hardener, at plant",Northern America,LCI_RESULT,NO_ALLOCATION,1161a48b-0650-3b74-9c13-09e121281ed8,1.0,kg,1,35,32,0,0,d101d87a23180ef0f7091c16b5912096c8e10f47c9dce2dab5d0d87d70221f93,retrieved_not_selected
USLCI,1.2025-06.0,3a98c0e1-2ba4-33f1-8d88-35b7f92af534,00.01.005,"Wood fuel, softwood, purchased, combusted in industrial boiler, NE-NC",United States of America (the),UNIT_PROCESS,NO_ALLOCATION,eb188759-a3a8-35f9-8827-bccffc0a68eb,1.0,kg,1,36,32,0,0,7ac5460964e59229a1d33e7215585e4b0850ed5e7fe7e380cc6a0345a823cbd8,retrieved_not_selected
USLCI,1.2025-06.0,3aa4fa75-15ca-38d5-aa15-fe8e2675780c,01.00.001,"Transport, single unit truck, gasoline powered, Northwest",,UNIT_PROCESS,PHYSICAL_ALLOCATION,30c89ffc-e08a-3d2b-8c96-33b2397b9bd8,1.0,t*km,1,35,33,0,0,40d5651291e7ccdad8ee7b51ef1d31b06c7138b7dc6dec46613e1d855b3ef036,retrieved_not_selected
USLCI,1.2025-06.0,3b1cd62b-7788-3096-8b6e-9cb6cdc359f2,00.00.013,"Engineered flooring, hardwood, unfinished, E",United States of America (the),UNIT_PROCESS,PHYSICAL_ALLOCATION,765ec5e3-20b0-3d0d-8d3f-75f42b37efc6,1.0,m3,1,11,1,0,1,994913afb46ee83e777d632a4f1ad7aaa2779d5dbe4c01aa4a40bfb942418839,retrieved_not_selected
USLCI,1.2025-06.0,3c16eddd-fb1b-3e27-b3aa-837a59863b11,01.00.001,"Transport, combination truck, gasoline powered, South",,UNIT_PROCESS,PHYSICAL_ALLOCATION,9b20d581-cc62-3313-9412-0855be3ee7c2,1.0,t*km,1,35,33,0,0,8368f79891183a13b9dba4a3977ad41b5d35ed4504aace6d012b76ecfcb6ce30,retrieved_not_selected
USLCI,1.2025-06.0,3ca2d4df-c3d1-320a-a25d-5498ae069a6c,00.01.002,"Fuels, burned at coated mechanical paper, average production, at mill",Northern America,UNIT_PROCESS,NO_ALLOCATION,632b1fc8-e674-3717-8407-9088e8857281,10691.0,MJ,1,66,56,0,0,540199e9326826bb5750690260ae37fcbe04e88608b896287b3e7ecdfa7a28e5,retrieved_not_selected
USLCI,1.2025-06.0,3ca7a144-e2f3-4963-8c63-768cf0853cee,00.00.010,"Petroleum refined, for energy use, at plant",,UNIT_PROCESS,NO_ALLOCATION,b022d34e-2838-4494-8a84-9b6aa57e575a,1.0,kg,1,2,0,0,0,d62b1ef5061fa8e642251661fe1338f0b28f35a0fe332e62a7afe72bf66feb8d,retrieved_not_selected
USLCI,1.2025-06.0,3cfa52ac-c3d6-3ce2-b8f4-211bf63d7088,00.00.009,"Spring wheat straw, ground and stored, 2022",Northern America,UNIT_PROCESS,NO_ALLOCATION,c2974ad6-41e4-3222-990a-2fe51d5ba682,1000.0,kg,1,13,1,5,3,ee69aac69386ce3e3e0d2f18ebf215486b2f04f4608e44dfb34bb69bd0b9b6bc,retrieved_not_selected
USLCI,1.2025-06.0,3d53c055-f03b-381f-966e-6d61abbe88a0,00.00.010,"Aluminum, secondary, ingot, from automotive scrap, at plant",Northern America,UNIT_PROCESS,NO_ALLOCATION,90c60c75-922b-392d-8f83-072da6aabf41,1.0,kg,1,25,10,8,1,f73f90920f0547a8f4886cafe8a2691ca01efc6c1c4f84af711ce18505942b6b,retrieved_not_selected
USLCI,1.2025-06.0,3dbccdda-2014-4239-ad1f-4e15c034942b,00.01.007,"Polyvinyl chloride resin, suspension grade PVC; at plant",United States of America (the),UNIT_PROCESS,NO_ALLOCATION,2bb0cd6b-941b-38da-856c-1b7bd0cc5f49,1.0,kg,1,82,60,2,4,27510988dd5d6947ef5b74ea6ffb15d87649877e2e21ac8b872f24ecf8e26993,retrieved_not_selected
USLCI,1.2025-06.0,3dd5638d-cb25-4e78-90c7-8dd98188f733,00.01.003,"Crude oil, on-shore domestic, at extraction",United States of America (the),UNIT_PROCESS,NO_ALLOCATION,43b6c51f-f1a9-4a6d-8070-fa84adf27d23,1.0,kg,1,127,119,0,1,9e2ef9fa911fda861e3f1310b18ba2de9bd2562776a52b1ea7bb2fe28de363d8,retrieved_not_selected
USLCI,1.2025-06.0,3dd59224-ecba-3fb1-a2c9-9c01947b08b1,00.00.005,"Enzyme, Cellulase, Novozyme Celluclast",Europe,UNIT_PROCESS,NO_ALLOCATION,644ee222-fe19-3f61-a4ed-5258d34ff2eb,1.0,kg,1,9,6,2,0,5a76eb94ebbb87c31b7882d1cfd2959cd252caf3d5a130e695ce98e3a419da76,retrieved_not_selected
USLCI,1.2025-06.0,3e52e325-3d79-37a6-8c3b-7d66b205e3cf,01.00.001,"Transport, combination truck, short-haul, compressed natural gas powered, Southeast",,UNIT_PROCESS,PHYSICAL_ALLOCATION,419e9d46-92be-37cf-a9a2-765076ebf9ad,1.0,t*km,1,35,33,0,0,7deb98f54e17d4b3d429858abd97f4e17cb494fe7387587a411b1d2ac6c8edbf,retrieved_not_selected
USLCI,1.2025-06.0,3efbebec-e0c2-3136-855a-b278f31d3306,00.01.004,"Concrete Pipe, 50"" inch diameter; at plant; per linear foot",United States of America (the),UNIT_PROCESS,,339cbb8b-db3c-3571-915c-63f8c8fe8e89,1.0,ft,1,2,0,0,0,4492c9a3c5f1c2c86d0c456bbfbe55e8935217b1caba41b6e82d31f6c96d7038,retrieved_not_selected
USLCI,1.2025-06.0,3f67aa9a-8e22-3928-8bf5-b169baa0528f,01.00.001,"Transport, combination truck, long-haul, compressed natural gas powered, Hawaii",,UNIT_PROCESS,PHYSICAL_ALLOCATION,8d49dd43-aada-36f4-9bf3-feff7e3231c3,1.0,t*km,1,21,19,0,0,e8460a4849a3638779f400ca839bfb21a6c60feda492dfe3222901d78eba3142,retrieved_not_selected
USLCI,1.2025-06.0,3f888c9f-35e2-3162-bc14-49700cff888c,00.00.010,"Aluminum, secondary, rolled",Northern America,UNIT_PROCESS,NO_ALLOCATION,09744a4a-5791-3218-afef-bc6ad0253d67,1.0,kg,1,28,14,7,1,e76a9d2ead604675d77df7e5ea5ab0da5f0ea7e18b628acae19249d3ceae843e,retrieved_not_selected
USLCI,1.2025-06.0,3fa61250-2a76-30f5-aa5e-267f99ca3ee5,00.01.005,"Paper, mechanical, coated, average production, at mill",Northern America,UNIT_PROCESS,ECONOMIC_ALLOCATION,7c08fe4d-f534-3bca-94fb-ed2b3e48e142,861.83,kg,1,103,46,15,2,17a769a68d90f93ac4f4b67091733a55730b9f3e86c7513d4cdfef0b99f87229,retrieved_not_selected
USLCI,1.2025-06.0,3fdb5887-dd2d-343b-8365-81625c88e2d1,01.00.002,"Transport, single unit truck, long-haul, electricity powered, East North Central",,UNIT_PROCESS,PHYSICAL_ALLOCATION,ca468bee-3878-3418-918a-6cbe82ac640c,1.0,t*km,1,7,5,0,1,80334a349f8eae68d55d9c0946f3c172b304bea89a6755f50d1c44a82d5de755,retrieved_not_selected
USLCI,1.2025-06.0,3ffdd525-d623-363f-8876-1999b0f5130f,00.00.012,"Cotton, whole plant, at field",Northern America,UNIT_PROCESS,ECONOMIC_ALLOCATION,4fbbb19a-bc25-3265-b196-04feec6ace45,1.0,kg,1,89,76,2,1,046345c0e7f44b91d46e03341e9be8f63038e51c772fb86b81972f932da6197d,retrieved_not_selected
USLCI,1.2025-06.0,401862df-2017-386b-807e-5892047e02be,00.00.009,"Phenol resorcinol formaldehyde resin, at plant",Northern America,LCI_RESULT,NO_ALLOCATION,00b08f68-2fb1-3f4f-bef3-e6f3f4d70de3,1.0,kg,1,48,44,0,0,cf2953282727e3554e20babedc6883ea5ec4335a99d46807e4536e2636fc087c,retrieved_not_selected
USLCI,1.2025-06.0,403216d9-b675-389c-8c3b-e144201bb6e9,00.01.011,Drinking water treatment; Primary chlorine disinfection infrastructure; at plant,United States of America (the),UNIT_PROCESS,,44adf189-6765-3eb9-ab8f-51c6f9b11248,1.0,m3,1,5,0,0,0,e2936cc008fc50381db1162e80639ded2a4d48406d597ca8cd0bcd61480c5505,retrieved_not_selected
USLCI,1.2025-06.0,41c595b2-230b-3303-ac12-e059acd6312f,00.01.002,"Fuels, burned at bleached kraft market pulp mill, average production, at mill",Northern America,UNIT_PROCESS,NO_ALLOCATION,0890c0a7-d074-3730-822f-d7895d64b8c7,10867.0,MJ,1,67,56,0,0,6731f1b3071a3afdb1feadb2c9d76662b36895164dd905664d50033a45a91390,retrieved_not_selected
USLCI,1.2025-06.0,41dc4819-351b-3ed6-bf7f-62efb7e41a88,01.00.001,"Transport, single unit truck, diesel powered, West North Central",,UNIT_PROCESS,PHYSICAL_ALLOCATION,bbcd8095-e1d5-3762-aa08-3efc8d1d2ec4,1.0,t*km,1,34,32,0,0,eaee6bf41ca422127af8b75111ebf0b3c1f34a1bb52d1190b4c2bed3e4e73afa,retrieved_not_selected
USLCI,1.2025-06.0,41ecdfe1-8026-3373-96c4-ee1921f2525c,00.00.007,"Galvanized steel coil, coated, at plant",Northern America,UNIT_PROCESS,NO_ALLOCATION,55725953-49d5-3d31-97ab-40077034f62d,5.8256312303985,kg,1,4,0,0,0,978becf47fcc0666e956254c65a1752fb84e2685a5a3374ea0ea16eb6b844df9,retrieved_not_selected
USLCI,1.2025-06.0,426fb3f3-87cb-38a1-b4dd-9da869db0067,00.01.005,"Scanner, department, i5800",Global,UNIT_PROCESS,NO_ALLOCATION,eeb535fb-9ac1-3db7-bad5-50a7c0aa884a,1.0,Item(s),1,35,0,22,1,dd1d4dc10189aa1e12fdf0b1f794c8bc9f56fd1745fd4fb63415ad6c2ef95ba2,retrieved_not_selected
USLCI,1.2025-06.0,428e0fa8-88bc-3c04-b793-179db3a02f66,01.00.001,"Transport, single unit truck, long-haul, gasoline powered, East North Central",,UNIT_PROCESS,PHYSICAL_ALLOCATION,9f52f8d9-5c7c-3d35-a912-376b70769a26,1.0,t*km,1,35,33,0,0,0e85707f15168917e1b2a0b29e7254ec36d51f1f8a14eec5fe7a8494f422a2fb,retrieved_not_selected
USLCI,1.2025-06.0,42975a63-8c39-4d46-8b6b-34d9a7174295,00.01.002,"Scanner, desktop, E1025, E1035, S2040, S2050, S2060w, S2070, S2080w",China,UNIT_PROCESS,NO_ALLOCATION,6ceaf153-988e-43be-b18a-06e0059ae5e2,1.0,Item(s),1,26,0,13,1,dab2d228de50a5fd8109368933c70337af68d55abb09a3b792030d518598d253,retrieved_not_selected
USLCI,1.2025-06.0,42ed7acb-0b02-3f2a-aead-6b5a3b9bc8a9,01.00.001,"Transport, single unit truck, compressed natural gas powered, Hawaii",,UNIT_PROCESS,PHYSICAL_ALLOCATION,cb33e8c2-2296-3c28-8015-fc08bf040845,1.0,t*km,1,35,33,0,0,46f4816b2cd114892718b901dfda491ef28cc1df311bda34ed70c0eb0a381eb5,retrieved_not_selected
USLCI,1.2025-06.0,435c3df8-57d0-467c-8896-37212b19e2b1,00.01.004,Glass cermet; at plant,United States of America (the),UNIT_PROCESS,NO_ALLOCATION,815fafec-4ff7-4001-b3c3-5f9ac2f4a58e,1.0,kg,1,21,4,8,1,fdd32580490f921ebba4d681298362fdb7f91d6e4a88b6afc007884954c03340,retrieved_not_selected
USLCI,1.2025-06.0,43ad0362-1490-36bd-a23b-65a6bd1c82fd,00.01.004,"Concrete Pipe, 12"" inch diameter; at plant; per linear foot",United States of America (the),UNIT_PROCESS,,aa5f3a69-0f6b-376d-b18c-4ac895914950,1.0,ft,1,2,0,0,0,a3cedefcb24e106cefcbb3fee2f523ca4c9e5b6c21a240ec570a346dc799f210,retrieved_not_selected
USLCI,1.2025-06.0,43dc823c-09c5-34c3-ae26-a4bc4bcbc751,00.02.003,"Poles, softwood, PCP treated",Northern America,UNIT_PROCESS,NO_ALLOCATION,3f3441c3-ae50-31a6-a846-3b1a6108f0b7,1.0,m3,1,39,14,3,4,af6a84862bd768e84f5aadcd8d641e0431469e6cc051c09d5c6ca8e64c55f3e4,retrieved_not_selected
USLCI,1.2025-06.0,43ec3512-f8e1-3fba-84ea-5db46f154cd4,01.00.001,"Transport, single unit truck, long-haul, gasoline powered, Southeast",,UNIT_PROCESS,PHYSICAL_ALLOCATION,9f52f8d9-5c7c-3d35-a912-376b70769a26,1.0,t*km,1,35,33,0,0,7121a5f7b3e9ffe2331eb1467528a46a9c11ef68d1539bdb71d816edd04f2dad,retrieved_not_selected
USLCI,1.2025-06.0,43f4d42a-0145-309d-bd89-0abfffadf4e8,01.00.001,"Transport, combination truck, gasoline powered, Hawaii",,UNIT_PROCESS,PHYSICAL_ALLOCATION,9b20d581-cc62-3313-9412-0855be3ee7c2,1.0,t*km,1,35,33,0,0,ce6922bff6031405664f091128837d7b0cbd02aac52cab62fd409d2451f7b0b1,retrieved_not_selected
USLCI,1.2025-06.0,442ab5b5-32f4-4de0-9aa7-fa989b0579af,00.00.002,"Chemicals organic, at plant Bridge; USLCI to USEEIO",,UNIT_PROCESS,,400b2d60-d2b9-3e36-a89f-53a7f1349f86,1.0,kg,1,2,0,1,0,dbac509d1b3dfd9b782277c7e84417231762d84a0f6fd91eff636ac65d1e4f73,retrieved_not_selected
USLCI,1.2025-06.0,4435ce44-a5bc-331a-bd40-5c60994d8d85,00.01.005,"Concrete Pipe, 72"" inch diameter; at plant; per linear foot",United States of America (the),UNIT_PROCESS,,ba7d952b-9b3b-3ff6-a5fd-488fa0f37c68,1.0,ft,1,2,0,0,0,e15d7c264428af17fab9067682be11ac62c5336e37105c6671ea5842f2f921ae,retrieved_not_selected
USLCI,1.2025-06.0,44757f0f-dde7-3b14-a8ac-a017ee01808e,01.00.001,"Transport, single unit truck, short-haul, diesel powered, Southeast",,UNIT_PROCESS,PHYSICAL_ALLOCATION,20567d69-c8ee-325c-a98c-43c35b8eb9f4,1.0,t*km,1,34,32,0,0,0e60ccfa8040004f713d3c903c202d14da2cb24826a102307f3bb753c528d75d,retrieved_not_selected
USLCI,1.2025-06.0,44a82a4a-95fd-3c31-9829-cf0763dd3a93,00.01.003,"Polyol ether, for flexible foam polyurethane production, at plant",Northern America,UNIT_PROCESS,NO_ALLOCATION,415918aa-42cc-4228-837c-a4bdbf5eaba9,1.0,kg,1,42,28,1,1,9edd9ac418eda77259719c98788d55c33080fbe89465d14bdb6721896aac63f9,retrieved_not_selected
USLCI,1.2025-06.0,44e83e53-58b1-31e6-a947-caa9a4335961,01.00.002,"Transport, combination truck, long-haul, electricity powered, East North Central",,UNIT_PROCESS,PHYSICAL_ALLOCATION,0e5e3079-33df-31fd-ad79-8b8feff08fb6,1.0,t*km,1,7,5,0,1,9528bca8a3c98934afbb080f601a55d99a39d8d201eab98aa878a8d45bb3fc7d,retrieved_not_selected
USLCI,1.2025-06.0,4542a69a-4c5f-3967-92da-830361967e0a,00.01.012,Drinking water treatment; Sedimentation; at plant,United States of America (the),UNIT_PROCESS,,2004c515-ded5-34c9-be46-3ef4fa43e634,1000.0,cu ft,1,6,0,0,0,2771b90a2bb594b5a4accd80599b539efec32afd80c138ca437540010e960915,retrieved_not_selected
USLCI,1.2025-06.0,45b70b50-20a0-341b-8e2f-c196974d1541,01.00.001,"Transport, single unit truck, diesel powered",United States of America (the),UNIT_PROCESS,PHYSICAL_ALLOCATION,bbcd8095-e1d5-3762-aa08-3efc8d1d2ec4,1.0,t*km,1,34,32,0,0,cacafd8916f41ec373804037ee1f82f18d13f02dc97bd1917edcd75b92544a9a,retrieved_not_selected
USLCI,1.2025-06.0,45fb1ede-00f7-3297-9766-a0aba77c4024,01.00.002,"Transport, light commercial truck, electricity powered, Southeast",,UNIT_PROCESS,PHYSICAL_ALLOCATION,0925e27b-37eb-38b6-8710-314211416cc2,1.0,t*km,1,10,8,0,1,28d2b8561be8548d63afd8f7a405d14c35d54491546546506162167c8e7e2552,retrieved_not_selected
USLCI,1.2025-06.0,46006dd8-bd9c-3670-8853-02bc888aeb3d,01.00.001,"Transport, light commercial truck, E85 powered, Alaska",,UNIT_PROCESS,PHYSICAL_ALLOCATION,0a954583-49bd-3d80-8200-847790caf5b2,1.0,t*km,1,35,33,0,0,870374836ced4621b9e9a2e2254819f2fae8b69b7430c6ac592dcdb86a588776,retrieved_not_selected
USLCI,1.2025-06.0,463d05c9-8c19-3030-8b9f-380c098f5116,01.00.001,"Transport, combination truck, gasoline powered",United States of America (the),UNIT_PROCESS,PHYSICAL_ALLOCATION,9b20d581-cc62-3313-9412-0855be3ee7c2,1.0,t*km,1,35,33,0,0,7fed3515fbd93773ab1972e3ba84014ffe44872a33d0339e0c9da340172f8852,retrieved_not_selected
USLCI,1.2025-06.0,465aca90-3640-3851-a864-01b1c1b247d0,00.00.004,"Transport, school bus, diesel powered, Northwest",Northern America,UNIT_PROCESS,NO_ALLOCATION,e039be4c-037a-36c4-822a-e55803432f61,1.0,p*km,1,24,17,0,0,4c74e1bd3f5e4ad15606d07e74a018c1f0746b62f459fb107ece5d2f56688601,retrieved_not_selected
USLCI,1.2025-06.0,47a2f5b9-2ac3-3634-99a3-1c91b3575843,01.00.001,"Transport, combination truck, long-haul, compressed natural gas powered, Northwest",,UNIT_PROCESS,PHYSICAL_ALLOCATION,8d49dd43-aada-36f4-9bf3-feff7e3231c3,1.0,t*km,1,21,19,0,0,823f576290773183bf0866c0566a798963eb5a933faa2504740211c4e2033082,retrieved_not_selected
USLCI,1.2025-06.0,4805457e-a1c3-36c4-a526-b2a26779155c,00.00.004,"Transport, school bus, diesel powered, Northeast",Northern America,UNIT_PROCESS,NO_ALLOCATION,e039be4c-037a-36c4-822a-e55803432f61,1.0,p*km,1,24,17,0,0,764aa00bf209a52cb9e186521ee67637be1f53cf561c38e212505299d3e70127,retrieved_not_selected
USLCI,1.2025-06.0,489c875b-7e8d-3cd7-a9ef-82f71a8bdb69,01.00.001,"Transport, light commercial truck, gasoline powered, Hawaii",,UNIT_PROCESS,PHYSICAL_ALLOCATION,0614f894-cf10-307e-bd58-ac507face752,1.0,t*km,1,35,33,0,0,cd0f836b1a708ea3019463ebe91d856dd118df6162aebab72dfb9dc6cb582586,retrieved_not_selected
USLCI,1.2025-06.0,48be22f1-e30c-3e4a-8832-a9c5ed32350b,00.02.008,"Calcium carbonate, ground, fine slurry, 3 micron, at plant",United States of America (the),UNIT_PROCESS,NO_ALLOCATION,73813ba0-6ce1-3516-8bc1-0a802c002f2a,1000.0,kg,1,40,4,8,1,ef63898a75d6ce5c6cc28db37609170cc6facfddbc81e008b462afe6bc883f68,retrieved_not_selected
USLCI,1.2025-06.0,490e910e-5300-43f8-bb7b-5f72bb324f9b,00.00.024,"Wastewater treatment; Activated sludge, 3-sludge system, Level 2-2; at plant",United States of America (the),UNIT_PROCESS,,9605e6cd-ec94-4f94-98cc-d923164a2ac6,1.0,m3,1,20,3,1,1,91ebda2db62d362ba7d5a478c0f369474973c71f83973b5e4e2e5aaf5a0b07b7,retrieved_not_selected
USLCI,1.2025-06.0,494c42a7-6e24-468d-a0b8-8848ebbc44a4,00.00.024,"Wastewater treatment; 5-Stage bardenpho system with denitrification filter, Level 4-1; at plant",United States of America (the),UNIT_PROCESS,,e4ae7fbd-2ac5-4158-9556-adacd61d2848,1.0,m3,1,22,3,1,1,9e302c0e2916fb1b0ee7fbadebd2089591bb52d1d5c6e13936a25041a5bafdbb,retrieved_not_selected
USLCI,1.2025-06.0,497c5ac2-d3e3-3c98-b3dc-46b9e01a384c,01.00.001,"Transport, single unit truck, diesel powered, South",,UNIT_PROCESS,PHYSICAL_ALLOCATION,bbcd8095-e1d5-3762-aa08-3efc8d1d2ec4,1.0,t*km,1,34,32,0,0,e68c22d526ed2f85e8ba387aef863a11a0da42a48b44781868c135b428f86a16,retrieved_not_selected
USLCI,1.2025-06.0,498ab4cc-9aaf-3db0-8a99-12fc691efcd1,01.00.001,"Transport, single unit truck, diesel powered, Northeast",,UNIT_PROCESS,PHYSICAL_ALLOCATION,bbcd8095-e1d5-3762-aa08-3efc8d1d2ec4,1.0,t*km,1,34,32,0,0,b7c14aab1c8069f7d4a303ad698a149c3f485a7e001846812be20ecf1ec13722,retrieved_not_selected
USLCI,1.2025-06.0,49d309a8-0c93-4eeb-a342-2fe2254a0bec,00.01.002,"Propylene, materials production, organic compound, at plant, kg",Northern America,UNIT_PROCESS,NO_ALLOCATION,e86e8b04-8e64-3a17-95c3-04c07229f0ac,1.0,kg,1,66,44,2,1,09078775ba7ba7d5fd3f6e5fc47edc2c17078b3db74cba4140f570de0c7bcf49,retrieved_not_selected
USLCI,1.2025-06.0,49e563d8-0cea-3f97-96b8-15787be48b91,00.00.007,"Limestone, at mine",Northern America,UNIT_PROCESS,NO_ALLOCATION,8fe57bef-7504-3270-8dbd-13c0df6ddaac,1.0,kg,1,8,2,0,1,f25b818053b1d075dd3e4807674f3243b555b95eac8921925642fbe9f4de975a,retrieved_not_selected
USLCI,1.2025-06.0,49ecf1ea-a971-3332-9c6a-9f8d1153d62e,01.00.001,"Transport, single unit truck, long-haul, gasoline powered, Southwest",,UNIT_PROCESS,PHYSICAL_ALLOCATION,9f52f8d9-5c7c-3d35-a912-376b70769a26,1.0,t*km,1,35,33,0,0,2a0e69a4dd672c92bbfb9779255f23d15b6905571c446cb9cff41a2e83a51f77,retrieved_not_selected
USLCI,1.2025-06.0,49f5324b-fc33-36e9-b5af-3c80d73492bd,00.01.011,"Steel, stainless 304, flat rolled coil",Northern America,UNIT_PROCESS,NO_ALLOCATION,3f2fed05-f530-32e9-b0f9-0dcb5280aa9d,1.0,kg,1,629,616,1,0,c21f00e32026e380342e7d617afd5d02d702640cf49e810b01959e2891c012bd,retrieved_not_selected
USLCI,1.2025-06.0,4a42fda8-640a-3152-9741-f64c558be34d,00.00.022,"Roundwood, hardwood, green, at logyard, SE",United States of America (the),UNIT_PROCESS,PHYSICAL_ALLOCATION,86313deb-8b04-3f3e-b983-2b9896a410a6,1.0,m3,1,10,1,0,1,3387bb2d42748b23645d4cfa8e1c55af35d8f2d1c3542a96cb6092bc568deade,retrieved_not_selected
USLCI,1.2025-06.0,4a8e5076-be9b-37a6-8cc1-70ef1c80fce3,00.00.007,"Pulpwood, softwood, average, at forest road, INW",United States of America (the),UNIT_PROCESS,NO_ALLOCATION,a75c0045-05c6-3d81-8894-607c5e9d2f74,1.0,m3,1,4,0,0,0,7bf1f961e6b60b8751cf48e3a35c694d28d78f267552e53316e10945a7819e4c,retrieved_not_selected
USLCI,1.2025-06.0,4ab1ad08-f644-3b59-a327-c19846c4e997,01.00.002,"Transport, single unit truck, electricity powered, West North Central",,UNIT_PROCESS,PHYSICAL_ALLOCATION,94755eaa-c6ec-32d3-b687-b94ed0a53e5f,1.0,t*km,1,7,5,0,1,02832dcc4bcce7a6f9902a9c5a7b47b3d5a031d3e4ad301dc85a1e5dba0e0521,retrieved_not_selected
USLCI,1.2025-06.0,4b0fe164-84c7-31e2-a3fc-ff570cd264e1,00.02.012,"Aluminum, primary, smelt, at plant",Northern America,UNIT_PROCESS,NO_ALLOCATION,5fabff2e-1d64-35e7-9528-7ff23586c5e9,1000.0,kg,1,43,33,0,0,fc0b607c3d1a362570146497c1f88c7d336423a39e4dbe7ae635dd27a5c0ae30,retrieved_not_selected
USLCI,1.2025-06.0,4b138f69-86f6-3c38-a343-35449faffe49,01.00.001,"Transport, single unit truck, gasoline powered, West North Central",,UNIT_PROCESS,PHYSICAL_ALLOCATION,30c89ffc-e08a-3d2b-8c96-33b2397b9bd8,1.0,t*km,1,35,33,0,0,37a38bdf6b497959d8c32cb9d41bd1b357f038d6bb796083e5c9b4f946fe1010,retrieved_not_selected
USLCI,1.2025-06.0,4b3de918-4d30-3184-bdaa-60d8575c5af4,00.00.004,"Electricity, diesel, at power plant",Northern America,UNIT_PROCESS,NO_ALLOCATION,1e68baef-0ed7-37bb-9919-61963f9fbd08,1.0,kWh,1,38,32,0,0,3580293746bd7f1a2e35bfd8fca67537f4f072ebd32c13b2a20504ad02877660,retrieved_not_selected
USLCI,1.2025-06.0,4b4bf45b-2bfd-3e0f-bdde-bae1bd5d7c41,00.00.011,"Pressed raw panels, hardwood, at engineered wood flooring plant, E",United States of America (the),UNIT_PROCESS,NO_ALLOCATION,249e7a19-e940-32c5-9591-4cc0a06d53c6,1.0,kg,1,19,8,1,1,63d01f977099008a34f1ba1ff3778efd3b6d93a5a0531d16901984360509e34e,retrieved_not_selected
USLCI,1.2025-06.0,4b69ede6-bc6f-3897-81eb-9bf156b2fd4b,01.00.002,"Transport, single unit truck, electricity powered",United States of America (the),UNIT_PROCESS,PHYSICAL_ALLOCATION,94755eaa-c6ec-32d3-b687-b94ed0a53e5f,1.0,t*km,1,7,5,0,1,a111496c0ba2fbe5c7722e236075b8809cdfe05a1782c843e12c4562e9221631,retrieved_not_selected
USLCI,1.2025-06.0,4b835425-fd68-337c-8e35-a4ddfb5b628a,00.00.016,"Urea formaldehyde, UF, resin, neat, 65% solids",Northern America,UNIT_PROCESS,NO_ALLOCATION,3c6ecea9-ce37-3aa8-829b-f2f163d33d84,1.0,kg,1,25,12,3,2,6e5437d663c7b83fabb5a842712b98ede0aa16c1a37a8c8ff3416375f8d53494,retrieved_not_selected
USLCI,1.2025-06.0,4be84642-28cb-3508-9189-d8afcec42d92,00.00.010,"Corn stover, ground and stored",Northern America,UNIT_PROCESS,NO_ALLOCATION,765bab27-83e7-3751-a489-085ad54393c6,1000.0,kg,1,11,1,5,1,09918547a41b2740eda0040cf73a4ab657d4d80d0ca7c2f95ec5919493270569,retrieved_not_selected
USLCI,1.2025-06.0,4bf31707-0a50-3cd8-8e87-0887e4ba8a86,01.00.001,"Transport, single unit truck, short-haul, compressed natural gas powered, West",,UNIT_PROCESS,PHYSICAL_ALLOCATION,1a34089c-3f9a-3afb-9ca6-93a4c7d6424e,1.0,t*km,1,35,33,0,0,27fe1940912de955b0319822ea77bb523071201c79db53dd4cfa482b1415775c,retrieved_not_selected
USLCI,1.2025-06.0,4c637477-f7a3-35b8-8e07-53f64c5eadf8,01.00.001,"Transport, combination truck, diesel powered, Central",,UNIT_PROCESS,PHYSICAL_ALLOCATION,628c07ec-0802-39c1-ab88-1c62848ef436,1.0,t*km,1,34,32,0,0,795098cc5a64a549dbbfa96a9d25416a64a6fb67fac787306e89e4234f684a10,retrieved_not_selected
USLCI,1.2025-06.0,4c6eed4c-5f5e-30c7-8948-956c79c4806d,00.00.011,"Rice, at field",Northern America,UNIT_PROCESS,ECONOMIC_ALLOCATION,c4d1204a-67a3-395d-9b59-ba34528b3ba6,1.0,kg,1,56,42,3,1,741888c4c5914ad76fdff8062400529bd8d861b25ead32e3506b6bc1d21f6f02,retrieved_not_selected
USLCI,1.2025-06.0,4c6f7612-c4b8-36d1-803a-8fb067b1b319,00.00.007,"Switchgrass, at conversion plant, 2022",Northern America,UNIT_PROCESS,NO_ALLOCATION,fcca6571-d78a-36ad-812a-9b55de1565d8,1000.0,kg,1,5,0,0,0,dd7e36d245e1f3c1f21f5e1cb29c4fa79d17dcd1ab1a1f3f34ddce26edaa9b49,retrieved_not_selected
USLCI,1.2025-06.0,4cb0c558-b0ac-3656-bc1f-95b477c14921,00.00.008,"Soda powder, at plant",Northern America,UNIT_PROCESS,NO_ALLOCATION,0f797f27-2207-3571-84cc-0835a943be09,1.0,kg,1,9,3,0,1,da0c999d2b2d04413b1cccfc4727e83562f6783f8bb941b4ae46363345ef98f7,retrieved_not_selected
USLCI,1.2025-06.0,4d09380a-6297-392c-b1bb-74534b4d3d8e,00.00.009,"Corn stover, production, average, US, 2022",Northern America,UNIT_PROCESS,NO_ALLOCATION,6dd94277-87e0-32e8-bfe7-628e6db871a0,3290.0,kg,1,7,3,1,0,185abad301f2638e6a66bf6344c34d7383f22ca0b996a8691fb2dda1af4d7601,retrieved_not_selected
USLCI,1.2025-06.0,4d21df14-9a73-31ce-9a5f-dee0cd2a2aed,00.00.012,"Electricity, aluminum smelting and ingot casting regions",Northern America,UNIT_PROCESS,NO_ALLOCATION,0ac2e099-0ddb-3a50-a06a-f4d9adbad07e,1.0,kWh,1,6,0,1,0,e5c79c7d36a0557f0f5aa1f97851f2305250c3ecd03b42fa58a320d390113100,retrieved_not_selected
USLCI,1.2025-06.0,4d7e8233-af87-31fc-b497-592383d4008a,00.01.001,"Natural gas, combusted in industrial boiler, at pulp and paper mill (EXCL.)",Northern America,UNIT_PROCESS,NO_ALLOCATION,feb604a9-e1d0-45b0-9ce5-f323d7b3a798,1.0,m3,1,22,20,0,0,18a1c4fa227603e2976f1bd3fc97793ec6f90816142a83d62a75bc0ad6f4ae2b,retrieved_not_selected
USLCI,1.2025-06.0,4e01da4a-71e5-3d9d-93c3-0f0a230f2735,00.00.023,"Medium density fiberboard (MDF), at MDF mill",Northern America,UNIT_PROCESS,PHYSICAL_ALLOCATION,7f72d860-0e4a-3686-a262-7c045b862d37,1.0,m3,1,41,10,9,1,b80cb78dd275dfa0c55017b22fe6dd2f906ab520c7a32f806fd50d83ff3fab54,retrieved_not_selected
USLCI,1.2025-06.0,4e38a874-76e2-3c20-bc6a-eea62883ebaa,00.00.007,"Winter wheat straw, ground and stored",Northern America,UNIT_PROCESS,NO_ALLOCATION,c5d010a0-82a0-3e65-81bb-4e46e73dd5e3,1000.0,kg,1,11,1,5,1,e04d678d3293bc9f7fb88bf2e5667a06976b58bb85872416cd5ff4e9e340cb6f,retrieved_not_selected
USLCI,1.2025-06.0,4e590e0c-3773-3db7-9515-728fde75ab55,00.01.005,"Concrete Pipe, 60"" inch diameter; at plant; per linear foot",United States of America (the),UNIT_PROCESS,,08a57d71-1a18-3fe0-8184-550348ada2c6,1.0,ft,1,2,0,0,0,53b0cd9396ab2f56cd5e5ea0af40e64f0f36d1bb8ffd41c879d6106d2df78e80,retrieved_not_selected
USLCI,1.2025-06.0,4eac9ff3-bfe7-3441-8ed9-b2253e4c9ef5,01.00.001,"Transport, light commercial truck, E85 powered, Central",,UNIT_PROCESS,PHYSICAL_ALLOCATION,0a954583-49bd-3d80-8200-847790caf5b2,1.0,t*km,1,35,33,0,0,89248467a1cf27dda78a3d4ced176e7a1d799b240de5f2b288968922078d6d28,retrieved_not_selected
USLCI,1.2025-06.0,4eaec911-05e8-304e-b7a6-98ce06fc9820,00.00.009,"Hydrogen, liquid, synthesis gas, at plant",Northern America,UNIT_PROCESS,NO_ALLOCATION,f842f7d2-426a-44e0-ae4c-d1c96a977f84,1.0,kg,1,12,5,0,1,a957e2a730e927014bec4520926a0603b3aeb60a78b3c33b57da5ff8357eec73,retrieved_not_selected
USLCI,1.2025-06.0,4eb5b312-c3dd-3720-b8b6-814953d7c937,00.01.010,Drinking water treatment; Source water acquisition; at plant,United States of America (the),UNIT_PROCESS,,4b90664a-57c7-3fe1-be38-2ed8d4e0812b,1000.0,cu ft,1,3,1,0,0,6bfedc25536e2c7cafceb0da971eaa23486d2a08e64b709bcc25619f3c6f2bb7,retrieved_not_selected
USLCI,1.2025-06.0,4ebf7eb3-53dc-48a7-863a-1ced3c0d2a4e,00.01.001,"Scanner, department, S2085f, S3100f",China,UNIT_PROCESS,NO_ALLOCATION,b11e9798-f45f-430b-9bc9-7e6613603439,1.0,Item(s),1,31,1,8,0,9dd664aa2bd8c86fb6ab9dc3730e9b68c0c54893205326a1366fedf1dd4d930c,retrieved_not_selected
USLCI,1.2025-06.0,4ed578f2-dc76-39ab-bfdd-71a0109aecdc,01.00.002,"Transport, light commercial truck, electricity powered, Southwest",,UNIT_PROCESS,PHYSICAL_ALLOCATION,0925e27b-37eb-38b6-8710-314211416cc2,1.0,t*km,1,10,8,0,1,07f714f9aa335dab96991f72fbe8972d0e91232c5cc22ebad0b39327a5851fd8,retrieved_not_selected
USLCI,1.2025-06.0,4eec7a31-b920-3f91-b7c3-924f2aa92ecc,00.00.006,"Liquefied petroleum gas, combusted in industrial boiler",Northern America,UNIT_PROCESS,NO_ALLOCATION,f77da622-e84d-3639-8917-fcf792aaee13,1.0,l,1,13,7,0,0,48185cc00a3cf65b1bab1e3c018a126402085f95096cbb6831f88a471490e458,retrieved_not_selected
USLCI,1.2025-06.0,4fd964ba-76be-4099-8d94-9379678f6eb2,00.00.073,Cobalt ore; underground/open-pit mining; at mine,Congo (the Democratic Republic of the),UNIT_PROCESS,PHYSICAL_ALLOCATION,4724dc20-fc73-4f23-83f7-12ac98f37eac,1.0,kg,1,6,3,0,0,beec34df6f7a0b67f939bf125806a5f36b7e61c358b706f1a6c1e6d362c348fc,retrieved_not_selected
USLCI,1.2025-06.0,50356d14-b626-4a38-babf-bf5657d08358,00.04.002,"Printer, AltaLink B8045/55 multi-functional device (MFD)",United States of America (the),LCI_RESULT,PHYSICAL_ALLOCATION,de1939e8-b259-4d41-8d1c-588ebaa174b6,1.0,Item(s),1,2038,1975,62,0,5f93ddbfaebb6c579a3522b3ffd12931177399dc5058cef739309cca43b77ca3,retrieved_not_selected
USLCI,1.2025-06.0,515c5359-a186-3394-b849-8676652228db,00.03.034,"Forest residue, processed and loaded, at landing system",Northern America,LCI_RESULT,NO_ALLOCATION,28a1f858-bf65-35b1-ae67-2acb9d16698d,1000.0,kg,1,1198,1144,53,0,8db21cfe154cdbc7c4ffebf15b3176ce68bbcc5593c316ab70c722bd1392cefc,retrieved_not_selected
USLCI,1.2025-06.0,5198d618-7bc8-3639-b4a1-de71d6d5f49a,00.00.004,"Combustion, wet wood residue, AP-42",Northern America,UNIT_PROCESS,NO_ALLOCATION,e76b9e39-7437-3612-98bc-6940592ebf2a,1055.87,MJ,1,12,11,0,0,16f808715877ecc89eb9a7898d53977f0cfed89d14b2db28cbca0685daf1a846,retrieved_not_selected
USLCI,1.2025-06.0,51cb18c8-eb65-36b7-a20a-bc1ed819ff88,00.01.006,"Paper, freesheet, coated, average production, at mill",Northern America,UNIT_PROCESS,ECONOMIC_ALLOCATION,171c5462-de33-38ad-8de6-0d026ed2b051,861.83,kg,1,104,47,13,2,80075d012758f2464973fc0ebfee8d33acb607e020e1cf31860b07b21ccb1f9e,retrieved_not_selected
USLCI,1.2025-06.0,520ecb54-7b55-42ca-97c3-4b8192189356,00.01.002,"Ethylene, materials production, organic compound, at plant, kg",United States of America (the),UNIT_PROCESS,NO_ALLOCATION,ec1bf0d1-ff71-4960-aa0f-9fc87c14f972,1.0,kg,1,63,42,2,1,d41315ae7a526b00fd4345084e0f1b6a5b8b85019b16c434c40ca753b74fa1d6,retrieved_not_selected
USLCI,1.2025-06.0,522333ad-19c6-3748-8f8b-d3e1f59c92bc,01.00.001,"Transport, combination truck, gasoline powered, Southeast",,UNIT_PROCESS,PHYSICAL_ALLOCATION,9b20d581-cc62-3313-9412-0855be3ee7c2,1.0,t*km,1,35,33,0,0,3a32750ece89afd8c3504d87d36430c554d61097aef58daf9a8cd092ac919448,retrieved_not_selected
USLCI,1.2025-06.0,5338cf67-3f06-3a0f-81ab-1f7ee8d449f7,00.00.005,"Transport, transit bus, diesel powered, Alaska",Northern America,UNIT_PROCESS,NO_ALLOCATION,83a2d23e-a668-3b97-a037-371c67c18ccf,1.0,p*km,1,24,17,0,0,162e83438dd7455d7a564216351276075ef0809571f1dd179ed53e7a3234d3d5,retrieved_not_selected
USLCI,1.2025-06.0,53804132-4bd6-3b18-bfbd-14ac762431ef,00.00.009,"Diesel, combusted in industrial boiler",Northern America,UNIT_PROCESS,NO_ALLOCATION,e04995fa-935b-316c-b112-5b436c8ea3d6,1.0,l,1,36,30,0,0,db0eff8be5ba0c30d1c739dad55e17479fd06450055c0cc63e46756e0d66de91,retrieved_not_selected
USLCI,1.2025-06.0,53bb995e-2b64-4464-87f4-a3b79dcd1c32,00.01.007,"Ethylene dichloride-vinyl chloride monomer, EDC-VCM; at plant",United States of America (the),UNIT_PROCESS,NO_ALLOCATION,d9aa7527-5ab6-3052-9b26-07e930d95ec6,1.0,kg,1,82,64,0,2,03ece9a7dc82607914f6deffa07d284100ed7fbf423c08cfb8f9ef58688e4265,retrieved_not_selected
USLCI,1.2025-06.0,53fe40de-ea70-4506-9196-eeed6bfe9a5e,00.00.011,"Effluent release; from 5-stage bardenpho membrane bioreactor with sidestream reverse osmosis, Level 5-2 wastewater treatment plant",United States of America (the),UNIT_PROCESS,PHYSICAL_ALLOCATION,9dd59901-87f4-4ed2-99df-354715687a60,1.0,m3,1,66,65,0,0,d36f3bf2de980f0df07eff704c8a0809ec9efb7c7b8f0c0584625c57cf1b84bc,retrieved_not_selected
USLCI,1.2025-06.0,53ffa5d2-4622-30c8-8135-e1eac2d0b268,00.00.003,"Transport, refuse truck, gasoline powered",Northern America,UNIT_PROCESS,NO_ALLOCATION,7d9ed48b-6627-3b70-a84b-b16dbf9fbf4f,1.0,t*km,1,24,17,0,0,65da94cbac14f6d4d5edafa76664a743d68d69c3e8ff672210846fb8a76d5678,retrieved_not_selected
USLCI,1.2025-06.0,544f8909-5dd2-35e8-b383-c10fd32d81ea,01.00.001,"Transport, combination truck, short-haul, gasoline powered, Southeast",,UNIT_PROCESS,PHYSICAL_ALLOCATION,41361da6-313c-3621-bbe6-3a792f3dab6b,1.0,t*km,1,35,33,0,0,7a20187ca9744178e0dadbc1dd038f8781b995b0548da78b478ba0c1b25630cd,retrieved_not_selected
USLCI,1.2025-06.0,545d1932-c4c2-4428-94ea-17637fca1c75,00.00.012,"Effluent release; from activated sludge, 3-sludge system, Level 2-2 wastewater treatment plant",United States of America (the),UNIT_PROCESS,PHYSICAL_ALLOCATION,9dd59901-87f4-4ed2-99df-354715687a60,1.0,m3,1,65,64,0,0,ffb3fa6ca22a1a1877e6c56dbda9f86cc2c4b9a85ed1691a7096ae35c58985b5,retrieved_not_selected
USLCI,1.2025-06.0,54784ec6-fabb-3fcc-bea2-c8bce7c1c335,01.00.001,"Transport, light commercial truck, E85 powered, East North Central",,UNIT_PROCESS,PHYSICAL_ALLOCATION,0a954583-49bd-3d80-8200-847790caf5b2,1.0,t*km,1,35,33,0,0,d3277d7fee7e7d2d25690face4cfc995ff2560cccda4be0373776e63775b085f,retrieved_not_selected
USLCI,1.2025-06.0,54f1da31-7d12-318e-addc-5fe7b26ff415,01.00.001,"Transport, combination truck, diesel powered, Northwest",,UNIT_PROCESS,PHYSICAL_ALLOCATION,628c07ec-0802-39c1-ab88-1c62848ef436,1.0,t*km,1,34,32,0,0,c205cc7577749c3fd0e1fa16a1df83865e39a548a5cfcf93ad071d53b84401a2,retrieved_not_selected
USLCI,1.2025-06.0,553fff99-b003-39a4-b53e-a9b3da050c71,00.00.003,"Transport, passenger car, gasoline powered",Northern America,UNIT_PROCESS,NO_ALLOCATION,cf8a98c5-aa26-3276-9e95-09baf279e190,1.0,p*km,1,24,17,0,0,1f6fd5c82562596b5c4b2c526131b0186fee651f5573a2d48019dee1f11c5b4b,retrieved_not_selected
USLCI,1.2025-06.0,55d8bf4f-025a-3927-bb96-235d37ba79fc,00.00.005,"Lime, agricultural, corn production",Northern America,UNIT_PROCESS,NO_ALLOCATION,3e769f61-d317-3070-9801-9ea491b2edc5,10000.0,m2,1,6,0,1,0,05413ac933f54f5005e8782eb1afb7a8d841061afa24e4f0cb2d513caf13ecd3,retrieved_not_selected
USLCI,1.2025-06.0,55e8c918-6811-4e88-bb4e-a54203b94edc,00.00.023,"Wastewater treatment; Modified University of Cape Town, Level 3-2; at plant",United States of America (the),UNIT_PROCESS,PHYSICAL_ALLOCATION,731988d3-e452-4ada-b484-b26e30fade6f,1.0,m3,1,21,3,1,1,8962b0146f457f589e72eb3c548648bea3128f0195775262317f2cbe1952dc2f,retrieved_not_selected
USLCI,1.2025-06.0,563c9d42-ae65-3751-800a-5e0505265b35,00.01.007,"Scanner, department, i4200, i4600",Global,UNIT_PROCESS,NO_ALLOCATION,0e111ee2-6bf1-38dc-811a-17d8f5f5eeab,1.0,Item(s),1,35,0,22,1,3224914096fc0e3e18fb6679e60e6bcea9bc6bbb922450d7e87a75626b81bdf9,retrieved_not_selected
USLCI,1.2025-06.0,56a0a559-826a-46ff-9292-b2ba8cde47a7,00.00.010,"Effluent release; from 5-stage bardenpho with sidestream reverse osmosis, Level 5-1 wastewater treatment plant",United States of America (the),UNIT_PROCESS,PHYSICAL_ALLOCATION,9dd59901-87f4-4ed2-99df-354715687a60,1.0,m3,1,66,65,0,0,0ab839da851ba127d3f62f57306c3f486dd0a3ea85acac713b69ee950b6ff6f9,retrieved_not_selected
USLCI,1.2025-06.0,57686507-ed6b-3e06-906e-c28a7c6fb8bc,00.00.018,"Particleboard, average, softwood, particleboard mill",Northern America,UNIT_PROCESS,PHYSICAL_ALLOCATION,ea677467-e6eb-3369-b47d-b09edad21f04,1.0,m3,1,41,11,13,1,193f52993f612a64b1918614ff39d6965a6e92a41bdd3377582ca7a44468df8c,retrieved_not_selected
USLCI,1.2025-06.0,57cdac3b-a289-330e-8e55-6b7e2c6885fb,00.00.006,"Transport, pipeline, natural gas",Northern America,UNIT_PROCESS,NO_ALLOCATION,057a281a-908b-3adf-8f51-ed79fe5c5a9b,1.0,t*km,1,4,2,0,0,13c2cf591a7297b4d2c99d0819461e90fddcd21c6627c668540f1d96556f1189,retrieved_not_selected
USLCI,1.2025-06.0,57daae53-7301-327d-9a32-b3b3ce19e04f,00.00.004,"Transport, refuse truck, diesel powered, Southwest",Northern America,UNIT_PROCESS,NO_ALLOCATION,c99244fc-abe3-3836-9d0c-ce0872f79975,1.0,t*km,1,24,17,0,0,4b46719e1bf5dfa7b42654a2c608cadfef38571044556e44c2cbe9829f2aeb95,retrieved_not_selected
USLCI,1.2025-06.0,584e72ac-e367-37c9-8fb9-12ceb749b4b9,01.00.002,"Transport, light commercial truck, electricity powered, South",,UNIT_PROCESS,PHYSICAL_ALLOCATION,0925e27b-37eb-38b6-8710-314211416cc2,1.0,t*km,1,10,8,0,1,6718d0d77eccb92846e627bab0fbaec49177b7466df8ce49f5211d29c118eecf,retrieved_not_selected
USLCI,1.2025-06.0,58d35077-c5ba-309f-8a43-0755518cb0ec,01.00.001,"Transport, combination truck, gasoline powered, Alaska",,UNIT_PROCESS,PHYSICAL_ALLOCATION,9b20d581-cc62-3313-9412-0855be3ee7c2,1.0,t*km,1,35,33,0,0,18e5ca360f175c9ee0d2645751b53a4691db4c303409b30e19c91e02b6d35432,retrieved_not_selected
USLCI,1.2025-06.0,58d87aee-291c-3c61-9d6f-e8ba8dba94cc,00.00.003,"Transport, school bus, gasoline powered",Northern America,UNIT_PROCESS,NO_ALLOCATION,ab10ce80-b5a6-39c7-b09f-a8891da7f908,1.0,p*km,1,24,17,0,0,f8020fb55c7574114aae5c825ce0ea7094fc4475253bdd95e9f71e42f5574312,retrieved_not_selected
USLCI,1.2025-06.0,58f347f3-07e0-39c4-bfeb-c5622795bab6,01.00.001,"Transport, combination truck, short-haul, gasoline powered, West North Central",,UNIT_PROCESS,PHYSICAL_ALLOCATION,41361da6-313c-3621-bbe6-3a792f3dab6b,1.0,t*km,1,35,33,0,0,681689e0e36c31156cb3381a61980dab06d4a6fcd31d0a0d04168a7f6b59b70a,retrieved_not_selected
USLCI,1.2025-06.0,5930e0ca-21e1-37ed-9f2c-ead2c9292d6c,01.00.001,"Transport, single unit truck, short-haul, compressed natural gas powered, South",,UNIT_PROCESS,PHYSICAL_ALLOCATION,1a34089c-3f9a-3afb-9ca6-93a4c7d6424e,1.0,t*km,1,35,33,0,0,d9f8bb9463bd94983e1ff6e4ab3185fda183efe51c1318a72bce5f6d505545b8,retrieved_not_selected
USLCI,1.2025-06.0,5959c0b4-b071-3549-8596-25757731c2ba,01.00.001,"Transport, combination truck, diesel powered, Northeast",,UNIT_PROCESS,PHYSICAL_ALLOCATION,628c07ec-0802-39c1-ab88-1c62848ef436,1.0,t*km,1,34,32,0,0,9305e4277b7ac0dce2b6e1116dbb3cd5f3d926f97ef293558d64dbd1209b3223,retrieved_not_selected
USLCI,1.2025-06.0,59fb955e-b52d-3905-8458-82b162d53f28,00.01.005,"Ductile Iron Pipe, 8"" inch diameter; at plant; per linear foot",United States of America (the),UNIT_PROCESS,,bdcc4860-85cc-34ac-b063-7d15bdfab77d,1.0,ft,1,4,0,0,0,0005a325b7084faf6b40271173a88d1405091ddb9c89142dff0a3241cc345530,retrieved_not_selected
USLCI,1.2025-06.0,5a782377-d196-304c-baec-fea559a4dfe2,00.00.005,"Enzyme, Glucoamylase, Novozyme Spirizyme",Europe,UNIT_PROCESS,NO_ALLOCATION,d818c190-7b73-33b1-b0d4-9f4339e3b117,1.0,kg,1,9,6,2,0,9b5c2806da7d5afed921c5f0f27c2df798242f30f190de39dc6d0c84dbffc132,retrieved_not_selected
USLCI,1.2025-06.0,5abfba66-c3cb-38f2-8b01-9f566c5ab656,00.00.008,"Rapeseed, whole plant, at field",United States of America (the),UNIT_PROCESS,ECONOMIC_ALLOCATION,e7ba8c87-72ef-37ff-ba46-68fcf13e09ea,1.0,kg,1,32,23,2,0,c3ade71bc6c579a2ede318237add89c1ed8d84e718c1a6e0a117dfd5f99e48af,retrieved_not_selected
USLCI,1.2025-06.0,5ad4d191-c3b5-47ba-8ed6-1e446cd6e547,00.00.029,"Wastewater treatment; Conventional plug flow activated sludge, Level 1; at plant",United States of America (the),UNIT_PROCESS,,08ede23b-a073-4a7a-8552-48eeb63c4291,1.0,m3,1,17,3,1,1,213bc8bb38dcbf4d25bd9f48001437a8086d3b4bd09ae7b7a38d0626c77a7cfd,retrieved_not_selected
USLCI,1.2025-06.0,5b069a14-422d-4fcc-9516-3cece8a8dddd,00.01.002,"Carbon fiber, reinforced polymer; at plant",United States of America (the),UNIT_PROCESS,NO_ALLOCATION,eb1b13aa-cfac-4c12-a77a-27394c85e171,1.0,kg,1,6,0,0,1,003087fd9d052f9513563efad8ece27f9f018e636f43d6fee63475fcc1a44dbc,retrieved_not_selected
USLCI,1.2025-06.0,5b12a6bf-921f-3e80-9bd4-1c250a6696fb,00.00.011,"Wood fuel, hardwood, gen at lumber mill, combusted in industrial boiler, NE-NC",United States of America (the),UNIT_PROCESS,NO_ALLOCATION,75c3bc19-9aeb-30a9-a43f-c862c7354c85,1.0,kg,1,36,32,1,0,a7d6b20eddd78250184c38334468b816486476add6d0258a6ae594035b3e2f52,retrieved_not_selected
USLCI,1.2025-06.0,5b26dd62-5ab0-3822-b39c-6aa187efc9e5,00.00.006,"Electricity, lignite coal, at power plant",Northern America,UNIT_PROCESS,NO_ALLOCATION,a9f6971f-58a0-30b0-af5c-a36d11fe487f,1.0,kWh,1,57,51,0,0,f25cba07ba73c0b8234eb107738b117d28047616ad3a179581c02921d97e9406,retrieved_not_selected
USLCI,1.2025-06.0,5b7c9f9b-8460-4afd-a560-b441f0fcf408,00.01.003,"Natural gas, Marcellus Shale, at extraction",United States of America (the),UNIT_PROCESS,NO_ALLOCATION,f979ad58-ceed-4fbd-9aaf-5e60b454026d,1.0,kg,1,22,18,0,1,5928f576bb5d3174224572ae8cdd7a9e447766ee50d2d0f57ee012b6d3914b59,retrieved_not_selected
USLCI,1.2025-06.0,5ba3337a-ae67-328a-8b7e-7f1d9a4d1837,01.00.001,"Transport, single unit truck, gasoline powered, Northeast",,UNIT_PROCESS,PHYSICAL_ALLOCATION,30c89ffc-e08a-3d2b-8c96-33b2397b9bd8,1.0,t*km,1,35,33,0,0,c81c4725894eb61f4fc512f680fbda7b18965f197bf8de736e04cde913f4bf80,retrieved_not_selected
USLCI,1.2025-06.0,5ba6a086-dc74-3b94-918e-f09e9e8a6aae,00.00.005,"Transport, transit bus, diesel powered, Central",Northern America,UNIT_PROCESS,NO_ALLOCATION,83a2d23e-a668-3b97-a037-371c67c18ccf,1.0,p*km,1,24,17,0,0,79aef432aa55a09edc0e6982548e3574f6a97eb4898293054f65b590c1e4e2d2,retrieved_not_selected
USLCI,1.2025-06.0,5bda8bab-98d7-3964-929a-d1e7f2c0327c,01.00.001,"Transport, combination truck, diesel powered, Southeast",,UNIT_PROCESS,PHYSICAL_ALLOCATION,628c07ec-0802-39c1-ab88-1c62848ef436,1.0,t*km,1,34,32,0,0,5d7ea3e373a4453605a9e4483e64571ba28389382ba3ad13f427c565247ad104,retrieved_not_selected
USLCI,1.2025-06.0,5c8a1525-9788-373b-9c4a-e26ba39f2442,01.00.001,"Transport, combination truck, short-haul, diesel powered, Southwest",,UNIT_PROCESS,PHYSICAL_ALLOCATION,59449b10-044a-3a9b-a6e6-5c5fc97b50bb,1.0,t*km,1,34,32,0,0,82fef1d540402a7d3c976d710a5db7bf69a297aa99ee9ba2f1e19605dba1cc56,retrieved_not_selected
USLCI,1.2025-06.0,5d274fc8-65f3-3f3a-a583-f12cace7c494,00.00.012,"Butadiene, at plant",Northern America,UNIT_PROCESS,NO_ALLOCATION,73397897-35ba-3539-b474-d4a12f1628d0,1.0,kg,1,42,23,0,1,c25e15c986ad32ea7469cfcaeee85850260d58495470e391baa98768649ac660,retrieved_not_selected
USLCI,1.2025-06.0,5dacfb93-571f-3502-bf9e-1ce678de151d,00.00.008,"Sodium chloride, at plant",Northern America,UNIT_PROCESS,NO_ALLOCATION,c28f9211-98eb-3509-95cc-771d8fefae51,1.0,kg,1,6,1,0,1,3d1978cb0a618b8aacf9db47e6bef1ab0d13a1ab554831fe00395a24fa334688,retrieved_not_selected
USLCI,1.2025-06.0,5dd973e3-0fc2-38d8-a25b-51b82ee2c2de,00.01.006,"Wood fuel, unspecified",Northern America,UNIT_PROCESS,NO_ALLOCATION,ba4fbc4f-a9ab-387c-8bdd-9308dc19f404,1.0,kg,1,12,10,0,0,7a0a4136ccbf46cd8c53cac1d1d6c76ced4e7fa559ef685e3a7d6251899bea00,retrieved_not_selected
USLCI,1.2025-06.0,5deeead4-4080-41fd-bae0-04d8aea6a656,00.00.060,"Dispensing of gasoline, at pump",United States of America (the),UNIT_PROCESS,,186fde44-7af8-342e-ba59-8e9dee9b5c45,1.0,t,1,7,0,0,0,902dcf4cdc3f280587273cab95f2fc467ac49e0ea5c2546a606f6221447a3f23,retrieved_not_selected
USLCI,1.2025-06.0,5e69a6de-781d-31e7-9892-123562ee2f32,01.00.001,"Transport, single unit truck, short-haul, compressed natural gas powered, Northeast",,UNIT_PROCESS,PHYSICAL_ALLOCATION,1a34089c-3f9a-3afb-9ca6-93a4c7d6424e,1.0,t*km,1,35,33,0,0,068ff73a49d1895c0f8deb206000c4907246cdb6c2c79b9921db3db0d4fceaa1,retrieved_not_selected
USLCI,1.2025-06.0,5e71644e-6793-3cf3-bfcb-50eb45aa4620,00.01.006,"Ductile Iron Pipe, 6"" inch diameter; at plant; per linear foot",United States of America (the),UNIT_PROCESS,,307136dc-e8b7-3d67-bd24-8b14cd666d45,1.0,ft,1,4,0,0,0,85c21d0b731a29d673f6b8903f29ac9339af07b980c3f8855f02c3e86270bd7b,retrieved_not_selected
USLCI,1.2025-06.0,5efab4fc-4754-31a7-aa68-d8f8b81d0d63,01.00.002,"Transport, single unit truck, short-haul, electricity powered, West",,UNIT_PROCESS,PHYSICAL_ALLOCATION,855b58f5-89b6-3b25-b33e-59454a0adbaa,1.0,t*km,1,7,5,0,1,319407449788def5bf05879f01e2f010c737ce42cdf6c78fb6bb96f0b786e3f2,retrieved_not_selected
USLCI,1.2025-06.0,5eff00a9-58ca-322a-b951-07c86d7fd9fa,00.01.001,"Mixed recyclables, at collection, curbside, volume basis",United States of America (the),UNIT_PROCESS,NO_ALLOCATION,27a6e1c4-521c-3cdb-9a43-3b8827599651,1.0,m3,1,3,0,1,0,cf0c42751c3ec2033d86f47b4b8eeaf8d700b8b9052d065c33c85b41fe5f341a,retrieved_not_selected
USLCI,1.2025-06.0,5f16c25b-5e51-372f-83db-cfc97c530914,01.00.001,"Transport, combination truck, compressed natural gas powered, West North Central",,UNIT_PROCESS,PHYSICAL_ALLOCATION,8a848faa-996b-39f4-a2ec-e9a1df693278,1.0,t*km,1,35,33,0,0,e20eaa1ce528d45f4f97390fb6116969c0a42a2f3b1434b0ebfd611888b6a467,retrieved_not_selected
USLCI,1.2025-06.0,5f23939e-be70-364e-95c2-baef329a95fe,00.02.018,"Steel, liquid, at plant",Northern America,UNIT_PROCESS,NO_ALLOCATION,2593a8b8-4eff-373f-b50c-cb4cf610ecb7,1.0,kg,1,98,92,1,0,e750c2d488d266b98892e31975d51689ef147f60afe54493ed23d085d99d4426,retrieved_not_selected
USLCI,1.2025-06.0,5faf03a2-ab55-3768-a625-4c2a246a9a4d,01.00.001,"Transport, single unit truck, long-haul, gasoline powered, West",,UNIT_PROCESS,PHYSICAL_ALLOCATION,9f52f8d9-5c7c-3d35-a912-376b70769a26,1.0,t*km,1,35,33,0,0,f8dc04b3deb729cc3465ce50ce5ee981f1b13fbc200e2582ba62280d2e912d81,retrieved_not_selected
USLCI,1.2025-06.0,5fea6b91-f71b-4a8f-864f-b64af87e8b75,00.01.003,Vinyl ester resin; at plant,United States of America (the),UNIT_PROCESS,NO_ALLOCATION,259a0eef-9855-4671-9b2d-7242326b3e6b,1.0,kg,1,22,4,3,1,45f65aa18ad03627825e45f511640c5ccbef8ab3a70a93b43d6ba739b0f778d1,retrieved_not_selected
USLCI,1.2025-06.0,60157c4b-2824-34d2-9c23-291728d3b01e,01.00.001,"Transport, combination truck, short-haul, diesel powered, Central",,UNIT_PROCESS,PHYSICAL_ALLOCATION,59449b10-044a-3a9b-a6e6-5c5fc97b50bb,1.0,t*km,1,34,32,0,0,c8761857dcffa029dcbbf6e009d3fceb03df2543ea50edacc9139bb92b915f6e,retrieved_not_selected
USLCI,1.2025-06.0,6017be4d-8df3-31bf-9597-756852c8f18d,00.01.010,Drinking water treatment; Distribution Pipe Network Infrastructure; at plant,United States of America (the),UNIT_PROCESS,,b7fb225a-dced-3a87-a3f3-e03afe11c2f7,1.0,m3,1,15,0,0,0,8b6986a19467ba7d97cafbee38b48d632004c7024d8ee92815682b02e90035fe,retrieved_not_selected
USLCI,1.2025-06.0,6023a2bf-2d42-348b-bee7-caae15319edb,00.00.006,"Electricity, bauxite mining regions",Global,UNIT_PROCESS,NO_ALLOCATION,34477c97-cd27-366c-a5e7-17ebd2127b9f,1.0,kWh,1,7,0,2,0,1f2be0edb4286c3d9c55620778ac813eefd7ae09683c653829bc0fd4668232c7,retrieved_not_selected
USLCI,1.2025-06.0,60785dad-585a-3fe9-ae8e-507f0cbc7f6f,01.00.001,"Transport, combination truck, short-haul, gasoline powered",United States of America (the),UNIT_PROCESS,PHYSICAL_ALLOCATION,41361da6-313c-3621-bbe6-3a792f3dab6b,1.0,t*km,1,35,33,0,0,df3c5520185c961a60d7c21ebdac67030a1d39941769d4a44e7dcdbb50997ef8,retrieved_not_selected
USLCI,1.2025-06.0,60970f46-7a3f-47d7-ab17-e102327bed27,00.01.003,Glass fiber; at plant,United States of America (the),UNIT_PROCESS,NO_ALLOCATION,645b107e-dca0-40f0-93c5-b411a41866c4,1.0,kg,1,6,0,2,1,89cb149f8cfb4396feaefecdef84efbcf3e1bfc9913783ca5cae89271603bd3a,retrieved_not_selected
USLCI,1.2025-06.0,60b5e1ee-3f9c-39e4-ad2f-68cfe3a71956,00.00.013,"Steel product, primary structural, beams and columns, at plant",Northern America,UNIT_PROCESS,NO_ALLOCATION,51447292-5c8a-3369-8ab1-092bdaf61c38,1.0,kg,1,737,735,1,0,1c7f367b6824fc978b4af0ea63e32dbb3d8c8c08ebc56845d9ae501658df3a2b,retrieved_not_selected
USLCI,1.2025-06.0,60ec67a9-1287-4323-9efe-df1c1434c9b6,00.00.005,"Sodium hydrogen Sulfite, 12.5% in solution Bridge; USLCI to USEEIO",,UNIT_PROCESS,,bcf2a6f6-ea15-4e61-b213-a6cc23a845f7,1.0,kg,1,2,0,1,0,e5bd8525c0808402c492c590e8234b806649fc906f2cef4d41212c39f847b1af,retrieved_not_selected
USLCI,1.2025-06.0,610e0b54-fd24-3153-965b-7f41e3867b24,01.00.002,"Transport, single unit truck, electricity powered, Central",,UNIT_PROCESS,PHYSICAL_ALLOCATION,94755eaa-c6ec-32d3-b687-b94ed0a53e5f,1.0,t*km,1,7,5,0,1,b5ded28926ae150a845cf36837c37f80979b5ab21e2cea954b2f642e18530431,retrieved_not_selected
USLCI,1.2025-06.0,614fa641-e1a1-337b-8ed3-8812880a1656,01.00.001,"Transport, combination truck, short-haul, gasoline powered, Hawaii",,UNIT_PROCESS,PHYSICAL_ALLOCATION,41361da6-313c-3621-bbe6-3a792f3dab6b,1.0,t*km,1,35,33,0,0,863027160fa8a3555a367b18ab890b308a87a370fd60f1bf44a32f1a90266666,retrieved_not_selected
USLCI,1.2025-06.0,61d04f2c-c8df-3b9c-8def-60328506efd2,00.00.007,"Wood fuel, hardwood, purchased, combusted in industrial boiler, NE-NC",United States of America (the),UNIT_PROCESS,NO_ALLOCATION,ccf86743-6a0f-39d5-949e-6b2950bae209,1.0,kg,1,35,32,0,0,24a5120356da31cec432f079c59b8744a44284c1c456fc808321dec5e9991553,retrieved_not_selected
USLCI,1.2025-06.0,61f86f6a-63bd-3e94-ba1b-317849b03e46,01.00.001,"Transport, light commercial truck, diesel powered, Northeast",,UNIT_PROCESS,PHYSICAL_ALLOCATION,35fe9caf-2ad2-3d14-ae03-21454a89da2e,1.0,t*km,1,34,32,0,0,dbb80e5926889e31ca8a04666fdee5e8821ae16bfa55b96026dbaf8596fb24f7,retrieved_not_selected
USLCI,1.2025-06.0,61ff7eba-1846-30cb-9840-33939ee0dc26,00.00.009,"Transport, aircraft, freight",United States of America (the),UNIT_PROCESS,NO_ALLOCATION,6a71f6df-1df1-32f0-b926-6e9b932a7fe9,1.0,t*km,1,11,9,0,0,52b7f9708f669a585369177be08788db7ec38dc31280052e49ab1655e0ac6f48,retrieved_not_selected
USLCI,1.2025-06.0,622e5265-a4dd-3727-b8d9-26e905f1666b,01.00.002,"Transport, combination truck, electricity powered, Southeast",,UNIT_PROCESS,PHYSICAL_ALLOCATION,70d89027-628d-3404-8458-b209e40dd0e0,1.0,t*km,1,7,5,0,1,be43977e7a199a62721311d862bf753d496c206596634530ff9a94965b9a1003,retrieved_not_selected
USLCI,1.2025-06.0,62993671-574c-3fc5-b66a-6be3bb21ad3d,00.00.012,"Portland cement, at plant",Northern America,UNIT_PROCESS,NO_ALLOCATION,277959d5-1a12-33d4-9d7f-1604f2227c09,1.0,kg,1,64,36,13,1,599fb30a358bfb7d8d7d99f408ca21a838e1417783822ef98aa254628deaef1f,retrieved_not_selected
USLCI,1.2025-06.0,630010e9-27e1-3ea8-9845-b87832b536f4,00.00.006,"Harvest, corn, single pass",Northern America,UNIT_PROCESS,NO_ALLOCATION,673f1eb9-e51c-3e65-a4d6-cff86326989e,1.0,m2,1,2,0,1,0,5513d78f23e307d6497fac5c7a907360457b6cd1dbe3bd5ab6214f5a85f09d96,retrieved_not_selected
USLCI,1.2025-06.0,6373ec73-ca57-47bd-8284-2f3cc25b8637,00.00.004,"Copper, at storage Bridge; USLCI to USEEIO",,UNIT_PROCESS,,19fb905b-a259-3480-848f-af6a058a4d99,1.0,kg,1,2,0,1,0,49d65e2db2fbd8f706cf6126fdd5164486ef9069dbabd8d23a00154e1e5cab2c,retrieved_not_selected
USLCI,1.2025-06.0,63c20ec0-b164-33d8-8e3e-ed6959b7e25f,01.00.002,"Transport, single unit truck, short-haul, electricity powered, Southeast",,UNIT_PROCESS,PHYSICAL_ALLOCATION,855b58f5-89b6-3b25-b33e-59454a0adbaa,1.0,t*km,1,7,5,0,1,2c02cd18dec647e8538482250529ce692204d47a7cd16066eaace68946bd6750,retrieved_not_selected
USLCI,1.2025-06.0,63e1c955-9000-46d0-840a-1e2d102b2f79,00.00.003,Nickel Bridge; USLCI to USEEIO,,UNIT_PROCESS,,42362f39-adb4-3a8c-987c-491083c17728,1.0,kg,1,2,0,1,0,ee3f9f1d42d3586d2b3577260cb067e8ba91970287bc50ca534712d5e00980bf,retrieved_not_selected
USLCI,1.2025-06.0,640186a9-d4e0-39cd-9c23-95c215738edd,00.00.012,"Roundwood, hardwood, green, at mill, E",United States of America (the),UNIT_PROCESS,PHYSICAL_ALLOCATION,6ce8c09f-8a15-3d59-a868-8093b62c4ff4,1.0,m3,1,9,2,1,0,4461f9c930059c828a87c00a7a15257188040af3505ca2e683fcfcbddb089823,retrieved_not_selected
USLCI,1.2025-06.0,64029786-e754-3c97-a4c3-c73b60f77f58,01.00.001,"Transport, combination truck, long-haul, compressed natural gas powered, Southeast",,UNIT_PROCESS,PHYSICAL_ALLOCATION,8d49dd43-aada-36f4-9bf3-feff7e3231c3,1.0,t*km,1,21,19,0,0,33557a3ba0a7e2108a67c9c83d1d325ae705e313a0b2e045f449ff4c346ae136,retrieved_not_selected
USLCI,1.2025-06.0,64268081-0e35-398b-aa66-c9150f3fd3e5,00.01.002,"Scanner, i1150 desktop and i1190 desktop",Global,UNIT_PROCESS,NO_ALLOCATION,7d60a38e-39ab-327d-92d3-c1e4012ac0ee,1.0,Item(s),1,26,0,18,1,fda5a43ba0c63d7045457d6b5b09c24833fce0aa7d96b28a060f76d74eba6890,retrieved_not_selected
USLCI,1.2025-06.0,64394243-614a-3ed3-93a7-1eecd7ac6608,00.01.010,Ductile iron pipe; centrifugal casting; at plant,United States of America (the),UNIT_PROCESS,,831c5009-efd0-308e-998e-18f26915ec0a,2000.0,lb av,1,14,9,0,1,eefae25c06d159e650b17c64a35d7033b53a36d681938d5fb65967e06b4b879e,retrieved_not_selected
USLCI,1.2025-06.0,64c379de-b24a-36d0-9170-d61d9d9d7278,00.00.008,"Ethanol, 85%, at blending terminal, 2022",Northern America,UNIT_PROCESS,NO_ALLOCATION,ec45ebbc-909d-347c-b810-ad895485bcba,1.0,kg,1,6,0,2,1,49fa754f1bd0238eeedcbc2289b558f66461c16fb17e1654137fcee4c691aaf5,retrieved_not_selected
USLCI,1.2025-06.0,64c8073f-1a19-3022-a9f2-a3ebfa074d9c,01.00.001,"Transport, combination truck, compressed natural gas powered, Northwest",,UNIT_PROCESS,PHYSICAL_ALLOCATION,8a848faa-996b-39f4-a2ec-e9a1df693278,1.0,t*km,1,35,33,0,0,2934a124a6b79e01bf1da586e3babe66514b7d889389b82d961d10bbd3ac1864,retrieved_not_selected
USLCI,1.2025-06.0,654da175-b520-3fa5-9efd-3fa7e72c7591,01.00.002,"Transport, combination truck, long-haul, electricity powered, Northeast",,UNIT_PROCESS,PHYSICAL_ALLOCATION,0e5e3079-33df-31fd-ad79-8b8feff08fb6,1.0,t*km,1,7,5,0,1,062d290f514125c403b64aa9958979b7dd7c8fe47a3010f47868b143a7e7dc96,retrieved_not_selected
USLCI,1.2025-06.0,655c14ed-5b78-3e50-96e5-e21f710143fe,00.00.009,"Roundwood, hardwood, green, at mill, NE-NC",United States of America (the),UNIT_PROCESS,PHYSICAL_ALLOCATION,6ce8c09f-8a15-3d59-a868-8093b62c4ff4,1.0,m3,1,6,0,1,0,0ca2a67ed0247ab4bd50b628711ccde09a3f6b56b1d54f693dbfe1c42ff32ecf,retrieved_not_selected
USLCI,1.2025-06.0,65d88b9a-d73a-354d-b9ff-c8503ec42c78,00.00.008,"Automotive painting, electrocoating, per m2",Northern America,UNIT_PROCESS,NO_ALLOCATION,d53a4cf5-d6ae-3f33-b897-975d6ba2eb11,1.0,m2,1,10,2,3,1,9370d5e13d202c88e06d8d8791b4de95117349d117d311fa7379497384843808,retrieved_not_selected
USLCI,1.2025-06.0,66280f03-b26f-35c4-bda2-3d4a8652943a,00.00.006,"Electricity, bituminous coal, at power plant",Northern America,UNIT_PROCESS,NO_ALLOCATION,737e3efb-29d4-3b9d-8d78-6269508c1f59,1.0,kWh,1,60,52,1,0,9d98ade93c556a194b7ae75297df8e60b24e4fe9c265fbb9f5dedc182e6507d0,retrieved_not_selected
USLCI,1.2025-06.0,662f589e-3363-3b4d-92a4-c98f68bc3339,01.01.003,"Single-ply, white, polyester reinforced PVC roofing membrane, 48 mils - 1.219 mm",,LCI_RESULT,PHYSICAL_ALLOCATION,494e45ff-c752-37c6-9bba-3a72399b35ec,1.0,m2,1,2429,2345,73,0,a27a2b270c12e074ec9e6762b842b4b0d49b038c30805eae405894f61c1822f7,retrieved_not_selected
USLCI,1.2025-06.0,66691548-5be9-3c87-bf87-2f38136bc7bf,00.00.014,"EPS insulation board, at plant",Northern America,UNIT_PROCESS,NO_ALLOCATION,34c5d9a7-8301-3088-9f4f-ee200cdccdf3,1.0,kg,1,25,11,0,1,f56cf1f406f49c259f4a0495ebcdf03fd80777dc5ea4e8b78e555bd524f32164,retrieved_not_selected
USLCI,1.2025-06.0,66cf43e1-e3fe-36b4-8653-bb5b739b0f5e,00.01.008,"Wood fuel, softwood, gen at lumber mill, combusted in industrial boiler, NE-NC",United States of America (the),UNIT_PROCESS,NO_ALLOCATION,7790c31b-ad49-308e-8909-f1af0931f198,1.0,kg,1,36,32,2,0,e72fd0246ef778bfe07065de1ab7a5acaeb3db1309253f0dbe570610d331a0a0,retrieved_not_selected
USLCI,1.2025-06.0,67005f65-59d6-3d76-beaf-971c3369bccd,00.01.009,Drinking water; with UV disinfection; at consumer,United States of America (the),UNIT_PROCESS,,bd9ffece-6a36-3d60-99a5-33fc3f7ea639,1000.0,cu ft,1,6,0,0,0,19b144214723aaa362aa23d37fdfb4a4a8935b7c1ff24bb88a3c40e419e21608,retrieved_not_selected
USLCI,1.2025-06.0,67759511-8607-395d-8d34-8636b1e47754,01.00.001,"Transport, combination truck, long-haul, diesel powered, Alaska",,UNIT_PROCESS,PHYSICAL_ALLOCATION,13ed0c67-549c-3a01-afee-7083b12dd949,1.0,t*km,1,34,32,0,0,3ee6335ef571369164981117094e5ac7e3dac9a11e03755d738a45571bb2b620,retrieved_not_selected
USLCI,1.2025-06.0,680b052f-bb13-31f6-b40e-23762ff158eb,00.01.015,Drinking water treatment; Conventional UV Infrastructure; at plant,United States of America (the),UNIT_PROCESS,,59423859-dd2f-3d39-a8da-7e24a6d8bc60,1.0,m3,1,5,0,0,0,1dc3143516ef943ccc1aa04a70e0825a79de712b176773cb3b340025bc2286aa,retrieved_not_selected
USLCI,1.2025-06.0,68ca1e82-093d-3fa3-abe4-f7054f3a2a92,00.01.010,Drinking water treatment; Water storage infrastructure; at plant,United States of America (the),UNIT_PROCESS,,3484cb5c-d933-3c0f-b71f-5e4a1caf0f90,1.0,m3,1,4,0,0,0,e6b82b5e091666771f0b26def2d00a91cd33928b6c28e4d8541149ee43da7a1a,retrieved_not_selected
USLCI,1.2025-06.0,68f4d066-5043-34cc-a944-5041732f8e7a,00.00.009,Corn steep liquor,Northern America,UNIT_PROCESS,NO_ALLOCATION,96adbc9c-2708-34ab-86af-18ae6560f616,1.0,kg,1,62,59,0,0,a0da43ac6522aa43c90a5869df303bff7e50fb1150d68c3b27bc6e9e4e27b949,retrieved_not_selected
USLCI,1.2025-06.0,697947c1-fc38-4406-bee1-d1e5baaa71d8,00.01.002,Hydrogen; small scale-steam methane reforming; at plant,United States of America (the),UNIT_PROCESS,NO_ALLOCATION,f842f7d2-426a-44e0-ae4c-d1c96a977f84,1.0,kg,1,10,4,2,1,382e69850ce8c277bed5a3c060caa032fa3aa66ea890f4de143b3cfe01647674,retrieved_not_selected
USLCI,1.2025-06.0,6986d506-b365-456c-8111-276972f6b5a4,00.01.002,"Glass fiber, reinforced polymer; fine ground; from wind turbine; at site",United States of America (the),UNIT_PROCESS,NO_ALLOCATION,c844cc1b-a952-41a6-8771-da8f4b24443a,1.0,kg,1,3,0,0,1,b0ea108ff750ffc347943b241037aad84828785db094a3513b884aa5f34cf9fc,retrieved_not_selected
USLCI,1.2025-06.0,6a01cdd9-09e7-32e8-b32f-2e85b8cd1590,01.00.001,"Transport, single unit truck, long-haul, diesel powered, Central",,UNIT_PROCESS,PHYSICAL_ALLOCATION,1c639821-1428-35ac-aaa4-277aacdc7420,1.0,t*km,1,34,32,0,0,4c42654b51fe2670b57a7ee2546d5e8332c855e1aab90f3c849e3ec94721637a,retrieved_not_selected
USLCI,1.2025-06.0,6a12cba1-889d-4515-90f8-89feb8d662f2,00.01.003,"Polyethylene, low-density, LDPE, virgin resin, at plant",Northern America,UNIT_PROCESS,NO_ALLOCATION,2f9d79bf-e4c6-400a-a076-8c00f468fa3b,1.0,kg,1,53,37,1,1,1a2ea8a3f017f644d2d18d7a31fa1bdb5542260b96b9c571b36ebdcc9f7ec889,retrieved_not_selected
USLCI,1.2025-06.0,6a7f6ad7-02b8-3d41-a800-1cad098783c5,01.00.001,"Transport, combination truck, short-haul, diesel powered, Northwest",,UNIT_PROCESS,PHYSICAL_ALLOCATION,59449b10-044a-3a9b-a6e6-5c5fc97b50bb,1.0,t*km,1,34,32,0,0,1165dc177da275900a041fc53f601767ff88c698dc02ad9ee7767a7cf759e7e8,retrieved_not_selected
USLCI,1.2025-06.0,6b0d74c7-e880-4b93-aa2f-b777ac183f84,00.01.002,"Methanol, at plant, kg",Northern America,UNIT_PROCESS,NO_ALLOCATION,ae69b712-d8d2-41ef-a2c1-fb477807f742,1.0,kg,1,22,11,0,1,c731c49dca8b14313e1a909e982330b95907b6496563940cdffd641fecfbc6e2,retrieved_not_selected
USLCI,1.2025-06.0,6b80eeee-54ed-3f0f-82cd-8c29e3aa5d24,00.00.018,"Heat, onsite boiler, hardwood mill average, NE-NC",United States of America (the),UNIT_PROCESS,PHYSICAL_ALLOCATION,833c3f72-fbbe-37ea-adf8-929b47ec0255,1.0,MJ,1,8,0,0,0,afc82011283f9a6209b97343962d85710025da341b076ff02cdb8a95e7203c8b,retrieved_not_selected
USLCI,1.2025-06.0,6baa9816-6151-3af1-b230-d28bebfb5227,00.00.011,"Roundwood, hardwood, green, at mill, SE",United States of America (the),UNIT_PROCESS,PHYSICAL_ALLOCATION,6ce8c09f-8a15-3d59-a868-8093b62c4ff4,1.0,m3,1,6,0,1,0,877e9a7de6243ac6f7ab4a52baf3563c5a52c35bcd31d8a469b59d58bdadf252,retrieved_not_selected
USLCI,1.2025-06.0,6be06ac1-f467-3a81-ba7f-ce7c89544ffb,01.00.001,"Transport, single unit truck, short-haul, compressed natural gas powered, Southeast",,UNIT_PROCESS,PHYSICAL_ALLOCATION,1a34089c-3f9a-3afb-9ca6-93a4c7d6424e,1.0,t*km,1,35,33,0,0,e5ffb2249dc22838852a02176d3bc0c2fa4ea7dd2ebc545814456659630c283c,retrieved_not_selected
USLCI,1.2025-06.0,6bf03929-c98a-32e8-b816-17c4908a069d,00.01.013,Drinking water treatment; Chemical Conditioning; at plant,United States of America (the),UNIT_PROCESS,,41abfe71-f68c-36f5-a4e2-a450958c5106,1000.0,cu ft,1,8,0,0,0,ee6645ca765c9fbd8e79c5090833384ef0398af21d7cc0ba5109e32e016fed5a,retrieved_not_selected
USLCI,1.2025-06.0,6c043569-96d8-3644-81a7-f19c332e1a49,01.00.002,"Transport, combination truck, long-haul, electricity powered, Alaska",,UNIT_PROCESS,PHYSICAL_ALLOCATION,0e5e3079-33df-31fd-ad79-8b8feff08fb6,1.0,t*km,1,7,5,0,1,ed853238fe3407086f08f2e8e2288b59cd9c5dd2abf438e478e74f3a959af290,retrieved_not_selected
USLCI,1.2025-06.0,6c0996a5-8104-3770-ae44-aba5a65fa3c3,00.01.002,"Packaging, Production Scanners",Global,UNIT_PROCESS,NO_ALLOCATION,cc3c0e1a-8425-3bd9-ad9a-d4fc62032589,15.766,kg,1,6,0,3,1,f78c8070541d8c974ae6b69356f3ad5ae9bd10af54fad5f58a5eb1c1886748dd,retrieved_not_selected
USLCI,1.2025-06.0,6c1fba5b-f109-3535-8e27-a8634f64b441,01.00.001,"Transport, light commercial truck, gasoline powered, South",,UNIT_PROCESS,PHYSICAL_ALLOCATION,0614f894-cf10-307e-bd58-ac507face752,1.0,t*km,1,35,33,0,0,21f078d625f0301eac78e2a5b1ab2b2bbc104461bb5ed7f0e45f5e3b17a19951,retrieved_not_selected
USLCI,1.2025-06.0,6c96a609-cd7e-3f19-a151-27deb823d3e4,00.00.004,"Combustion, dry wood residue, AP-42",Northern America,UNIT_PROCESS,NO_ALLOCATION,405b0729-a9a8-308e-8f24-c6610f59b351,1055.87,MJ,1,13,12,0,0,8b946149207a5d1a8ab479cc317ae3b4fa1b20dcfdcdc941c3e3ae5eca5686ad,retrieved_not_selected
USLCI,1.2025-06.0,6c9b1825-74d8-374e-836d-340c45b2d936,01.00.001,"Transport, single unit truck, long-haul, compressed natural gas powered, West",,UNIT_PROCESS,PHYSICAL_ALLOCATION,d0207892-1d62-3649-b2a7-4f5bd03b8a73,1.0,t*km,1,35,33,0,0,224d68abd643ebd8595c82e2a985263cc62c52639783f646dabafa0a355380c1,retrieved_not_selected
USLCI,1.2025-06.0,6cb8e249-7ffe-3892-a3f7-fbdcbea69a6b,01.00.001,"Transport, single unit truck, compressed natural gas powered, Northeast",,UNIT_PROCESS,PHYSICAL_ALLOCATION,cb33e8c2-2296-3c28-8015-fc08bf040845,1.0,t*km,1,35,33,0,0,ea0dd96bbc3613810fd0f9568c3685fff28cfdf04ae8027f9ad4e0f3b8d18ad2,retrieved_not_selected
USLCI,1.2025-06.0,6ce2af92-11dd-3e96-8f77-4d215ac13b96,00.00.019,"Melamine urea formaldehyde, MF, resin, neat, 60% solids",Northern America,UNIT_PROCESS,NO_ALLOCATION,cfbc5b82-c59c-330b-a12a-134699842889,1.0,kg,1,26,12,3,2,ff4ef3493e61bd50ff7113e1dbc4c920d98d8f2397721ff305d6467c460e7031,retrieved_not_selected
USLCI,1.2025-06.0,6d06d468-2347-4d6b-95a6-4e065074c362,00.00.003,Iron (III) Chloride Bridge; USLCI to USEEIO,,UNIT_PROCESS,,3a69b037-90a4-3e38-833a-2df45fe9e931,1.0,kg,1,2,0,1,0,7a3615cf4ae0fbdfb3b7cbd354043c92328cb20ba0926e8c5ac67dc1b2817230,retrieved_not_selected
USLCI,1.2025-06.0,6d0fc48d-a8d0-3d87-b337-d7fabf9767bc,01.00.001,"Transport, light commercial truck, gasoline powered",United States of America (the),UNIT_PROCESS,PHYSICAL_ALLOCATION,0614f894-cf10-307e-bd58-ac507face752,1.0,t*km,1,35,33,0,0,ce3beac46151a6ac38461ee02de303eef01530b209694782133f1ab9bff24907,retrieved_not_selected
USLCI,1.2025-06.0,6d60445d-fe08-3328-9757-6c63f96bf05b,01.00.001,"Transport, single unit truck, long-haul, gasoline powered, Northwest",,UNIT_PROCESS,PHYSICAL_ALLOCATION,9f52f8d9-5c7c-3d35-a912-376b70769a26,1.0,t*km,1,35,33,0,0,a84c5ca07c27a9672590b325a1fe2e39b4120f21bef1398d7669d935446e4844,retrieved_not_selected
USLCI,1.2025-06.0,6e19103d-ed39-3b71-8c51-0c65b85002a4,00.00.003,"Corn, decomposition, 15.5% moisture",Northern America,UNIT_PROCESS,NO_ALLOCATION,a3e87cf9-1690-3d33-b60e-695150337e42,1.0,kg,1,2,1,0,0,f40841e8450627ebcc907d40fb0e95905c019522b9bfdfc105b0ee3f18bff8d8,retrieved_not_selected
USLCI,1.2025-06.0,6eda8c79-9c77-42e3-a706-27d20b38f927,00.00.003,"Acetone, liquid Bridge; USLCI to USEEIO",,UNIT_PROCESS,,cbaecbbe-18c7-3a4a-8d64-514e799fd1e7,1.0,m3,1,2,0,1,0,641488f009c39c64d18943e677a661d9c2eeeab4a137eeb55ba0c58cf2d088ba,retrieved_not_selected
USLCI,1.2025-06.0,6ef61870-e92e-34e0-97ba-d62962f70b3e,01.00.001,"Transport, single unit truck, long-haul, diesel powered, Alaska",,UNIT_PROCESS,PHYSICAL_ALLOCATION,1c639821-1428-35ac-aaa4-277aacdc7420,1.0,t*km,1,34,32,0,0,ce43edc563ad5dab97381e15840840490fb960de32823c8ccd22d2f6bcee8e46,retrieved_not_selected
USLCI,1.2025-06.0,6f2532e9-d9c0-368e-89a2-0bd48adb4dab,00.01.003,"Toluene diisocyanate, TDI; at plant; mass alloc",Northern America,UNIT_PROCESS,NO_ALLOCATION,178c0a07-27f6-3f39-94cd-dc10874c8560,1.0,kg,1,49,31,1,1,5a43772c06a9f0a0cac7bd91bf6501548f3f9bde111b386f221822075b874603,retrieved_not_selected
USLCI,1.2025-06.0,7008f69e-79bb-3744-86b8-d43ec782ceda,01.00.001,"Transport, single unit truck, short-haul, compressed natural gas powered, Hawaii",,UNIT_PROCESS,PHYSICAL_ALLOCATION,1a34089c-3f9a-3afb-9ca6-93a4c7d6424e,1.0,t*km,1,35,33,0,0,cb4ed35b10c3c5783e5bb5ffeb7c51de110ec99163a5d1329a1055a1d3d419c4,retrieved_not_selected
USLCI,1.2025-06.0,704d1ff7-6f9e-3f8c-84c3-b8340c3bccad,00.00.011,"Metal panels, roof, at plant",Northern America,UNIT_PROCESS,NO_ALLOCATION,b68a47d0-a96b-3d15-801d-6d1a41338394,1.0,kg,1,659,657,1,0,9d6f0e3868dc2820b93497b686da2f7c6240f21addd0d8dfbcbc2dc851843fed,retrieved_not_selected
USLCI,1.2025-06.0,7063885b-47e5-31de-a984-6765f39e1387,01.00.002,"Transport, single unit truck, short-haul, electricity powered, South",,UNIT_PROCESS,PHYSICAL_ALLOCATION,855b58f5-89b6-3b25-b33e-59454a0adbaa,1.0,t*km,1,7,5,0,1,eb4b49cc8cd08e68b67920039316a86de6b028e0e236d1f2d21b84c74fbbd237,retrieved_not_selected
USLCI,1.2025-06.0,707525a6-c6e4-31e0-a728-5685f0133b9c,01.00.001,"Transport, single unit truck, long-haul, gasoline powered",United States of America (the),UNIT_PROCESS,PHYSICAL_ALLOCATION,9f52f8d9-5c7c-3d35-a912-376b70769a26,1.0,t*km,1,35,33,0,0,094f225bff308c410a538ca42babe3e89a18cfe2999edd7e50769fe1fc8de198,retrieved_not_selected
USLCI,1.2025-06.0,70876d4c-f848-3a4c-a4ef-11d54f49b7dd,01.00.002,"Transport, combination truck, short-haul, electricity powered, South",,UNIT_PROCESS,PHYSICAL_ALLOCATION,d5ce6d5d-eea3-3c42-9999-fe46c52a1541,1.0,t*km,1,7,5,0,1,863c4aea31367d3825e426e1fb464fc94d1e2f07ba0674b94321d1965b066ca7,retrieved_not_selected
USLCI,1.2025-06.0,70d1768c-28e5-30e1-84ef-25bf8cb9c1f0,01.00.001,"Transport, combination truck, compressed natural gas powered, South",,UNIT_PROCESS,PHYSICAL_ALLOCATION,8a848faa-996b-39f4-a2ec-e9a1df693278,1.0,t*km,1,35,33,0,0,aa348c3f98925b3a440ab3573391697ea8c9b6ecf252508fae3838f0eef72775,retrieved_not_selected
USLCI,1.2025-06.0,70d2004a-9f80-48ce-a86c-50e85dd6a637,00.00.011,"Petroleum refined, for material use, at plant",,UNIT_PROCESS,NO_ALLOCATION,3671e08b-0f5d-423e-9805-3cbd3f7b909a,1.0,kg,1,2,0,0,0,c9ef42d336d9838e463fd2aa42c82149880eceabfc3bf382ea1a042d39d297be,retrieved_not_selected
USLCI,1.2025-06.0,70ed89bd-4396-374b-bf10-23cf1c3bcf18,01.00.001,"Transport, single unit truck, gasoline powered, Southeast",,UNIT_PROCESS,PHYSICAL_ALLOCATION,30c89ffc-e08a-3d2b-8c96-33b2397b9bd8,1.0,t*km,1,35,33,0,0,63da2afd1606cdfc89fa8873bac46a6e6a89c134b8739f2adb4caee179bdde5c,retrieved_not_selected
USLCI,1.2025-06.0,711ab26a-94a2-33f9-89da-560c55808297,01.00.001,"Transport, single unit truck, short-haul, diesel powered",United States of America (the),UNIT_PROCESS,PHYSICAL_ALLOCATION,20567d69-c8ee-325c-a98c-43c35b8eb9f4,1.0,t*km,1,34,32,0,0,cdbaffc137c135aade946375b3dd6d9b5cf3ad46efa7342c70d4f4515f79650d,retrieved_not_selected
USLCI,1.2025-06.0,71b5dcdf-bdc9-3033-a08c-4186b675de31,00.00.005,"Transport, transit bus, diesel powered, West",Northern America,UNIT_PROCESS,NO_ALLOCATION,83a2d23e-a668-3b97-a037-371c67c18ccf,1.0,p*km,1,24,17,0,0,c14aaeb1155cbf3e91e4c795d31263ff684d79bb10bf931918f5250b252c88b5,retrieved_not_selected
USLCI,1.2025-06.0,726dea3f-ddee-3b80-89d9-a86dc464308d,00.00.012,"Scanner, packaging and information sheets",Global,UNIT_PROCESS,NO_ALLOCATION,38d31926-8577-36d0-8c3b-d152010c9af8,1.88,kg,1,7,0,1,1,5201466a9ab153e97f0eb7b8a888a8e3b76b0df6ac7c240a1b168b6cc3507699,retrieved_not_selected
USLCI,1.2025-06.0,727c4049-41db-3645-a4f9-af66fa92dee0,00.00.004,"Switchgrass, carted, 2022",Northern America,UNIT_PROCESS,NO_ALLOCATION,360f513b-5196-32f6-83d0-4effb21b0297,9070.0,kg,1,4,0,1,0,f092a95e2ac4d785d2a65dffe1d2d5d89e184cbec9f7d7e08a873b2b30756736,retrieved_not_selected
USLCI,1.2025-06.0,72ca8b0a-f7c6-3289-9b69-a2ce5f05395b,01.00.001,"Transport, combination truck, long-haul, compressed natural gas powered",United States of America (the),UNIT_PROCESS,PHYSICAL_ALLOCATION,8d49dd43-aada-36f4-9bf3-feff7e3231c3,1.0,t*km,1,21,19,0,0,5996b39500c67f0064809a694b9321605e42c2a815542e68f197dd3f031117b3,retrieved_not_selected
USLCI,1.2025-06.0,72d5a381-8cae-4e1d-b0a3-26cc43b69867,00.01.001,"Asphalt binder, 8% ground rubber tire (GRT), consumption mix, at terminal, from crude oil, 8% ground rubber tire",Northern America,LCI_RESULT,NO_ALLOCATION,ada21fb4-fd3a-4557-9085-9f1495ae8a0c,1.0,kg,1,1191,1044,135,0,43cc11422e8ba34e80f351254ccd1dcd84b0410c525a5bb1703e8dc96e139823,retrieved_not_selected
USLCI,1.2025-06.0,732a5578-1750-3738-b0f2-607106574358,00.01.007,"Paper, freesheet, uncoated, average production, at mill",Northern America,UNIT_PROCESS,ECONOMIC_ALLOCATION,19bd554c-7902-368c-988f-5cc80d6b7cae,861.83,kg,1,103,47,13,2,bc724416bc83702e2d36f7be818055ca61ef14986addd96d3f9254e41296968a,retrieved_not_selected
USLCI,1.2025-06.0,7394ff08-eec4-4f81-8b0f-8880cd071207,00.00.006,"Ductile Iron Pipe, 60"" inch diameter; at plant; per linear foot",United States of America (the),UNIT_PROCESS,,7edeee9d-751c-4dcb-86b4-53366d61393d,1.0,ft,1,4,0,0,0,95ea790a0e10007b4ac7368a9b88aa8d496818f0cc5131a05fec7740f6cd1ee4,retrieved_not_selected
USLCI,1.2025-06.0,73b0cd92-2167-3036-b1bc-df05a09828fc,00.01.013,"Open mold casting, rigid composites part, at plant",Northern America,UNIT_PROCESS,NO_ALLOCATION,8bbd0d6c-f221-3c28-ab31-021e4dc68d9e,1.0,kg,1,22,4,6,1,eaa8683db85aae14065e8c23aaf27255853eb70e1caca72294bdc834e4b94ad3,retrieved_not_selected
USLCI,1.2025-06.0,7423f694-8370-3bac-8937-f07e9edf8b68,00.00.022,"Sawn lumber, hardwood, rough, kiln dried, at kiln, SE",United States of America (the),UNIT_PROCESS,NO_ALLOCATION,f6d2d323-e3d6-3eda-a615-25122849659c,1.0,m3,1,10,2,0,1,2ff80b158978a6fc043ebbcb4482a949c2e1595eabc5e58c26b04846b6ec2008,retrieved_not_selected
USLCI,1.2025-06.0,7564cc52-b294-42c8-8320-7dd680296c81,00.00.022,Sludge hauling and landfill; wastewater treatment unit; Level 1,United States of America (the),UNIT_PROCESS,PHYSICAL_ALLOCATION,6905db5d-45f6-49e6-9a83-51b1b26419f9,1.0,m3,1,54,48,0,1,11b79e0e76145a5b6bb1dae2f856cb4b40993d6ffe150db372e157f0a2c68339,retrieved_not_selected
USLCI,1.2025-06.0,75b40b26-f169-34f0-9991-c617151c7665,01.00.001,"Transport, light commercial truck, diesel powered, East North Central",,UNIT_PROCESS,PHYSICAL_ALLOCATION,35fe9caf-2ad2-3d14-ae03-21454a89da2e,1.0,t*km,1,34,32,0,0,0440da674e17e34b083d7c95627ac51689835c2a160900e771a33fa0e53f6d66,retrieved_not_selected
USLCI,1.2025-06.0,75c2d103-d0c7-36ed-80c6-36c2a16f77fa,00.01.005,"Concrete Pipe, 8"" inch diameter; at plant; per linear foot",United States of America (the),UNIT_PROCESS,,aee5ff26-4c8f-32ab-94fa-4f74331f7dc1,1.0,ft,1,2,0,0,0,cf7d801085e751f15648dd1abe41a5727eaa227d48905c1a7d0690f10382b2ab,retrieved_not_selected
USLCI,1.2025-06.0,76048c3b-d6d3-4f3b-8215-87ece218b4a2,00.01.003,"Crude oil, off-shore domestic, at extraction",United States of America (the),UNIT_PROCESS,NO_ALLOCATION,43b6c51f-f1a9-4a6d-8070-fa84adf27d23,1.0,kg,1,17,9,0,1,67f1f3a85ab600277a2776277ab4496d5ccb2f331ae8480bc2a5351194c5b357,retrieved_not_selected
USLCI,1.2025-06.0,7612e2bb-994a-36f9-8728-9b87284ec58f,01.00.001,"Transport, single unit truck, compressed natural gas powered, East North Central",,UNIT_PROCESS,PHYSICAL_ALLOCATION,cb33e8c2-2296-3c28-8015-fc08bf040845,1.0,t*km,1,35,33,0,0,049b1207c616738c551c84b5cbf7d1177b6acf7edfd99616852ae57845cef546,retrieved_not_selected
USLCI,1.2025-06.0,7666dfe2-42e7-32b1-865c-ad7abef41db3,01.00.001,"Transport, light commercial truck, diesel powered, West",,UNIT_PROCESS,PHYSICAL_ALLOCATION,35fe9caf-2ad2-3d14-ae03-21454a89da2e,1.0,t*km,1,34,32,0,0,c9c78de628265cdc585d4c2c488fd7ba061c8f54b74e71ed4c99033aa1588547,retrieved_not_selected
USLCI,1.2025-06.0,7687e959-9eed-3227-9fe9-29173b951f34,00.00.003,"Transport, motor home, diesel powered",Northern America,UNIT_PROCESS,NO_ALLOCATION,adadf282-2c56-365f-a20d-29411260d5c5,1.0,p*km,1,24,17,0,0,dc1a38e16728274edd886ec15e426cdd686925523209f1a0d85efb78ee7cf0c0,retrieved_not_selected
USLCI,1.2025-06.0,76a47261-8a9c-30a2-93a6-f5a029aded6f,00.01.007,"Bauxite, at mine",Global,UNIT_PROCESS,NO_ALLOCATION,3ca71da3-edfd-3ad6-b756-f08a12542156,1.0,kg,1,24,15,0,0,4ba5b94b7b851dc712f6f9cd4651dd7047b8306b0f2a0fcd4780247bdc9b13d9,retrieved_not_selected
USLCI,1.2025-06.0,76c3919e-b238-3345-810b-c1734513a6a9,00.02.002,"Post, softwood, CCA treated, SE",United States of America (the),UNIT_PROCESS,NO_ALLOCATION,414990c2-6fa8-385d-bb1d-afa84566d33a,1.0,m3,1,36,15,3,2,71b2cd49f38ec88b594c7969f177b27e4a13e17d36b132dc09bdaf3f57ceacbb,retrieved_not_selected
USLCI,1.2025-06.0,76f76056-d152-36f1-9680-a7e3c11d4fd5,01.00.001,"Transport, light commercial truck, E85 powered, Hawaii",,UNIT_PROCESS,PHYSICAL_ALLOCATION,0a954583-49bd-3d80-8200-847790caf5b2,1.0,t*km,1,35,33,0,0,d2196103b34c10a3853949abbb27970a9e2cb84de22300c6d48f7f18c2163655,retrieved_not_selected
USLCI,1.2025-06.0,77a87375-d695-322a-97d8-3470855f7b5f,01.00.001,"Transport, single unit truck, diesel powered, Southwest",,UNIT_PROCESS,PHYSICAL_ALLOCATION,bbcd8095-e1d5-3762-aa08-3efc8d1d2ec4,1.0,t*km,1,34,32,0,0,7686f2a40fb424a816fa71f324fd25a08fcf51bcd448a02724896b68570746f5,retrieved_not_selected
USLCI,1.2025-06.0,77b42094-983d-38b5-bb10-90ae9b5f598c,00.00.003,"Transport, passenger truck, gasoline powered",Northern America,UNIT_PROCESS,NO_ALLOCATION,46b4563c-a86b-391a-9529-597ddfc479da,1.0,p*km,1,24,17,0,0,21c3c4bc021edb37165060bfa361aa95a5ac63003b3d664e4c74bccdc88e5184,retrieved_not_selected
USLCI,1.2025-06.0,77fe2197-8861-3569-8d85-07151789b1e7,00.01.004,"Aluminum, extrusion, at plant",Northern America,UNIT_PROCESS,NO_ALLOCATION,8f715a36-b36b-3b20-81ea-7a7e1cdc47fe,1000.0,kg,1,598,584,4,0,bd03d0f95eb5f168b3ecac74873eb17a1c429f7a47dcc70cfeb16fa8ead80563,retrieved_not_selected
USLCI,1.2025-06.0,7821cc71-02fd-37ae-a50d-cdd9073429bb,00.00.005,"Transport, transit bus, diesel powered, Northeast",Northern America,UNIT_PROCESS,NO_ALLOCATION,83a2d23e-a668-3b97-a037-371c67c18ccf,1.0,p*km,1,24,17,0,0,93374066adc259776a8b8b5dd4348207da1a74f0e77dfee46016cc6eb91ac9e4,retrieved_not_selected
USLCI,1.2025-06.0,78315fca-7132-345f-bdd2-605420eddfeb,00.01.006,"Ductile Iron Pipe,50"" inch diameter; at plant; per linear foot",United States of America (the),UNIT_PROCESS,,750d9668-4ef6-3413-aac1-5777346d807c,1.0,ft,1,4,0,0,0,4ed0e19cf61a2c761bf9ac97ba247cde84d27eebc0673bb6cadb0be3fe5f7e63,retrieved_not_selected
USLCI,1.2025-06.0,786522bf-e3a2-3db6-8794-a8d26a370faa,00.00.003,"Harvest, wheat, single pass",Northern America,UNIT_PROCESS,NO_ALLOCATION,98aa5572-5b40-3a90-8d79-771e63c02838,1.0,m2,1,2,0,1,0,d2440bed734f01198e496aca78d0569aa68cb608c21a5c3279456d70230b3141,retrieved_not_selected
USLCI,1.2025-06.0,78a06d44-2e8b-492c-bcf6-5dc0651e20c2,00.00.013,"Biogas, burned in flare",United States of America (the),UNIT_PROCESS,,391c6de4-5a94-4967-97e0-7d185b236480,1.0,m3,1,10,9,0,0,8496ef4e556f7c5b94a8867fc9ed889b23012588b0c0ef698633ff853579af9c,retrieved_not_selected
USLCI,1.2025-06.0,7906c042-7330-3046-9b9a-92a4af4f2150,00.01.001,"Hog fuel, self-gen., combusted in ind. boiler, at pulp and paper mill (EXCL.)",Northern America,UNIT_PROCESS,NO_ALLOCATION,64aec2f1-a029-3332-8f3b-8e8e2a865f61,1.0,kg,1,30,29,0,0,c33370950ce3d437df7e5b57205b4ac00006931005532b99335ad0e8cca4dc05,retrieved_not_selected
USLCI,1.2025-06.0,7972f23d-1cc1-4a2c-af4b-b59b2967622b,00.01.008,"Drinking water; with UV disinfection, no adsorption; at consumer",United States of America (the),UNIT_PROCESS,,9e54d74c-293f-4797-aca8-712ff587ad78,1000.0,cu ft,1,6,0,0,0,ae3464cb10a60800b21007dac4a44fb7d875081c0e8b230b69378ce0f76b7585,retrieved_not_selected
USLCI,1.2025-06.0,7a0942f9-5fe3-3a78-aff1-9399fea7c14b,00.01.009,"Zinc, sheet",Global,UNIT_PROCESS,ECONOMIC_ALLOCATION,808f834e-a34b-37a0-952c-57d6d404de92,1.0,kg,1,457,446,5,0,9b416bf407ecd51589f5cd4b7e107e366b4e5be342289e22f0de73ceb47aef74,retrieved_not_selected
USLCI,1.2025-06.0,7a2565f8-4a48-3263-9bc9-bcb28dbd58ad,00.00.005,"Oxygen, liquid, at plant",Northern America,UNIT_PROCESS,NO_ALLOCATION,055e3f80-da33-3f27-be5f-8d0c59872b9a,1.0,kg,1,3,1,0,1,b5ed707f11be0c1c2dd058d06a57adb03480067989c72ba29ed6edacde3e9614,retrieved_not_selected
USLCI,1.2025-06.0,7a44c9fa-db0b-3bec-8086-e4b7bf60d141,00.00.004,"Transport, school bus, diesel powered, Southeast",Northern America,UNIT_PROCESS,NO_ALLOCATION,e039be4c-037a-36c4-822a-e55803432f61,1.0,p*km,1,24,17,0,0,87efe8f04df8dc95ea8bff801d440e1aa0729cd78aed5b6cb37c3bd28d0a4e06,retrieved_not_selected
USLCI,1.2025-06.0,7aa8e2ff-0e2f-3e6c-b168-ec5168b4be6a,00.00.015,"Ethanol, denatured, wheat straw, biochemical",Northern America,UNIT_PROCESS,NO_ALLOCATION,4f541c34-ea5e-3580-a001-80ed28198120,26100.0,kg,1,35,17,5,1,4d396b028abbed22fbf735316b4f8436bb53693e24f69740f3ce50c83bcc2812,retrieved_not_selected
USLCI,1.2025-06.0,7ac14cbe-026f-3e50-9e49-831fbc193e4b,00.00.004,"Transport, refuse truck, diesel powered, Northeast region",Northern America,UNIT_PROCESS,NO_ALLOCATION,c99244fc-abe3-3836-9d0c-ce0872f79975,1.0,t*km,1,24,17,0,0,dd1925ff8c1a98d7ae9ec398af245ad392619d8dd92ca599229ac673e78f51ef,retrieved_not_selected
USLCI,1.2025-06.0,7ae49a74-3d24-4b32-ae19-ddbf6e0ae94a,00.01.002,"Natural gas, conventional onshore associated, at extraction",United States of America (the),UNIT_PROCESS,NO_ALLOCATION,f979ad58-ceed-4fbd-9aaf-5e60b454026d,1.0,kg,1,19,16,0,0,b7e7dfbdda9e060e9fdca060e9bc98fc5a15ffd90953cb910d5d0baa2ac82c58,retrieved_not_selected
USLCI,1.2025-06.0,7b073de5-31e4-3cdd-9054-934d7f297113,01.00.001,"Transport, single unit truck, long-haul, compressed natural gas powered, East North Central",,UNIT_PROCESS,PHYSICAL_ALLOCATION,d0207892-1d62-3649-b2a7-4f5bd03b8a73,1.0,t*km,1,35,33,0,0,715f3802e32547f4d344f1c2148610d226cb80aedfc5597bdc9dad1bf53cd536,retrieved_not_selected
USLCI,1.2025-06.0,7b40d1a5-c8bf-396d-94bb-e94a11f0136b,01.00.001,"Transport, single unit truck, long-haul, compressed natural gas powered, Central",,UNIT_PROCESS,PHYSICAL_ALLOCATION,d0207892-1d62-3649-b2a7-4f5bd03b8a73,1.0,t*km,1,35,33,0,0,3c9b3b58b67bb8cbb7e784a3a3dc5df6d6d8f96436233b4a8f8953ceb295c9d6,retrieved_not_selected
USLCI,1.2025-06.0,7ba5512f-6769-3c2f-a676-75d2b860f4f5,00.00.011,"Metal panels, wall, at plant",Northern America,UNIT_PROCESS,NO_ALLOCATION,9af1df3c-c4b0-3397-8aca-f22701557d09,1.0,kg,1,659,657,1,0,a1ad23fc1f4d1da60366efd0ee2ac7df98866ede0a1be68d0aacd40866bccced,retrieved_not_selected
USLCI,1.2025-06.0,7bb0a646-ffd2-315b-b8c7-f931492dbed9,00.01.005,"Scanner, department, i3200, i3400",Global,UNIT_PROCESS,NO_ALLOCATION,3755f873-9765-3dd8-a9a2-7f6ae9cf1d88,1.0,Item(s),1,30,0,18,1,7a78f6bfb85fa68794c75da7866f1cabda2d1bba677a6d4bb4e30ab1d5e8ee97,retrieved_not_selected
USLCI,1.2025-06.0,7bfdfa88-b857-4a4a-bbb9-3f51ddc15d30,00.01.002,"Natural gas, at processing, shale, kg",United States of America (the),UNIT_PROCESS,NO_ALLOCATION,5fad297f-057e-468c-8ae1-bd4ef37514f3,1.0,kg,1,16,10,0,1,a769e73ab379196f3d4bc731f1f28038668fa2bf196a0996b69ce546e746c01b,retrieved_not_selected
USLCI,1.2025-06.0,7c86fa8e-ca28-3d00-9118-930ccd8dde1e,00.01.011,Drinking water treatment; Sand Filtration; at plant,United States of America (the),UNIT_PROCESS,,a0314048-343d-376b-85e5-719e255d4712,1000.0,cu ft,1,4,0,0,0,b922839e429956b660d7df7918e97a00cb0d2db34a8f7441934443cea26cb01f,retrieved_not_selected
USLCI,1.2025-06.0,7cab87cf-094d-45b8-805e-f39f5ba8e9dc,00.00.005,"Excavation, hydraulic digger Bridge; USLCI to USEEIO",,UNIT_PROCESS,,efbe47b7-245f-3a4c-8a58-31c224d89591,1.0,m3,1,2,0,1,0,bcf556d9bb52ed3db6bb9e657c1d62a6b0d455ac517b41351d3ab22617546f65,retrieved_not_selected
USLCI,1.2025-06.0,7d0d84a9-699c-382d-99e5-36542964905a,01.00.002,"Transport, light commercial truck, electricity powered, West",,UNIT_PROCESS,PHYSICAL_ALLOCATION,0925e27b-37eb-38b6-8710-314211416cc2,1.0,t*km,1,10,8,0,1,92d6b5c75ccefbdda1d743d13a9f95fdb8f9195b9e664ac67e119ece4dc7e1d6,retrieved_not_selected
USLCI,1.2025-06.0,7d39d143-b36d-41b3-9581-ff5e11ae8406,00.00.003,"Electronics, for control units Bridge; USLCI to USEEIO",,UNIT_PROCESS,,75b58ec8-469c-3af8-b532-7d5bd70c500c,1.0,kg,1,2,0,1,0,cae0e21a7ef37637ec0362a44d32d2ccfb147aaf1b9c8adb1c400b62533a7801,retrieved_not_selected
USLCI,1.2025-06.0,7d4b3e99-113c-3279-b856-b904eb9295fc,00.01.006,"Scanner, department, i5200v, i5600v",Global,UNIT_PROCESS,NO_ALLOCATION,2495d2c0-046a-329b-9065-a48ab545a9ae,1.0,Item(s),1,35,0,22,1,01c013f1887e0b6dedec7780e09efbe72b4c46871cc8b0a01c882af5a8b60bbf,retrieved_not_selected
USLCI,1.2025-06.0,7d7c5506-806c-3208-95c9-3e416e713783,01.00.001,"Transport, combination truck, long-haul, compressed natural gas powered, Central",,UNIT_PROCESS,PHYSICAL_ALLOCATION,8d49dd43-aada-36f4-9bf3-feff7e3231c3,1.0,t*km,1,21,19,0,0,64f81f064dd5aa113d1b2c884085fd7fbb474eff2ac8b9534a36ec94540d6057,retrieved_not_selected
USLCI,1.2025-06.0,7dd661b9-2e38-479e-8470-c3d11eb7d2a0,00.00.019,Sludge hauling and landfill; wastewater treatment unit; Level 5-2,United States of America (the),UNIT_PROCESS,PHYSICAL_ALLOCATION,6905db5d-45f6-49e6-9a83-51b1b26419f9,1.0,m3,1,57,51,0,1,0dfae2890639a8730d7f845a1f455f7e6311b9d901be366de9111657cd1c8637,retrieved_not_selected
USLCI,1.2025-06.0,7de9c230-fd0f-3478-be87-f80181132faa,00.00.016,"Transport, train, diesel powered",United States of America (the),UNIT_PROCESS,NO_ALLOCATION,73c7494d-4e93-3769-896b-8bb82f0dfccc,1.0,t*km,1,13,11,0,0,adb9d7b8785293fd374df4d9bd04c39b23787269c60daf1b370d5430fe6009ff,retrieved_not_selected
USLCI,1.2025-06.0,7e1f45b5-3e02-3c18-879f-01e06284d639,01.00.001,"Transport, combination truck, short-haul, gasoline powered, South",,UNIT_PROCESS,PHYSICAL_ALLOCATION,41361da6-313c-3621-bbe6-3a792f3dab6b,1.0,t*km,1,35,33,0,0,c5e739377db867fb6c6389bcfb43b5947e551e968bfca454700998a90e2e5f99,retrieved_not_selected
USLCI,1.2025-06.0,7e58b660-7134-34da-a89f-cb6d2b81ba59,00.00.004,"Transport, refuse truck, diesel powered, Central",Northern America,UNIT_PROCESS,NO_ALLOCATION,c99244fc-abe3-3836-9d0c-ce0872f79975,1.0,t*km,1,24,17,0,0,6b541edb3b6a7da6ebfaed580b8f80454336ca066873c9f78183b4f94f586fcd,retrieved_not_selected
USLCI,1.2025-06.0,7e5c3461-8dcf-3ef1-b35c-514d31639f0e,01.00.001,"Transport, single unit truck, short-haul, diesel powered, East North Central",,UNIT_PROCESS,PHYSICAL_ALLOCATION,20567d69-c8ee-325c-a98c-43c35b8eb9f4,1.0,t*km,1,34,32,0,0,935f6681a41741ddec4dfcf930a635b52bf139eae70f26861ef2df46d0be5b36,retrieved_not_selected
USLCI,1.2025-06.0,7e7c1558-0be2-3da1-b0eb-ae41e5734fb8,01.00.002,"Transport, light commercial truck, electricity powered",United States of America (the),UNIT_PROCESS,PHYSICAL_ALLOCATION,0925e27b-37eb-38b6-8710-314211416cc2,1.0,t*km,1,10,8,0,1,2fe611a3ca148ad36a5af4ad7611f04448c4dae389159483a47abbc16a9cdd0f,retrieved_not_selected
USLCI,1.2025-06.0,7ee5b4ca-1a5e-3d26-8e79-0805a115e444,00.01.001,"RFO, combusted in industrial boiler, at pulp and paper mill (EXCL.)",Northern America,UNIT_PROCESS,NO_ALLOCATION,11b6f8e6-4c6c-395a-a27a-2609c58d32a0,1.0,l,1,32,30,0,0,992cb1e46334eaf9e45b6ffcb6c8359bdbe4f5f221f32d0006d6adea9de15658,retrieved_not_selected
USLCI,1.2025-06.0,7f4b827d-fd21-3b86-8be6-a02b70c48432,01.00.001,"Transport, combination truck, compressed natural gas powered, Central",,UNIT_PROCESS,PHYSICAL_ALLOCATION,8a848faa-996b-39f4-a2ec-e9a1df693278,1.0,t*km,1,35,33,0,0,a20f027e860f9624019bb5be639e843cef36f43d4fba80d1a6c0aea6e84b8dee,retrieved_not_selected
USLCI,1.2025-06.0,7f4e8f7a-d36f-4237-a47f-63c7d4082ff1,00.00.003,Sodium Tripolyphosphate Bridge; USLCI to USEEIO,,UNIT_PROCESS,,9d18d598-a81b-322a-a775-c2259ccf75f1,1.0,kg,1,2,0,1,0,27ddd9a5a9fa80b4229c23b860cf1e7390e5ae8baa8ac734595f76a24311d8aa,retrieved_not_selected
USLCI,1.2025-06.0,7f888907-f9d9-36b9-b975-e532c0e26937,01.00.002,"Transport, combination truck, long-haul, electricity powered, West North Central",,UNIT_PROCESS,PHYSICAL_ALLOCATION,0e5e3079-33df-31fd-ad79-8b8feff08fb6,1.0,t*km,1,7,5,0,1,c81d85a0eb7e94be38feb1b1d6be280c436d8f23f98cff7aaa45dfffcf6c9c7d,retrieved_not_selected
USLCI,1.2025-06.0,7fa00b86-ca0f-321a-94a6-c8f68338a7cb,00.02.019,"Cladding, roll formed, at plant",Northern America,UNIT_PROCESS,NO_ALLOCATION,2ac49c5b-d9ae-3496-8638-01f9a90123c7,1.0,m2,1,24,1,8,1,9caf1381e26a8bc6eb979908fc10a48057bd81bf9066ab77971b166f4db57611,retrieved_not_selected
USLCI,1.2025-06.0,80f88f97-49db-3c03-9f6f-f156c195d89d,01.00.001,"Transport, single unit truck, gasoline powered, South",,UNIT_PROCESS,PHYSICAL_ALLOCATION,30c89ffc-e08a-3d2b-8c96-33b2397b9bd8,1.0,t*km,1,35,33,0,0,b286ebf23874e5090348913aa28246a16a176d8088e468ce529ef321447ad5b1,retrieved_not_selected
USLCI,1.2025-06.0,80fa4691-56d0-3019-a021-30c3b187e63e,00.02.004,"Wood, particleboard, generated on-site, combusted in industrial boiler",Northern America,UNIT_PROCESS,NO_ALLOCATION,03c57be6-9cea-337b-9b0a-b642dff77173,1.0,kg,1,26,22,0,0,4ad1c75ee2bd9fc2ba5575dedc9532357ffb25ca65daa0fe2dfc97a86e161694,retrieved_not_selected
USLCI,1.2025-06.0,8118084d-2f5c-35c8-a355-e0943a9efbe8,01.00.002,"Transport, combination truck, short-haul, electricity powered, Southwest",,UNIT_PROCESS,PHYSICAL_ALLOCATION,d5ce6d5d-eea3-3c42-9999-fe46c52a1541,1.0,t*km,1,7,5,0,1,43792cf4c47190f07b5c8aa3d38970d5cd0335f82facd28e1f03915593e43b96,retrieved_not_selected
USLCI,1.2025-06.0,81ab92da-bf0e-4b32-9ba8-404854a9b8bb,00.01.006,"Electricity, at grid",Congo (the Democratic Republic of the),UNIT_PROCESS,NO_ALLOCATION,5f9e4330-20e4-4f3f-94c6-f8fedf7b5ff5,1.0,MJ,1,4,0,2,0,a0cb436361efab4a8b7b8aa3864525079012b5e4f9d57bfea2c5d59a3ead5f7d,retrieved_not_selected
USLCI,1.2025-06.0,8284dc18-f621-3a94-b82d-cdb7011c24bd,01.00.001,"Transport, combination truck, gasoline powered, West",,UNIT_PROCESS,PHYSICAL_ALLOCATION,9b20d581-cc62-3313-9412-0855be3ee7c2,1.0,t*km,1,35,33,0,0,cf33f4c5e0831ce28974747b26f9c2de1339156c3656def5f199187c95cfc776,retrieved_not_selected
USLCI,1.2025-06.0,829dbcc5-70eb-324d-a6c1-c20870342237,01.00.001,"Transport, light commercial truck, diesel powered, Northwest",,UNIT_PROCESS,PHYSICAL_ALLOCATION,35fe9caf-2ad2-3d14-ae03-21454a89da2e,1.0,t*km,1,34,32,0,0,54553ef2b6092d3f1c18ad6522c3c4dbf9509de429916be9aeba67f1c8c79315,retrieved_not_selected
USLCI,1.2025-06.0,829eb677-aa4c-3a1a-9611-c03515c40326,01.00.001,"Transport, combination truck, long-haul, diesel powered, Northwest",,UNIT_PROCESS,PHYSICAL_ALLOCATION,13ed0c67-549c-3a01-afee-7083b12dd949,1.0,t*km,1,34,32,0,0,b4a99f29150acd205aac480804a490b8cc02d8a7fd13ee8ab4e27b59eed156b4,retrieved_not_selected
USLCI,1.2025-06.0,83231290-a84c-3a4e-a4b1-a14ae3f37c3e,01.00.001,"Transport, combination truck, short-haul, compressed natural gas powered, East North Central",,UNIT_PROCESS,PHYSICAL_ALLOCATION,419e9d46-92be-37cf-a9a2-765076ebf9ad,1.0,t*km,1,35,33,0,0,c035039ae9ca7ea3687554fe874b100b7b2c6d6736007fd6c596db047cf122a5,retrieved_not_selected
USLCI,1.2025-06.0,83494409-4f95-3c7d-b7d7-09653dd86919,01.00.001,"Transport, light commercial truck, diesel powered, Southwest",,UNIT_PROCESS,PHYSICAL_ALLOCATION,35fe9caf-2ad2-3d14-ae03-21454a89da2e,1.0,t*km,1,34,32,0,0,fbc3ef85c36d295ad5f86aa267a4d14a1f70a78d3e259441d9376fb8d8d76d50,retrieved_not_selected
USLCI,1.2025-06.0,834dde82-05d0-3cfe-aa59-0290d3e955a1,01.00.001,"Transport, combination truck, compressed natural gas powered, Hawaii",,UNIT_PROCESS,PHYSICAL_ALLOCATION,8a848faa-996b-39f4-a2ec-e9a1df693278,1.0,t*km,1,35,33,0,0,4b5dbc6bc0c7d67be0ec547fca9b2699ad461dc4a42b2261190b5b65547013ef,retrieved_not_selected
USLCI,1.2025-06.0,839d9d0a-bdea-397a-9886-c3b86ea1ff1a,01.00.002,"Transport, combination truck, short-haul, electricity powered, West North Central",,UNIT_PROCESS,PHYSICAL_ALLOCATION,d5ce6d5d-eea3-3c42-9999-fe46c52a1541,1.0,t*km,1,7,5,0,1,618e19bceccb43992c8986ec7fbb2a998466a1011ed2d4a0fc46f0ca8b70be8b,retrieved_not_selected
USLCI,1.2025-06.0,83fff53a-ffc2-3d4f-8141-69264f86b529,00.00.004,"Transport, intercity bus, diesel powered, Alaska",Northern America,UNIT_PROCESS,NO_ALLOCATION,b235b36a-7ade-3301-acd9-e9a91a8138e8,1.0,p*km,1,24,17,0,0,6ce18481b539af13fc786d1b526a5993baa1e1dba3d33c5f0dfd610d77cbf02c,retrieved_not_selected
USLCI,1.2025-06.0,84aeb815-88d9-3205-862b-ffb3b6b54baa,01.00.001,"Transport, single unit truck, long-haul, diesel powered, South",,UNIT_PROCESS,PHYSICAL_ALLOCATION,1c639821-1428-35ac-aaa4-277aacdc7420,1.0,t*km,1,34,32,0,0,f884f7a9b64c42d84105f7843095bde1e968d7b93bc3a3958553af1c49b8a9bf,retrieved_not_selected
USLCI,1.2025-06.0,84d335bb-f2ce-38dc-b81f-55d4eb7408c7,00.00.016,Office scanner,Global,UNIT_PROCESS,NO_ALLOCATION,72617478-fdf2-3581-a069-d3ccf23ed07a,8.703,kg,1,32,0,21,1,9b765f7f022080168625377d37bd01d538e1d20cb5266b805fb40f54bba6b3a0,retrieved_not_selected
USLCI,1.2025-06.0,8504caf4-bea5-3ab2-b8f9-d4861e819f92,00.00.003,"Corn grain, harvested and stored",Northern America,UNIT_PROCESS,NO_ALLOCATION,510d2c9a-5542-30fb-b8e6-2d9460fe055c,8790.0,kg,1,9,0,4,0,79ca908512d9d9e7a4212b0892521b28391abac51f7c9d3db96b147591667748,retrieved_not_selected
USLCI,1.2025-06.0,8560388b-7ea1-38b7-befc-fd25d5deb450,00.01.012,"Steel, stainless 304, quarto plate",Northern America,UNIT_PROCESS,NO_ALLOCATION,99620b27-83a1-301d-8290-1d94cd81af3f,1.0,kg,1,629,616,1,0,f24f59e130bfc76c6f883c5a66332f02bdfa0edfd2859a718c02f164f29c60c1,retrieved_not_selected
USLCI,1.2025-06.0,85a03eac-6e0a-3c47-8a18-e71b16e913f9,01.00.001,"Transport, light commercial truck, diesel powered, Hawaii",,UNIT_PROCESS,PHYSICAL_ALLOCATION,35fe9caf-2ad2-3d14-ae03-21454a89da2e,1.0,t*km,1,34,32,0,0,559c19be446dbe5067732788d48c0669b729363b5370049901191e92974f1229,retrieved_not_selected
USLCI,1.2025-06.0,85b81e30-2422-36fc-8144-1459b1b993b2,00.00.012,"Gypsum wallboard product, regular, 0.5 inch (12.7 mm)",Northern America,UNIT_PROCESS,NO_ALLOCATION,3a54692b-85cb-3a4f-99a3-475ae1b06671,1.0,m2,1,676,675,0,0,3e2eaf1a28ad63fa0098011c46f92efeae400af710208d8acfe048facb75b8c4,retrieved_not_selected
USLCI,1.2025-06.0,85cc9ce7-c801-36bd-ac92-2bb7bf7b5209,00.01.002,"Fuels, burned at unbleached kraft bag sack paper, average production, at mill",Northern America,UNIT_PROCESS,NO_ALLOCATION,9475d62c-11e0-351b-aa9e-7fb9e035b96b,11045.0,MJ,1,66,56,0,0,e5a98762e54b0dddb49b7232d17a5314ff25ee9e4eeacff1c081f0ab0ce7391b,retrieved_not_selected
USLCI,1.2025-06.0,867e7c9e-178d-394a-8d82-a87226fb9331,00.00.006,"Bark, softwood, average, state or private moist cold forest, at forest road, INW",United States of America (the),UNIT_PROCESS,NO_ALLOCATION,ea00adb9-1cf5-39ff-b2a8-b9b8d24de113,1.0,kg,1,3,0,2,0,fe9bb6f6ab4d9b105f4422966460b7bb36e82e20ed8675e8f3a97eaa19afec5a,retrieved_not_selected
USLCI,1.2025-06.0,86db774e-3f94-4834-8239-8691a474e881,00.00.011,"Effluent release; from 5-stage bardenpho, Level 3-1 wastewater treatment plant",United States of America (the),UNIT_PROCESS,PHYSICAL_ALLOCATION,9dd59901-87f4-4ed2-99df-354715687a60,1.0,m3,1,65,64,0,0,4937bbdea8f671c33e8ad59203b8e42a7ba785e54e9637e05ff3c04d33e5833f,retrieved_not_selected
USLCI,1.2025-06.0,86e35eee-eb19-4dbf-92bb-c8f4f99f7aa3,00.00.006,Citric acid Bridge; USLCI to USEEIO,,UNIT_PROCESS,,d2507cdc-1803-3617-95ca-ab9bd56d7013,1.0,kg,1,2,0,1,0,d9ecda156afd0b2f17633258337563a93209eb8aeb751fd01ba45fd4dd51f3f8,retrieved_not_selected
USLCI,1.2025-06.0,86f13a15-a773-4945-8b1a-46158a77d131,00.00.006,"Sodium hydrogen Sulfite, 40% in solution Bridge; USLCI to USEEIO",,UNIT_PROCESS,,7c19bebc-8bea-4836-b87e-09241b115b4b,1.0,kg,1,2,0,1,0,d7b639a3a2c11c5f14a9901fd0277ebe41a64da4762638bd36b2e49be53616e6,retrieved_not_selected
USLCI,1.2025-06.0,8711816f-44a2-3f68-beaf-7d946b7d1a18,01.00.001,"Transport, combination truck, short-haul, compressed natural gas powered, West North Central",,UNIT_PROCESS,PHYSICAL_ALLOCATION,419e9d46-92be-37cf-a9a2-765076ebf9ad,1.0,t*km,1,35,33,0,0,4227693df945403e878c11d2bea7da8cafc90c5c31944785dda40400f3e5874c,retrieved_not_selected
USLCI,1.2025-06.0,873b8879-eb22-3c60-b224-1a3aa8f2eadd,00.00.004,"Transport, intercity bus, diesel powered, Hawaii",Northern America,UNIT_PROCESS,NO_ALLOCATION,b235b36a-7ade-3301-acd9-e9a91a8138e8,1.0,p*km,1,24,17,0,0,d3be066e5a7cff02a4ba72f67e57d37955a56faf863d739f1ed23b9ac1598bc4,retrieved_not_selected
USLCI,1.2025-06.0,873e9087-c13b-34fa-859e-c0397d27cb66,00.01.005,"Scanner, desktop, i2900",Global,UNIT_PROCESS,NO_ALLOCATION,48ca8de5-b734-3521-a8c2-849a428059d8,1.0,Item(s),1,30,0,18,0,05dc4861b72f091eaf2f4da3be4e4a61fc0fd0f1df4e76b2f70cdc198b1e84d1,retrieved_not_selected
USLCI,1.2025-06.0,874dc726-50f1-300b-958f-9335fd1c53cd,00.00.011,"White mineral oil, at plant",Northern America,UNIT_PROCESS,NO_ALLOCATION,5b187fd4-1b60-3d48-83b7-bf743efcbd86,1.0,kg,1,14,5,0,1,736296613550dbeb5534ed7f9e12f2e9138ad36791c4c41e7a3336a95168f80c,retrieved_not_selected
USLCI,1.2025-06.0,88a9889c-1b38-3735-8598-409e9fe1f36e,01.00.001,"Transport, single unit truck, long-haul, gasoline powered, Central",,UNIT_PROCESS,PHYSICAL_ALLOCATION,9f52f8d9-5c7c-3d35-a912-376b70769a26,1.0,t*km,1,35,33,0,0,0879cacb10b2d496a60a43e624f68bdf383e5a69489a3c5ba05bbe901c41545e,retrieved_not_selected
USLCI,1.2025-06.0,88aee762-4aa0-301f-b579-cca5d636aa0d,00.00.010,"Soybean oil, crude, degummed, at plant",Northern America,UNIT_PROCESS,PHYSICAL_ALLOCATION,263fb8d0-8df5-3cee-834b-b7e2de1dac4a,4131.0,kg,1,16,3,3,1,92486108c9ee1f21214b4f3bdeba217b41c61c9cbfc91a74cad2cb406db50d95,retrieved_not_selected
USLCI,1.2025-06.0,88b44b36-2322-39a8-9c54-6b89b1b43cd4,00.00.012,"Iron and steel, production mix",Northern America,UNIT_PROCESS,NO_ALLOCATION,e3d97362-bb7a-3a33-acbf-c2d69c622ed0,1.0,kg,1,3,0,1,0,db7494b7210f96d0f94c2e3a25551d7e72353c686de0c7e27f700ebadd52b25e,retrieved_not_selected
USLCI,1.2025-06.0,88f64730-8d2a-4b09-9eac-6a2c616045e8,00.00.003,PolyDADMAC Bridge: USLCI to USEEIO,,UNIT_PROCESS,,aff30034-4528-34fe-9baa-3d803a3b785b,1.0,kg,1,2,0,1,0,f133edf8f141f72f1af9e0a68adca46119af3a1e723d743311273438127dcf54,retrieved_not_selected
USLCI,1.2025-06.0,89268f85-c58a-3224-8a61-28e8848a2797,00.00.012,"Pressed raw panels, purchased, hardwood, at eng wood flooring plant, E",United States of America (the),UNIT_PROCESS,NO_ALLOCATION,e4a5b60f-dee4-3648-b2fd-7e7131fa21b2,1.0,kg,1,19,8,1,1,65526c3eed7e60464a49d9e03a7f2cd5cd5b39e41bec7701832b86700e0ec7eb,retrieved_not_selected
USLCI,1.2025-06.0,89a2b59a-1ca2-34f5-acc8-a8eaaa6fa870,00.00.014,"Injection molding, rigid polypropylene part, at plant",Northern America,UNIT_PROCESS,NO_ALLOCATION,b0533308-3c5a-3a1a-a8e6-4a310e2084bf,1.0,kg,1,32,17,1,1,a5984570d45b370e14d075a82ce12dd73f4ea511a4a423f1256e057a6a6322ca,retrieved_not_selected
USLCI,1.2025-06.0,89b282f3-cbda-3c5e-9521-61607e44d326,00.01.011,Drinking water treatment; Motors for distribution system; at plant,United States of America (the),UNIT_PROCESS,,7ca79bfe-0bb8-30c9-bdc0-c860202d6ff5,1.0,m3,1,6,0,0,0,d797e40522d633314cf3cff8c6f3a521a5103cb8c633fa9874420bd210722666,retrieved_not_selected
USLCI,1.2025-06.0,8a003812-42fc-38bb-8b9d-fb7f48a4418f,01.00.001,"Transport, combination truck, short-haul, gasoline powered, West",,UNIT_PROCESS,PHYSICAL_ALLOCATION,41361da6-313c-3621-bbe6-3a792f3dab6b,1.0,t*km,1,35,33,0,0,1c506269ccdd260f8c1d3faaace401007ed65dd5fda05e5b2a0c66d89ca95d13,retrieved_not_selected
USLCI,1.2025-06.0,8a0090ee-4054-322f-a65d-15c8ee6ca915,00.00.008,"Natural gas, combusted in industrial boiler, at hydrocracker, for pyrolysis gas",Northern America,UNIT_PROCESS,NO_ALLOCATION,ea080df3-3823-3f40-89ed-1a45b561230e,1.0,m3,1,27,22,0,0,855bfa0162d614afcf5ffa21a4069ddcaeb58b963635f480bacfa55d407a30ed,retrieved_not_selected
USLCI,1.2025-06.0,8a219bfb-4213-3254-9f85-dd32da77d5c3,01.00.001,"Transport, single unit truck, long-haul, gasoline powered, South",,UNIT_PROCESS,PHYSICAL_ALLOCATION,9f52f8d9-5c7c-3d35-a912-376b70769a26,1.0,t*km,1,35,33,0,0,7c365a863b1007d62a6cbee35c8515b5dc79583556253ac4b2c31f5b38c67d0c,retrieved_not_selected
USLCI,1.2025-06.0,8a563fa5-f6ee-3523-9fe0-3e6fbf5ff258,00.01.011,Drinking water treatment; Fluoridation infrastructure; at plant,United States of America (the),UNIT_PROCESS,,c1fd1981-16b9-34f6-accc-dfcf565cad88,1.0,m3,1,5,0,0,0,542d9b7a04e2eecfcfe654df17e1aa55c455ca8d777860a12a074969714b708f,retrieved_not_selected
USLCI,1.2025-06.0,8a62a285-537e-36b0-bdc3-3af4bfd205a3,00.02.011,"Wood fuel, hardwood, generated at lumber mill, combusted in industrial boiler, SE",United States of America (the),UNIT_PROCESS,NO_ALLOCATION,75c3bc19-9aeb-30a9-a43f-c862c7354c85,1.0,kg,1,36,32,0,0,98363c8d70c4fc79922d72bc59cfd6b45eea54c5b5d1f48e53e424b3904124d8,retrieved_not_selected
USLCI,1.2025-06.0,8b269338-a4f9-382c-8cd5-0d8dede2f9ef,01.00.002,"Transport, combination truck, electricity powered, Hawaii",,UNIT_PROCESS,PHYSICAL_ALLOCATION,70d89027-628d-3404-8458-b209e40dd0e0,1.0,t*km,1,7,5,0,1,c4d6bd6a7536be17672cb384037186d4aa0f5654427c900f39876bc83bd9bb32,retrieved_not_selected
USLCI,1.2025-06.0,8b8d5f56-82c0-3254-a22a-a0e0df0090ba,01.00.001,"Transport, single unit truck, short-haul, gasoline powered, Hawaii",,UNIT_PROCESS,PHYSICAL_ALLOCATION,524fd4ed-beef-3c60-a17b-fa0ba1842eeb,1.0,t*km,1,35,33,0,0,e5a2ad43b114002e6dfadfcea2b5eaa2847c7defc648f01614d7965878be783d,retrieved_not_selected
USLCI,1.2025-06.0,8ba63664-bb54-3899-8e07-1b55737d5636,01.00.001,"Transport, combination truck, long-haul, diesel powered, West",,UNIT_PROCESS,PHYSICAL_ALLOCATION,13ed0c67-549c-3a01-afee-7083b12dd949,1.0,t*km,1,34,32,0,0,e75496d56fe0ea4b3f815be110ad3dfdeb131ee9986f71f051038d95964921e9,retrieved_not_selected
USLCI,1.2025-06.0,8bc09bc6-46e3-4012-93e3-d4adfe86af15,00.00.004,"Argon, liquid Bridge; USLCI to USEEIO",,UNIT_PROCESS,,d9ad8e68-2219-3b76-a15c-917a26d62659,1.0,kg,1,2,0,1,0,23a959163854005db18c4ba0f47db52f6fc04cc7f570536a00d1e8957ffffc92,retrieved_not_selected
USLCI,1.2025-06.0,8bc30eb0-0fa6-3cef-8855-d8e975cd915d,01.00.001,"Transport, combination truck, long-haul, diesel powered, South",,UNIT_PROCESS,PHYSICAL_ALLOCATION,13ed0c67-549c-3a01-afee-7083b12dd949,1.0,t*km,1,34,32,0,0,7750260eb013682bd270157e3501b8e45c699f4891235461637226b8d0d5be14,retrieved_not_selected
USLCI,1.2025-06.0,8c3b113e-9ed2-3a86-af12-130b79da4b9b,01.00.001,"Transport, single unit truck, short-haul, diesel powered, West North Central",,UNIT_PROCESS,PHYSICAL_ALLOCATION,20567d69-c8ee-325c-a98c-43c35b8eb9f4,1.0,t*km,1,34,32,0,0,72493889d0cfdd0c03caa904071f98591461803f1b158f19c0b0678a68be2727,retrieved_not_selected
USLCI,1.2025-06.0,8c5f924d-f2e5-32df-9e19-d2682d2e8208,01.00.002,"Transport, single unit truck, electricity powered, Southeast",,UNIT_PROCESS,PHYSICAL_ALLOCATION,94755eaa-c6ec-32d3-b687-b94ed0a53e5f,1.0,t*km,1,7,5,0,1,6a1f0286cd0030e363c6dd266282037999d26be7dfb759ea4a366a354d46fcd3,retrieved_not_selected
USLCI,1.2025-06.0,8c8138e7-7529-32c7-9000-f5542d19ef54,01.00.001,"Transport, single unit truck, gasoline powered, Central",,UNIT_PROCESS,PHYSICAL_ALLOCATION,30c89ffc-e08a-3d2b-8c96-33b2397b9bd8,1.0,t*km,1,35,33,0,0,2256c1d7d333baf40ff9542ded7efbde0aa976b41b0c06d5ff5a9beae7ec0cd6,retrieved_not_selected
USLCI,1.2025-06.0,8ccbedef-d726-3fae-a848-a6d41aeab5a4,00.00.003,"Corn stover, at conversion plant, 2022",Northern America,UNIT_PROCESS,NO_ALLOCATION,01163e75-95cb-3475-9c0d-7d76584078c3,1.0,kg,1,5,0,0,0,80caba80e494699715388ee474e8fd2f2e02b5c7565062482b745689652254c9,retrieved_not_selected
USLCI,1.2025-06.0,8d1daa68-bede-347a-86a4-aeca5383906c,01.00.001,"Transport, combination truck, short-haul, diesel powered",United States of America (the),UNIT_PROCESS,PHYSICAL_ALLOCATION,59449b10-044a-3a9b-a6e6-5c5fc97b50bb,1.0,t*km,1,34,32,0,0,4b8cbd2760fa9cd7bb7e5a00119f0ca354af6d3c1e3b7b8f8b2dedfdcc7258b5,retrieved_not_selected
USLCI,1.2025-06.0,8dcef86f-cf2c-4207-91aa-1398401fe8b7,00.01.002,"Natural gas, at processing, conventional, kg",United States of America (the),UNIT_PROCESS,NO_ALLOCATION,7445d544-fd68-4cb8-9f75-00428a6b4c98,1.0,kg,1,16,10,0,1,ea9d6285198d1824af377f87c12c0e4fc635ec0b2f47af7d5dca722c13ec9c62,retrieved_not_selected
USLCI,1.2025-06.0,8e075e04-06b4-3bdd-ac09-4c53b6c7e50a,01.00.001,"Transport, single unit truck, short-haul, diesel powered, Alaska",,UNIT_PROCESS,PHYSICAL_ALLOCATION,20567d69-c8ee-325c-a98c-43c35b8eb9f4,1.0,t*km,1,34,32,0,0,37929f85e891916ca3c4fc34449e207354edcf9e95c732d7357e57b303cb3403,retrieved_not_selected
USLCI,1.2025-06.0,8e21a279-3c3e-3e94-901c-69322d474a1e,01.00.001,"Transport, light commercial truck, gasoline powered, Northwest",,UNIT_PROCESS,PHYSICAL_ALLOCATION,0614f894-cf10-307e-bd58-ac507face752,1.0,t*km,1,35,33,0,0,a4263c8737d717a51230038551c81ed12589c80b6fa88065b56a0625e7ac0bd7,retrieved_not_selected
USLCI,1.2025-06.0,8e3e47ea-ed49-329e-8931-29115917bc81,00.00.016,"Ethanol, denatured, corn dry mill",Northern America,UNIT_PROCESS,ECONOMIC_ALLOCATION,f4364ab6-cb8c-3b5c-a9d7-dfe57ac7bceb,14900.0,kg,1,31,7,4,1,f7d72422ceefcfd47c90fbf52432c31f7aab5b2f8f61fe626ec2176856fe04f0,retrieved_not_selected
USLCI,1.2025-06.0,8e4ff6b0-ab17-32f5-bf1e-feea2d36ef41,00.00.005,"Transport, transit bus, diesel powered, Southeast",Northern America,UNIT_PROCESS,NO_ALLOCATION,83a2d23e-a668-3b97-a037-371c67c18ccf,1.0,p*km,1,24,17,0,0,44caa357e085cdb7709daa44c294a0897b276ecb8b006dc2688254ed935cd458,retrieved_not_selected
USLCI,1.2025-06.0,8f44885d-22a9-33ef-ac07-8bf8b2153054,01.00.001,"Transport, combination truck, compressed natural gas powered, Alaska",,UNIT_PROCESS,PHYSICAL_ALLOCATION,8a848faa-996b-39f4-a2ec-e9a1df693278,1.0,t*km,1,35,33,0,0,e0d144950f90be597126e52930b0808274d55f63bc41904376bc4724ab6cdfbd,retrieved_not_selected
USLCI,1.2025-06.0,8f8f6e1d-d8d2-3ae9-9003-eca0c148f3ea,01.00.002,"Transport, combination truck, long-haul, electricity powered, Hawaii",,UNIT_PROCESS,PHYSICAL_ALLOCATION,0e5e3079-33df-31fd-ad79-8b8feff08fb6,1.0,t*km,1,7,5,0,1,f1d72b37c66c2dd02e63757cf713af4474671d91495eea1f06506c87a5774e7c,retrieved_not_selected
USLCI,1.2025-06.0,8fbb300d-2908-3dd0-97ce-0ce9eb324c44,01.00.001,"Transport, light commercial truck, gasoline powered, Alaska",,UNIT_PROCESS,PHYSICAL_ALLOCATION,0614f894-cf10-307e-bd58-ac507face752,1.0,t*km,1,35,33,0,0,c9669b6cdca62ae4644051414695c8e65c7b1c4c9cd37c7b82b90e9348e03cbd,retrieved_not_selected
USLCI,1.2025-06.0,8fd8357b-5ce1-3ef9-9b14-8d38a8495c79,00.00.017,"Sawn lumber, hardwood, rough, kiln dried, at kiln, NE-NC",United States of America (the),UNIT_PROCESS,NO_ALLOCATION,f6d2d323-e3d6-3eda-a615-25122849659c,1.0,m3,1,9,1,0,1,63294f45ef0302ae6673ea1bf88ee86d7f7833f9c0d274d7fd8e2d92b281eea3,retrieved_not_selected
USLCI,1.2025-06.0,8fe359cb-24fb-307c-9eae-ca3be595e69f,00.01.010,Drinking water treatment; Lime Addition; at plant,United States of America (the),UNIT_PROCESS,,21eb570e-0b53-31a2-94ce-f55d984b90d4,1000.0,cu ft,1,5,0,0,0,6352a235704808cf98b23a8e9fab05dc09ecb845654ec67799e9baa24ddac392,retrieved_not_selected
USLCI,1.2025-06.0,901c5aa4-1578-3198-8828-d14f5ab6ea6b,01.00.001,"Transport, light commercial truck, E85 powered, West North Central",,UNIT_PROCESS,PHYSICAL_ALLOCATION,0a954583-49bd-3d80-8200-847790caf5b2,1.0,t*km,1,35,33,0,0,95fd66c8871a07e21f301255059032843f7cfa72f4f1a08ed56990685441791c,retrieved_not_selected
USLCI,1.2025-06.0,906cf3a2-6299-3d9c-8a4b-1fe4240b71da,00.00.006,"Pulpwood, softwood, average, at forest road, NE-NC",Northern America,UNIT_PROCESS,NO_ALLOCATION,24b0bf55-7d49-3922-ab42-6d3fd734067f,1.0,m3,1,4,0,3,0,d24f5a5a6698dc4dbb95488d09b7c69883bf7590891fff2140e262a8008ae9d1,retrieved_not_selected
USLCI,1.2025-06.0,907b7232-6adc-3e3f-b417-98a5bf5fb49a,01.00.001,"Transport, light commercial truck, gasoline powered, Southwest",,UNIT_PROCESS,PHYSICAL_ALLOCATION,0614f894-cf10-307e-bd58-ac507face752,1.0,t*km,1,35,33,0,0,7c7da572b5e635704a5a232ba4a3688866e42f186ae41e67e15dedc1fdf9eeb3,retrieved_not_selected
USLCI,1.2025-06.0,90e9ed10-ddca-3812-8bde-2a1b1f3fb427,01.00.001,"Transport, combination truck, short-haul, gasoline powered, Alaska",,UNIT_PROCESS,PHYSICAL_ALLOCATION,41361da6-313c-3621-bbe6-3a792f3dab6b,1.0,t*km,1,35,33,0,0,dd0ca235772a0965d958ed2ac612bb9283b9d021280f1cc7403bc6d8ea7d379c,retrieved_not_selected
USLCI,1.2025-06.0,90f23038-0342-4df4-8c11-ae58f34c8e8d,00.00.007,"Polycarboxylates, 40% active substance Bridge; USLCI to USEEIO",,UNIT_PROCESS,,1e1ff2f7-714d-3cd0-8d4a-a6bee4e587e3,1.0,kg,1,2,0,1,0,19eb6d8e492873255f8aeafecbd0522ee9f68ec7bfe76277686b4a846bf4c719,retrieved_not_selected
USLCI,1.2025-06.0,91050d57-0daf-3947-a2d4-ccc5d0ccbbd7,00.01.002,"Fuels, burned at coated freesheet, average production, at mill",Northern America,UNIT_PROCESS,NO_ALLOCATION,699b73a7-78f7-3e7d-92f0-5a751f4a5c56,15145.0,MJ,1,67,56,0,0,c442ac5a0b7437589037a44ae4a50304f313ed1e495495d2230f7bf7b626568c,retrieved_not_selected
USLCI,1.2025-06.0,9109d57c-8234-3569-a2e6-0e4671b524d9,00.00.004,"Corn grain, at conversion plant, 2022",Northern America,UNIT_PROCESS,NO_ALLOCATION,2766f5e7-9d42-36cb-8a03-11aa4f7ecd3a,1000.0,kg,1,5,0,0,0,a0454bb9be3ae73fbd219252dc1249dbad9e41c97a670d157409ccba8ca741f1,retrieved_not_selected
USLCI,1.2025-06.0,91663389-8cd1-3272-9f06-cdc87c8ce7d9,00.00.009,"Potato, whole plant, at field",United States of America (the),UNIT_PROCESS,ECONOMIC_ALLOCATION,54cd924c-48cb-347e-a2d1-dbbf32c93d36,1.0,kg,1,76,64,3,0,867fc76d5a918b02f29ac30031340c02fea9d038492b6b5af5305f13de133221,retrieved_not_selected
USLCI,1.2025-06.0,91adaeaa-cca7-30ea-aa3a-b1ba58bd2602,00.00.007,"Skidding, aerial cable yarder, medium",United States of America (the),UNIT_PROCESS,NO_ALLOCATION,7660d0bd-676b-33fb-8328-63ddfb04852a,1.0,h,1,3,0,0,0,73b2619536d42571bd26e2f591e2c13281389f20a0803a747fa8646a4c6e3063,retrieved_not_selected
USLCI,1.2025-06.0,91bd69fe-faec-3f4a-b96d-4a72d0be1d07,01.00.002,"Transport, single unit truck, short-haul, electricity powered, Southwest",,UNIT_PROCESS,PHYSICAL_ALLOCATION,855b58f5-89b6-3b25-b33e-59454a0adbaa,1.0,t*km,1,7,5,0,1,fdefa5429fe7972ac9aac6f840f242d22ad5d6f3e304d977ea94d5832801a47c,retrieved_not_selected
USLCI,1.2025-06.0,91beb684-4d04-38b9-8800-a274762a9d44,00.02.015,"Alumina, at plant",Northern America,UNIT_PROCESS,NO_ALLOCATION,1c5b3e13-494b-43a0-8da4-f3cda8f93e55,1.0,kg,1,36,22,0,0,06c28b4f28049803fc8dfd71b75d9fb17312beef67de05702080931dc6597db6,retrieved_not_selected
USLCI,1.2025-06.0,91c096d9-987d-34c6-90c0-3c672b467086,00.01.015,"Unsaturated polyester, UPR, resin, at plant",United States of America (the),UNIT_PROCESS,ECONOMIC_ALLOCATION,b6fd2a6b-1140-3a94-a8df-34a5031ba57a,1.0,kg,1,57,33,6,1,e9c606553d92d84888fb46e9da5e4fea14aff9a7467e0db807903d7cc70813b9,retrieved_not_selected
USLCI,1.2025-06.0,91f05c7b-ade4-3b04-ad3c-4ecce11f3ff4,01.00.001,"Transport, single unit truck, short-haul, gasoline powered, West",,UNIT_PROCESS,PHYSICAL_ALLOCATION,524fd4ed-beef-3c60-a17b-fa0ba1842eeb,1.0,t*km,1,35,33,0,0,aff12cbed36485f08bc2e0f79484a2b2e516f43add55145273857d2331c28a36,retrieved_not_selected
USLCI,1.2025-06.0,921c2e4b-992f-36cb-8433-0fad28e91482,01.00.001,"Transport, combination truck, compressed natural gas powered, Northeast",,UNIT_PROCESS,PHYSICAL_ALLOCATION,8a848faa-996b-39f4-a2ec-e9a1df693278,1.0,t*km,1,35,33,0,0,2a9bdcc3b1c102bad03d73da35f9d085efdd709461ef2afdd28de8328dbefa66,retrieved_not_selected
USLCI,1.2025-06.0,92a26ffb-b2ee-39e9-b4ee-983c4899e46e,01.00.001,"Transport, single unit truck, compressed natural gas powered, Northwest",,UNIT_PROCESS,PHYSICAL_ALLOCATION,cb33e8c2-2296-3c28-8015-fc08bf040845,1.0,t*km,1,35,33,0,0,572851e6c055793cda12cd6a00100bcff27906dd17d01f7171c5a813b823c24e,retrieved_not_selected
USLCI,1.2025-06.0,935ae747-5a9c-3718-b6a4-df622378456a,01.00.002,"Transport, combination truck, short-haul, electricity powered, West",,UNIT_PROCESS,PHYSICAL_ALLOCATION,d5ce6d5d-eea3-3c42-9999-fe46c52a1541,1.0,t*km,1,7,5,0,1,12381772bf6c8a2b764c8a77cc85c4bb2840136f07b5b35213283687902fe4c7,retrieved_not_selected
USLCI,1.2025-06.0,93664230-e60b-39d3-9cfe-d35f207c0447,01.00.002,"Transport, single unit truck, short-haul, electricity powered, East North Central",,UNIT_PROCESS,PHYSICAL_ALLOCATION,855b58f5-89b6-3b25-b33e-59454a0adbaa,1.0,t*km,1,7,5,0,1,14add03899cfe4c41bc48ea9d1aec1baa89ef788aed6c6697c9a9a1a6f840b57,retrieved_not_selected
USLCI,1.2025-06.0,94dc458b-76a8-3589-9557-221c7499e7de,00.01.005,"Ductile Iron Pipe, 20"" inch diameter; at plant; per linear foot",United States of America (the),UNIT_PROCESS,,9042b7bf-c63d-31be-a01d-b48666f74e59,1.0,ft,1,4,0,0,0,fdab69664ecc06c6fae1fa4b9905a8ea5fab20c7711f44b341d430e7f87d537e,retrieved_not_selected
USLCI,1.2025-06.0,951c8e45-9267-36fc-873b-9af0718574e4,00.01.005,"Concrete Pipe, 78"" inch diameter; at plant; per linear foot",United States of America (the),UNIT_PROCESS,,0cc2880f-3b52-31dd-9eee-5f73b654e3c4,1.0,ft,1,2,0,0,0,feebf2cfd679feb70dd1f27032a7524cd7da5271e6cacc13cbd448802f8aead1,retrieved_not_selected
USLCI,1.2025-06.0,956b53b9-dd05-35ae-a072-69f1f6906290,00.00.012,"Soybean grains, at field",Northern America,UNIT_PROCESS,ECONOMIC_ALLOCATION,8f745171-c4af-3e23-a468-fbde8d7af364,1000.0,kg,1,122,108,2,1,4dc748cfe92d63978ef736f6226017ee544ce5f202b7a071bc591ecb6ec37cf8,retrieved_not_selected
USLCI,1.2025-06.0,96087256-d181-30c8-ae17-f25e1f0eab0c,00.00.006,"Forest residue, dried, stored",Northern America,UNIT_PROCESS,NO_ALLOCATION,d56acd63-a8ae-3308-a626-fa858ee121dd,772.0,kg,1,7,1,3,0,87b4bcb949e51a66c5991595679d61293d04b2ff1241a52dd3b83f58732ca182,retrieved_not_selected
USLCI,1.2025-06.0,96f5b352-fcf1-37c0-bea1-8600ab1875e1,01.00.001,"Transport, light commercial truck, diesel powered, Southeast",,UNIT_PROCESS,PHYSICAL_ALLOCATION,35fe9caf-2ad2-3d14-ae03-21454a89da2e,1.0,t*km,1,34,32,0,0,24c172048b46f30eab34e2cdbaa0c037af22d25ea6527b97bffd6dc200d8ec27,retrieved_not_selected
USLCI,1.2025-06.0,9730bd3a-e5fa-4804-842a-8ff625b39a4d,00.01.002,"Methyl methacrylate, MMA; at plant",United States of America (the),UNIT_PROCESS,NO_ALLOCATION,f0da3eb4-4c3f-4d1c-9eba-4c3b8734c9d8,1.0,kg,1,5,0,0,1,c39e5a5ed390f4ac5e5b5d604733367eb0edce9a75aeddbd7fcc85fbd6f56113,retrieved_not_selected
USLCI,1.2025-06.0,976227bd-5a7a-3e8e-9e67-7ce926b428a8,01.00.001,"Transport, single unit truck, short-haul, gasoline powered, Southeast",,UNIT_PROCESS,PHYSICAL_ALLOCATION,524fd4ed-beef-3c60-a17b-fa0ba1842eeb,1.0,t*km,1,35,33,0,0,26985a3640ca784708dd958f6017a79398b9c95bd282a16bf81cb133ff7c9ad9,retrieved_not_selected
USLCI,1.2025-06.0,97779324-2f80-3950-a8e0-4b2bd32f951f,00.01.001,"Mixed recyclables, at collection, curbside, weight basis",United States of America (the),UNIT_PROCESS,NO_ALLOCATION,34e7bdd1-21a3-375c-bbfa-7275ef4df586,1.0,kg,1,3,0,1,0,6a5a277751066127adc683f5e4ac246238566d3cc2acaacdd4637b7f79c5250d,retrieved_not_selected
USLCI,1.2025-06.0,9782f9bc-0739-35dd-974e-4d625fe7b6f7,01.00.001,"Transport, combination truck, short-haul, compressed natural gas powered, South",,UNIT_PROCESS,PHYSICAL_ALLOCATION,419e9d46-92be-37cf-a9a2-765076ebf9ad,1.0,t*km,1,35,33,0,0,e113cb2223ea78f253d0a707e795c48689c2f0927ee23f2e62e805c008e9e600,retrieved_not_selected
USLCI,1.2025-06.0,982230dc-87c0-4ea0-8511-8e36064f66be,00.01.002,Solid oxide electrolysis plant; construction,United States of America (the),UNIT_PROCESS,NO_ALLOCATION,69ccdef6-6b7d-4105-ab11-d8ca62c46f49,1.0,Item(s),1,16,2,6,1,9daf83639d7c0d9bf8cd5b132ee935963b76ac3c48b4ecaf4a5cc20c223b67bd,retrieved_not_selected
USLCI,1.2025-06.0,9837ad08-84b1-4c5b-a2f2-c1b8eb07e754,00.01.002,"Polyacrylonitrile, PAN: at plant",United States of America (the),UNIT_PROCESS,NO_ALLOCATION,b9f994f8-a3f6-4ccf-bbe8-6d7f59adb4aa,1.0,kg,1,7,0,0,1,5fda8327afd2c2f3330419536c729956ce3f833e1707aba5024216b8c45662e7,retrieved_not_selected
USLCI,1.2025-06.0,9875751f-9184-361c-984a-341c293185c3,01.00.002,"Transport, combination truck, long-haul, electricity powered, South",,UNIT_PROCESS,PHYSICAL_ALLOCATION,0e5e3079-33df-31fd-ad79-8b8feff08fb6,1.0,t*km,1,7,5,0,1,67e51ac34cc33f0c9c50114088f266e43a1f1ef30f2f9d190c1fdd09d2b4831a,retrieved_not_selected
USLCI,1.2025-06.0,98d423fc-789a-42d0-b961-18a96bc6491c,00.00.012,"Lubricant feedstock, at refinery",,UNIT_PROCESS,NO_ALLOCATION,99479e91-ab64-3c73-86cb-d96373f37939,1.0,kg,1,2,0,0,0,35e0e09fe46e08097c682917257947a91c523b5d03de1733d5a479d0d0fb10e1,retrieved_not_selected
USLCI,1.2025-06.0,99898750-1f41-3c25-8ee0-aaae4b6697d0,00.00.005,"Spring wheat straw, carted, 2022",Northern America,UNIT_PROCESS,NO_ALLOCATION,9075f65b-776f-3b67-8e8e-0ad712b67d90,476.0,kg,1,5,0,3,0,f6fc3c82738b9a72b3cd20ff3d360b8b13e069d4790a3c18454a457811d6475b,retrieved_not_selected
USLCI,1.2025-06.0,99963138-ddf9-3b32-9e93-69593d76cb08,00.01.004,"Aluminum, primary ingot, at plant",Northern America,LCI_RESULT,NO_ALLOCATION,a0fb699f-0085-3ad2-99bf-e4ea891e61ba,1.0,kg,1,594,583,2,0,0b5ead904066544ec21bde77628d2e0271ed12d9ed453c5a32104fbc23a25f38,retrieved_not_selected
USLCI,1.2025-06.0,99c32bb7-a42a-3565-afc0-e56e50bef309,00.01.011,Cement mortar for ductile iron pipe,Global,UNIT_PROCESS,,6786638b-5113-304f-b0c5-5f8c25519830,1.0,kg,1,4,1,0,0,9675f43f7f405af066907d46fab6d1d328ccf3da5fac10a404bca13cda4a09dd,retrieved_not_selected
USLCI,1.2025-06.0,9a0c9355-de4f-324b-8c72-bd57a1944514,01.00.001,"Transport, single unit truck, short-haul, gasoline powered, Northeast",,UNIT_PROCESS,PHYSICAL_ALLOCATION,524fd4ed-beef-3c60-a17b-fa0ba1842eeb,1.0,t*km,1,35,33,0,0,e15ca543e4e77d83ee022c94a0803e654c05ae9970374c5c4260c89d9ca46fcc,retrieved_not_selected
USLCI,1.2025-06.0,9a796145-e4bc-365d-8cfa-b6d15db759d4,01.00.002,"Transport, single unit truck, electricity powered, West",,UNIT_PROCESS,PHYSICAL_ALLOCATION,94755eaa-c6ec-32d3-b687-b94ed0a53e5f,1.0,t*km,1,7,5,0,1,33da7d071e48250f87d9cdf15ab548a9d7e8336c2e585c425737f419acce2fdd,retrieved_not_selected
USLCI,1.2025-06.0,9a9570de-3614-4065-9e22-c6f332805eb6,00.00.002,Iron Sulphate Bridge; USLCI to USEEIO,,UNIT_PROCESS,,36eea989-810d-3e4e-94c1-3e6625c9ba3c,1.0,kg,1,2,0,1,0,23e041a326412879ab6740cf6ac8816e2a3ee4cfeadb3dee5348b773cd42cba9,retrieved_not_selected
USLCI,1.2025-06.0,9aae3fc2-6ffb-3b49-b3fb-4127483b1156,00.01.002,"Scanner, i940 desktop",Global,UNIT_PROCESS,NO_ALLOCATION,2729d167-a6f1-37ad-9d3a-91517490d8a5,1.0,Item(s),1,19,0,12,1,c4ca0e2ec98b976f0151aca4950226bfec106f1a27413bdab17fc4cc5ac0fad3,retrieved_not_selected
USLCI,1.2025-06.0,9af61f60-4a39-4c41-9ca1-eb3d79017aec,00.00.046,Pre-treated lithium brine; at plant,Canada,UNIT_PROCESS,,3aea9aff-9970-44ab-bc58-44e8ecfe32e0,1.0,kg,1,5,0,1,1,dc222e55a7e19c4a64ccd413d952b8d6e40b68feee3a9e54bf0ce74796f78270,retrieved_not_selected
USLCI,1.2025-06.0,9b55b8db-4411-3cb7-bb24-1bd47f4d8c1a,01.00.001,"Transport, combination truck, gasoline powered, Northeast",,UNIT_PROCESS,PHYSICAL_ALLOCATION,9b20d581-cc62-3313-9412-0855be3ee7c2,1.0,t*km,1,35,33,0,0,29af1e52574b2579162e55dbcae99a6f05e512fa2ae989681f4c132e567fe4b1,retrieved_not_selected
USLCI,1.2025-06.0,9b7bef6f-60c3-38fa-9d32-3b1c0c82f866,00.00.005,"Transport, transit bus, diesel powered, Southwest",Northern America,UNIT_PROCESS,NO_ALLOCATION,83a2d23e-a668-3b97-a037-371c67c18ccf,1.0,p*km,1,24,17,0,0,4517f97ffac78d602275e26971794f8efe3c1b932004200953869273c37a821b,retrieved_not_selected
USLCI,1.2025-06.0,9be99f9e-d855-3f70-b879-9cba92fae8ee,01.00.001,"Transport, combination truck, short-haul, diesel powered, Northeast",,UNIT_PROCESS,PHYSICAL_ALLOCATION,59449b10-044a-3a9b-a6e6-5c5fc97b50bb,1.0,t*km,1,34,32,0,0,93d11f834e4a33e55df53db871f85dc0013640d61137c152e246e54545331407,retrieved_not_selected
USLCI,1.2025-06.0,9c0c2415-126f-3162-8479-f002f315a8c7,00.00.008,"Quicklime, at plant",Northern America,UNIT_PROCESS,NO_ALLOCATION,c34c4451-297f-3b5c-a15f-2c16cdb52ad9,1.0,kg,1,14,3,0,1,45ff6237557eba1c67c286482bd67a01ab5e7612689a10216e167e60f7b3288b,retrieved_not_selected
USLCI,1.2025-06.0,9c10be0f-e38e-4551-b8b5-eef65fa27dcc,00.01.003,"Corrugated product, 100% recycled, at mill",United States of America (the),UNIT_PROCESS,NO_ALLOCATION,beaa8db7-97f9-4db4-a4c7-112ede974b62,1.0,kg,1,52,31,8,0,777ba940d068a57def31d7836ad57c0450ed79f6e7a15dc40d1ba8f0beeda5ed,retrieved_not_selected
USLCI,1.2025-06.0,9c36427d-76de-314c-bfca-4d714b71c9a5,00.00.009,"Switchgrass, production, US, 2022",Northern America,UNIT_PROCESS,NO_ALLOCATION,eb35a3fc-2c19-32e2-8789-3c69e2071855,14800.0,kg,1,12,3,5,0,5eee9da0ad701fe762ff1b73d15849b285e1588f542b0c3b5a72acd927501382,retrieved_not_selected
USLCI,1.2025-06.0,9c3b6f80-2e16-446c-b669-8668433d7296,00.00.003,Molybdenum Bridge; USLCI to USEEIO,,UNIT_PROCESS,,ba0ced16-e4e8-313b-93dc-cade4eac3d10,1.0,kg,1,2,0,1,0,9e7cd502b042e5c5cd5f2bdbd8267b6efd285b27643b365ccc8f015139fceb65,retrieved_not_selected
USLCI,1.2025-06.0,9caaa37b-636d-41fa-8eb6-0b020ee4ebac,00.00.063,"Dispensing of diesel, at pump",United States of America (the),UNIT_PROCESS,,a309e49e-25f9-3689-b60e-b7071826a47a,1.0,t,1,7,0,0,0,7fac7db3e65b541e00cca8392c2d2bdc20965b433e687172ab917f17c0e07b71,retrieved_not_selected
USLCI,1.2025-06.0,9cc8fafa-e232-3d86-a473-6b5d04431999,00.00.009,"Aluminum, secondary, ingot, from beverage cans, at plant",Northern America,UNIT_PROCESS,NO_ALLOCATION,31fe03e1-7475-3898-b444-3ac1212c78ad,1.0,kg,1,25,10,8,1,369e1bd2f36e584615299ac047bee65ff441cbe3a597bba45a1a546dcd30ccfc,retrieved_not_selected
USLCI,1.2025-06.0,9d7c7f3e-7182-3444-9024-8915c71a803b,00.01.008,Drinking water treatment; Pre-Disinfection Processes; at plant,United States of America (the),UNIT_PROCESS,,9dfcb93e-9f08-3765-aa4e-545319d04f2e,1000.0,cu ft,1,2,0,0,0,ce62b5d8c064149eba3f219a78862487d358ea2f8a4adc951b8a53d199c37186,retrieved_not_selected
USLCI,1.2025-06.0,9d9b6815-9349-30af-869b-57362428c42e,00.00.006,"Residual fuel oil, combusted in industrial boiler",Northern America,UNIT_PROCESS,NO_ALLOCATION,654a5cf6-185f-3d91-89ef-42442d1825e8,1.0,l,1,38,32,0,0,bb92ff6bb48bacf01de0c97c469ffa887955a2f80ab3b6c7cf0726e2153b4c3a,retrieved_not_selected
USLCI,1.2025-06.0,9ee66dd5-dcc9-3e94-9da3-3a7cc6cddeb3,00.00.014,"Hydrochloric acid, without water, in 30% solution state, at plant ",Northern America,LCI_RESULT,NO_ALLOCATION,1a0678a7-09b1-339d-8f05-259a14f0ab84,1.0,kg,1,219,215,0,0,3ae27456f9a6d6b939f56ddb2ccebd603b14e7967ad51deaff2c11a0caf2fddf,retrieved_not_selected
USLCI,1.2025-06.0,9f8a4892-e27e-4cc5-af91-7bdfd600dee7,00.01.002,"Hydrogen; solid oxide electrolysis, at plant",United States of America (the),UNIT_PROCESS,NO_ALLOCATION,f842f7d2-426a-44e0-ae4c-d1c96a977f84,1.0,kg,1,7,1,1,1,827af98cfef67b4efcc60b5bbb195751c24491eb317a7e3858e4c1f19d217f41,retrieved_not_selected
USLCI,1.2025-06.0,9fcf5696-e172-42da-a010-e8d577e2bbd7,00.01.002,"Xylenes, mixed, produced from naphtha, at plant, kg",Northern America,UNIT_PROCESS,NO_ALLOCATION,77abdac3-53ca-4ee2-be95-3b3686c3e556,1.0,kg,1,7,1,0,1,90913ceecb4555cc63689be58afcc1ca057bc70f3123f125ad7906d483dac3a5,retrieved_not_selected
USLCI,1.2025-06.0,9fe670f2-0846-377e-8b15-db170d54ac32,00.00.013,"Injection molding, rigid LLDPE part, at plant",Northern America,UNIT_PROCESS,NO_ALLOCATION,dcb34c9b-2519-3942-af74-446eb6885972,1.0,kg,1,32,17,1,1,858f51be3df29c4e053220c25cc59f5a5eccf658a17da5ce43dc6eb1b86eefbc,retrieved_not_selected
USLCI,1.2025-06.0,a03573cf-b7a1-3a24-bc92-d1eafeffa261,01.00.001,"Transport, single unit truck, compressed natural gas powered, South",,UNIT_PROCESS,PHYSICAL_ALLOCATION,cb33e8c2-2296-3c28-8015-fc08bf040845,1.0,t*km,1,35,33,0,0,b6fbbc067714b3a6c8c6e66289dd4075e2c6bd0cd2ba2a53c1830c97c7e5a841,retrieved_not_selected
USLCI,1.2025-06.0,a04b5f07-b650-3f20-9eb3-95b4dc678db0,01.00.002,"Transport, single unit truck, long-haul, electricity powered, South",,UNIT_PROCESS,PHYSICAL_ALLOCATION,ca468bee-3878-3418-918a-6cbe82ac640c,1.0,t*km,1,7,5,0,1,027849016db65d33f7e6a8646bd00d57971789d271b85d429e3573c681a4ec9e,retrieved_not_selected
USLCI,1.2025-06.0,a0635262-38b8-31e0-8e73-a1b28437632d,00.00.004,"Transport, intercity bus, diesel powered, Southeast",Northern America,UNIT_PROCESS,NO_ALLOCATION,b235b36a-7ade-3301-acd9-e9a91a8138e8,1.0,p*km,1,24,17,0,0,ef4456513d39d70ed8463a8f951a2c3d3b6d9b59b3f53f6ebd548dd73c17e5f6,retrieved_not_selected
USLCI,1.2025-06.0,a0b22839-812d-3279-839f-9388f01c96de,00.00.004,"Transport, refuse truck, diesel powered, Northwest",Northern America,UNIT_PROCESS,NO_ALLOCATION,c99244fc-abe3-3836-9d0c-ce0872f79975,1.0,t*km,1,24,17,0,0,57e2134ccf732a6d7ad74d29682fd59abb276cd1864969ecaa59e530a193e78e,retrieved_not_selected
USLCI,1.2025-06.0,a0bada1b-1891-46af-81af-90d0664bee40,00.00.010,Formic acid; electrochemical reduction of CO2; at plant,United States of America (the),UNIT_PROCESS,,4107270a-4e8d-454c-93c0-0a04531005f3,1.0,kg,1,12,3,4,2,271eca9b1597e56fa2f00a2fda09f792e63fd6a3bee990c661d363c036e5ff7f,retrieved_not_selected
USLCI,1.2025-06.0,a14d95a3-cea2-33a7-ba38-f7c899d7e777,01.00.002,"Transport, single unit truck, long-haul, electricity powered",United States of America (the),UNIT_PROCESS,PHYSICAL_ALLOCATION,ca468bee-3878-3418-918a-6cbe82ac640c,1.0,t*km,1,7,5,0,1,1b04af6c4b75ffaa60a610d7925e8c630acd6b14d73a7f658a3f39b562f0e94d,retrieved_not_selected
USLCI,1.2025-06.0,a17c7651-0fae-330c-bfe8-5f862200f5d2,01.00.001,"Transport, single unit truck, long-haul, diesel powered, Southeast",,UNIT_PROCESS,PHYSICAL_ALLOCATION,1c639821-1428-35ac-aaa4-277aacdc7420,1.0,t*km,1,34,32,0,0,5cb3cf02d40e2673e35a24bb993c21efa89d9f54bbb0e396819daa5c3d443967,retrieved_not_selected
USLCI,1.2025-06.0,a17f251a-de94-3933-b3b1-61aef7df590d,01.00.001,"Transport, combination truck, long-haul, diesel powered, Southeast",,UNIT_PROCESS,PHYSICAL_ALLOCATION,13ed0c67-549c-3a01-afee-7083b12dd949,1.0,t*km,1,34,32,0,0,eb797e22ed7b602b55ede9852734a04676829ad5dbf831253cbec65452493dc3,retrieved_not_selected
USLCI,1.2025-06.0,a1c4409b-9e9e-4f3b-bec0-f319fef1e3c5,00.00.004,Zeolite Bridge; USLCI to USEEIO,,UNIT_PROCESS,,8f395d18-ce0c-39a8-b548-b184a6b9ee68,1.0,kg,1,2,0,1,0,ce9b283a16c04038ef0a684b1d83b82ca20f2719579632249fc6b2278de06818,retrieved_not_selected
USLCI,1.2025-06.0,a24e59f5-c156-398d-9a15-7d853ef2bf37,00.01.002,"Railroad ties, hardwood, creosote treated, SE",United States of America (the),UNIT_PROCESS,PHYSICAL_ALLOCATION,93f2c792-1c84-3ee7-9979-c646bb8e0051,1.0,m3,1,39,14,1,2,a137a19c42561da25b4cc1aca687c563a4b04b92a7ef2257c154927f45f20e2c,retrieved_not_selected
USLCI,1.2025-06.0,a2b119d4-5dce-3cb6-a013-ad3632c06feb,01.00.001,"Transport, single unit truck, diesel powered, Southeast",,UNIT_PROCESS,PHYSICAL_ALLOCATION,bbcd8095-e1d5-3762-aa08-3efc8d1d2ec4,1.0,t*km,1,34,32,0,0,faafb2e61f7c6dc19f1a3128ad6d3e44118ac86c27ad08c0d30fcedb4c0c6050,retrieved_not_selected
USLCI,1.2025-06.0,a2d522a3-27aa-371c-be65-41b683497fc3,01.00.002,"Transport, combination truck, short-haul, electricity powered, Northeast",,UNIT_PROCESS,PHYSICAL_ALLOCATION,d5ce6d5d-eea3-3c42-9999-fe46c52a1541,1.0,t*km,1,7,5,0,1,d86616744e1c25d56674356f9c0788211f578ccab273948c10afc5bfde7f5702,retrieved_not_selected
USLCI,1.2025-06.0,a2ee77db-89d4-39c4-88a4-a969c95e01d0,00.00.004,"Harvest, switchgrass",Northern America,UNIT_PROCESS,NO_ALLOCATION,563b0918-359e-3468-aeaa-971f0cafedc9,1.0,m2,1,4,0,3,0,3093b2ec463788eccb8e2fa3a6bd0e81edd17b1bc8b01d1c3e65f22ddf093f47,retrieved_not_selected
USLCI,1.2025-06.0,a336a2a7-c6a8-38a5-81e3-2709095fd85f,00.01.003,"Fuels, burned at uncoated mechanical paper, average production, at mill",Northern America,UNIT_PROCESS,NO_ALLOCATION,341b4c31-8b79-3d2c-9b99-21e74a8ab3cf,8061.0,MJ,1,66,56,0,0,7622d2285925cf32d6ccb5a615f8792d23098e1983a868bc15645bd2fa6718d7,retrieved_not_selected
USLCI,1.2025-06.0,a3a1912e-3182-33e9-be73-4997c03d5261,00.00.004,"Transport, refuse truck, diesel powered, Alaska",Northern America,UNIT_PROCESS,NO_ALLOCATION,c99244fc-abe3-3836-9d0c-ce0872f79975,1.0,t*km,1,24,17,0,0,2fbf0861b117a11b0f45120814b06f23d67d700aae96fb59d43ef2b4e212b156,retrieved_not_selected
USLCI,1.2025-06.0,a3b730ce-d657-383b-b485-e5d082d96424,00.00.004,"Winter wheat straw, production, average, US, 2022",Northern America,UNIT_PROCESS,NO_ALLOCATION,010fd805-fa43-382c-8332-2a8303335002,1040.0,kg,1,5,2,0,0,1103746fa3411f08b09dd22f26ffdaa1859c0bfcb1eff68123343840af0cd60c,retrieved_not_selected
USLCI,1.2025-06.0,a3e150d0-770e-4e2a-9b19-f7daa8cda38b,00.01.017,Chlorine; chlor-alkali electrolysis; at plant,United States of America (the),UNIT_PROCESS,PHYSICAL_ALLOCATION,8db1425d-16fb-4003-98f5-1d12d5995feb,0.441802415346269,kg,1,74,44,6,1,774f925387dac35fe3763fd9237b6092dd9951112dbea75601417db6d05e321f,retrieved_not_selected
USLCI,1.2025-06.0,a40d4e00-67c2-3f4c-8c2b-1c67a28e6c5c,00.00.006,"Pesticide, switchgrass",Northern America,UNIT_PROCESS,NO_ALLOCATION,daacfcbf-f4ad-39dd-b992-595e25b64b67,10000.0,m2,1,5,1,2,0,c3b901741c79d2eb8a12af2e028cfeb5c742fdae1180a3ad7fe5eb6f178ec240,retrieved_not_selected
USLCI,1.2025-06.0,a410ca41-74e9-472e-b3d5-6cb4bb832fcd,00.00.023,"Wastewater treatment; 5-Stage bardenpho, Level 3-1; at plant",United States of America (the),UNIT_PROCESS,PHYSICAL_ALLOCATION,ff5aa1d9-8e0c-440d-984a-58967cac338f,1.0,m3,1,21,3,1,1,7bf836e38c639bfd4cfec90a03c3690371c2cd407fb204bb8ea91620e634ee80,retrieved_not_selected
USLCI,1.2025-06.0,a477d05f-35a7-399e-9128-d2b4ce8265d6,00.00.010,"Gypsum wallboard product, type X, 0.625 inch (15.875 mm)",Northern America,UNIT_PROCESS,NO_ALLOCATION,0111f63c-fb44-3a4d-bbcc-1d3db26b0d4f,1.0,m2,1,676,675,0,0,254c4f834f0b71ecd2dd389734885072b644c68951ac5a86f676436d34542bf9,retrieved_not_selected
USLCI,1.2025-06.0,a4ede9e0-443d-3342-8cd3-6c5351afba8b,01.00.002,"Transport, combination truck, long-haul, electricity powered, Northwest",,UNIT_PROCESS,PHYSICAL_ALLOCATION,0e5e3079-33df-31fd-ad79-8b8feff08fb6,1.0,t*km,1,7,5,0,1,d7ebb37fea29725d9e82c11a1084a07ae7dcd2fb80b01be87b215d0c55e2688b,retrieved_not_selected
USLCI,1.2025-06.0,a4f5f3c5-8f82-38e7-b8cf-7b4f3208f5dc,01.00.001,"Transport, combination truck, compressed natural gas powered, Southwest",,UNIT_PROCESS,PHYSICAL_ALLOCATION,8a848faa-996b-39f4-a2ec-e9a1df693278,1.0,t*km,1,35,33,0,0,fabd839cb2631d38b76cba29a838d16a0cdb1f4f7520727be0e95c6ed7b607b3,retrieved_not_selected
USLCI,1.2025-06.0,a515132e-c816-34ea-9773-d56c11dc1cb0,00.01.001,"TDF, combusted in industrial boiler, at pulp and paper mill (EXCL.)",Northern America,UNIT_PROCESS,NO_ALLOCATION,73f6d99c-51b9-3e90-b358-b7caa6cbfe21,1.0,kg,1,20,18,1,0,0ffc053720ec2d45d76a2f6b90460645d1d45e69fe5ac6fde7f2d305e02701bc,retrieved_not_selected
USLCI,1.2025-06.0,a555a537-a0f1-3e54-9008-1d56c5e342a6,00.01.012,"Wood fuel, hardwood, generated at mill, combusted in industrial boiler, E",United States of America (the),UNIT_PROCESS,NO_ALLOCATION,9f913cbd-c240-3516-963f-8041f59b066e,1.0,kg,1,38,32,0,0,be87b76aa905e847d8e5e7d81643f1d8abf8db6b2ba9a5eecfc9621f79c3b38f,retrieved_not_selected
USLCI,1.2025-06.0,a5865467-8794-38cb-975b-6165286aa23f,01.00.001,"Transport, light commercial truck, E85 powered, Southwest",,UNIT_PROCESS,PHYSICAL_ALLOCATION,0a954583-49bd-3d80-8200-847790caf5b2,1.0,t*km,1,35,33,0,0,7c36d4477e3b0a336eec6e7ff8a31cdf0eca0ef759fd2cdd72596be63f9938a5,retrieved_not_selected
USLCI,1.2025-06.0,a58b8442-e2fb-39b4-ab68-ac4bee6f1fcc,01.00.002,"Transport, single unit truck, short-haul, electricity powered",United States of America (the),UNIT_PROCESS,PHYSICAL_ALLOCATION,855b58f5-89b6-3b25-b33e-59454a0adbaa,1.0,t*km,1,7,5,0,1,f15c8edf9618414e17c5c2cac1277912dc6890a356bf86fb4e801137d6bb62ce,retrieved_not_selected
USLCI,1.2025-06.0,a591c53f-ce67-41da-b0c1-65b6d91a1a43,00.01.010,"Steel; hot rolled coil, at plant",Northern America,LCI_RESULT,ECONOMIC_ALLOCATION,e8fbfbfb-24e9-49a6-a047-41f1646bf7f7,1.0,kg,1,735,689,35,0,3c999b7ba420d2b47f3baf27db87b056e16138ba3f39bebb7e8f5049a1e437dd,retrieved_not_selected
USLCI,1.2025-06.0,a6260670-e98e-3917-98bd-c14acb79fdf7,00.00.013,"Electricity, alumina refining regions",Northern America,UNIT_PROCESS,NO_ALLOCATION,1c2598fb-2015-3309-ba90-1f9bf7e26bfc,1.0,kWh,1,7,0,2,0,d9588708b5f89f72e5c5e2c64232c24804f6fd881c06ecc440cc26503611a353,retrieved_not_selected
USLCI,1.2025-06.0,a626a6b9-3877-36f5-ac98-f5844b6348dd,00.00.008,"Fuel grade uranium, at regional storage",Northern America,UNIT_PROCESS,NO_ALLOCATION,64e4081e-3bbf-3576-ad3e-d760aa93c187,1.0,kg,1,44,35,0,1,1284ebe2120dc06bd008b95764a47922c1abcba6f3b640dbec58a37f0efd1cc3,retrieved_not_selected
USLCI,1.2025-06.0,a685da05-1a42-3fe1-a68b-6db458be5e07,01.00.001,"Transport, combination truck, long-haul, diesel powered",United States of America (the),UNIT_PROCESS,PHYSICAL_ALLOCATION,13ed0c67-549c-3a01-afee-7083b12dd949,1.0,t*km,1,34,32,0,0,edb6e6184c608b31d0f55fc8a5a495fa359f52f4d8d566137b7336aa2b553487,retrieved_not_selected
USLCI,1.2025-06.0,a69b6a20-acd3-489b-b3e1-bb7ef0615618,00.00.005,"Aluminium sulphate, powder Bridge; USLCI to USEEIO",,UNIT_PROCESS,,10994741-b387-3aef-a485-1b3bb7f32268,1.0,kg,1,2,0,1,0,0b96e4b4cf9483220da32f3a0ff44ad9189dfca46b450410fb99276413074f19,retrieved_not_selected
USLCI,1.2025-06.0,a6ce0158-8065-352d-9a3b-c80fac6acf78,01.00.001,"Transport, combination truck, short-haul, gasoline powered, East North Central",,UNIT_PROCESS,PHYSICAL_ALLOCATION,41361da6-313c-3621-bbe6-3a792f3dab6b,1.0,t*km,1,35,33,0,0,224206f26debd51ae9df95bdc3c971ac88ac3be7de90d29330cb47036928ffa8,retrieved_not_selected
USLCI,1.2025-06.0,a6d58af5-1d23-3200-8de2-2e23582f1551,00.01.011,"Drinking water treatment; Primary Disinfection, Gaseous Chlorine; at plant",United States of America (the),UNIT_PROCESS,,bef031b4-7530-3038-aa6b-be21db63d32f,1000.0,cu ft,1,5,0,0,0,5f70beb2797b677924dabf72df58df879e3248d7d49e72bf21de1794b32d80b7,retrieved_not_selected
USLCI,1.2025-06.0,a73f1630-a8ff-4bba-a1b4-577f3c27198f,00.00.011,"Effluent release; from 5-stage bardenpho system with denitrification filter, Level 4-1 wastewater treatment plant",United States of America (the),UNIT_PROCESS,PHYSICAL_ALLOCATION,9dd59901-87f4-4ed2-99df-354715687a60,1.0,m3,1,65,64,0,0,6c0fd5cbd2350e65a0f2b0677ae2b20010ac3fe68621c54f40d0d1bc281e6695,retrieved_not_selected
USLCI,1.2025-06.0,a76c27ff-865f-3b30-9e01-5492988d30e6,00.01.012,"Drinking water treatment; Chemical Conditioning, without Adsorption; at plant",United States of America (the),UNIT_PROCESS,,a055858f-574f-39cb-abe9-984ed0c968d0,1000.0,cu ft,1,8,0,0,0,a72db067b4c981b11c274e126e66850d3b7186f4b4cd765d962a6f41d0256062,retrieved_not_selected
USLCI,1.2025-06.0,a88d64a9-8f2c-3821-9b70-57840000db31,01.00.002,"Transport, single unit truck, long-haul, electricity powered, Alaska",,UNIT_PROCESS,PHYSICAL_ALLOCATION,ca468bee-3878-3418-918a-6cbe82ac640c,1.0,t*km,1,7,5,0,1,5df9412882648c78977f78239c9014780266856b40fc31b51ea34d182cb33f03,retrieved_not_selected
USLCI,1.2025-06.0,a8b6bb7c-0274-41de-8385-ef5f8a03f9bf,00.00.005,"Natural gas, processed, for material use, at plant",,UNIT_PROCESS,NO_ALLOCATION,c837f7c6-1f8d-4f62-ade8-4f2a73b41b1a,1.0,kg,1,2,0,0,0,76b285501b0bbf5e9dd96a4b2735aa54bff080f81c958e66d86650593e76c8fe,retrieved_not_selected
USLCI,1.2025-06.0,a8c3ad24-992e-31e0-9e18-fdf0280875df,00.00.011,"Lost foam casting, aluminum",Northern America,UNIT_PROCESS,ECONOMIC_ALLOCATION,34e560b1-5686-32f7-9dd3-e1dc8d9bbc46,1.0,kg,1,29,13,8,1,f161e5da57ee72fb7565bf1fc68125e60d7d2e6b7c41c135ef9ab576bf0af856,retrieved_not_selected
USLCI,1.2025-06.0,a8eb9a6a-e8e6-3da6-a3ab-20dcf68e883a,00.00.005,"Aluminum ingot, production mix, at plant",United States of America (the),UNIT_PROCESS,NO_ALLOCATION,aec9945f-f19c-3834-8e26-5f4f92cfcb2b,1.0,kg,1,3,0,0,0,9c67f04dd36b8638b38382fac89ab7110cd6de91381dac4d4171ec9e434d3ee4,retrieved_not_selected
USLCI,1.2025-06.0,a9114429-6fce-3296-b5d3-f0163e3fd76f,00.01.008,"Glycerine, at plant",Northern America,UNIT_PROCESS,NO_ALLOCATION,15a3f4f0-891f-34ed-8b59-ae817a22aff4,1.0,kg,1,22,8,0,1,c48e529909c70f92cef1c4718f6428edb7a30359cb25152b21404c5aaf0ffac3,retrieved_not_selected
USLCI,1.2025-06.0,a916a17b-31d8-4901-8014-1d8d0674a0ea,00.00.009,Sodium formate; direct synthesis process; at plant - PROXY,United States of America (the),UNIT_PROCESS,,797c6750-028c-46c2-bd9c-084a6a9700cd,1.0,kg,1,3,0,0,0,dafc0e2048505efb79c4e18556717ab59cadf71fa441ea699634a43e38c5a5d6,retrieved_not_selected
USLCI,1.2025-06.0,a92f1110-9bee-3fa5-82c9-a922cfa84c06,00.00.004,"Transport, intercity bus, diesel powered, West North Central",Northern America,UNIT_PROCESS,NO_ALLOCATION,b235b36a-7ade-3301-acd9-e9a91a8138e8,1.0,p*km,1,24,17,0,0,6c013792af030c0f2a2ae7cffb3732457c1d201101f0261b54010169427e7d6d,retrieved_not_selected
USLCI,1.2025-06.0,a941c19b-ed3f-34a9-a91b-ee31e2d6ac18,00.00.005,"Planting, switchgrass, 2022",Northern America,UNIT_PROCESS,NO_ALLOCATION,38472995-20af-3219-a7b5-ad5bcbc1af3a,10000.0,m2,1,3,0,2,0,1f08256541132db8c4e3dd2009e10926dc4fa008b79198a2459764a399a733fd,retrieved_not_selected
USLCI,1.2025-06.0,a9f691e0-2be5-376a-ba35-294bb7849840,00.00.007,"Palm kernels, at plant",Northern America,UNIT_PROCESS,NO_ALLOCATION,f5be8e72-c62d-3d59-98a2-039b844e0d36,1.0,kg,1,19,14,0,0,ff254349a3936389b085f57315aee8a48676567ab1c6b050b7f4b07a23b99b96,retrieved_not_selected
USLCI,1.2025-06.0,a9fd0eec-60dd-3506-8a22-6f8715f80f4e,00.00.011,"Aluminum, secondary, shape casted",Northern America,UNIT_PROCESS,NO_ALLOCATION,a0c8c666-421f-30b3-80b4-2ea09817e105,1.0,kg,1,26,10,8,1,39e8a0961fa8d0c9d0ac869d3a8d62d1f8cc37c226c6b4570d2191ec67eaf00e,retrieved_not_selected
USLCI,1.2025-06.0,aa75c433-0c77-47cd-a5fe-d2bc03d9c4cc,00.00.002,Brick Bridge; USLCI to USEEIO,,UNIT_PROCESS,,39ac06d7-be83-3eb5-9045-df0e6db19c0d,1.0,kg,1,2,0,1,0,15719d87da5e31c4b5539f98df92921f59261221ef7f770e9b14be7cb381d716,retrieved_not_selected
USLCI,1.2025-06.0,ab2436bc-97db-3154-898e-2c49ca4b698e,00.00.013,"Semi-permanent mold (SPM) casting, aluminum",Northern America,UNIT_PROCESS,ECONOMIC_ALLOCATION,5acf07ec-9122-3be0-96be-9362ef4f1463,1.0,kg,1,46,25,8,1,363cdede2e6259186829f940110cbc765743ba23a1a032fe00d07fb561360fa3,retrieved_not_selected
USLCI,1.2025-06.0,ab334aaf-bfe1-3785-91c5-3de1dc34c01b,00.00.011,"Compression molding, rigid composites part, at plant",United States of America (the),UNIT_PROCESS,NO_ALLOCATION,b02afc35-d93c-3d91-a540-d73cbae63c20,1.0,kg,1,35,10,8,1,e982c0f069865c33c4a19984edce5ee9af16411181e310f0c87e3bc3e4f5211d,retrieved_not_selected
USLCI,1.2025-06.0,ab489078-bfc7-3ff7-9af9-aaca6b225cfd,00.00.004,"Transport, transit bus, diesel powered",Northern America,UNIT_PROCESS,NO_ALLOCATION,83a2d23e-a668-3b97-a037-371c67c18ccf,1.0,p*km,1,24,17,0,0,0e02196231d94bf1ad0b8ff828f48731867515c81ba15fb4db25c65a4c3b1036,retrieved_not_selected
USLCI,1.2025-06.0,ab7f18b8-9e1b-4efc-a690-5d9ffe6e0cc1,00.01.008,"Electricity, at grid",China,UNIT_PROCESS,NO_ALLOCATION,5f9e4330-20e4-4f3f-94c6-f8fedf7b5ff5,1.0,MJ,1,10,0,4,0,0fd148a6535b864c5af7e304cf9b8991e6e79a4671a06519019a2184c8bed95d,retrieved_not_selected
USLCI,1.2025-06.0,ac0cdbf8-8d2e-30ac-b0b9-97d34bf95981,00.01.013,Coarse aggregate from crushed stone; at mine,United States of America (the),UNIT_PROCESS,,486d4c20-a963-30ff-85ab-12ea2296777a,2000.0,lb av,1,11,4,0,1,e93b23e9211fe4b0d0091f22acc14e284f5fba27d4eb04c45a1c3b1091a2542b,retrieved_not_selected
USLCI,1.2025-06.0,ac1515a9-6ed3-347e-8e33-cd870a2de574,00.00.007,"Automotive painting, top coat, per m2",Northern America,UNIT_PROCESS,NO_ALLOCATION,b2199194-90f7-373a-8cf3-a863374924a8,1.0,m2,1,34,15,3,1,8f0f811f0379b988df718bde91bcc5e84946840844983fa912f9d2c8b4a33c1b,retrieved_not_selected
USLCI,1.2025-06.0,ac54bc7d-5db5-3b4f-9175-5dd02f678312,00.02.018,"Steel, billets, at plant",Northern America,UNIT_PROCESS,NO_ALLOCATION,fb35ea76-3255-3543-b943-8e358d2489d5,1.0,kg,1,98,92,1,0,71d24eedda6f76fdda5046611e05da04ec480a33ba01ac237a37ae38d8387813,retrieved_not_selected
USLCI,1.2025-06.0,accc6b3b-6793-3964-b89d-82066f6977fc,00.01.001,"Bituminous coal, combusted in industrial boiler, at pulp and paper mill (EXCL.)",Northern America,UNIT_PROCESS,NO_ALLOCATION,f1e8d961-1c36-3b57-a3fa-73b1be2bc1c5,1.0,kg,1,82,80,0,0,9ea951b811d4f5cff30e30d7552c61772f696023951b8c70f2d1ac63e5c00a50,retrieved_not_selected
USLCI,1.2025-06.0,ad18453a-694c-36d9-8acf-fe95a3bc280d,01.00.002,"Transport, single unit truck, long-haul, electricity powered, West North Central",,UNIT_PROCESS,PHYSICAL_ALLOCATION,ca468bee-3878-3418-918a-6cbe82ac640c,1.0,t*km,1,7,5,0,1,fa02917e6655ca49b65ff4f61e14186ba9cd5828209753535447d1cb11477d03,retrieved_not_selected
USLCI,1.2025-06.0,ad32b6d8-b721-353b-bbda-9a43e572aa79,01.00.002,"Transport, combination truck, electricity powered, Southwest",,UNIT_PROCESS,PHYSICAL_ALLOCATION,70d89027-628d-3404-8458-b209e40dd0e0,1.0,t*km,1,7,5,0,1,ebd1bb3f51468b38b94b170719603b34e422f32861820edfedbd0341f0278bfe,retrieved_not_selected
USLCI,1.2025-06.0,ad7dc241-1359-33bf-af7e-6b8461273e41,01.00.001,"Transport, combination truck, gasoline powered, East North Central",,UNIT_PROCESS,PHYSICAL_ALLOCATION,9b20d581-cc62-3313-9412-0855be3ee7c2,1.0,t*km,1,35,33,0,0,1f2ef4ec82da049f4561cf36d6ca591e0e0be30b2f498b570c4d7458c03f0b96,retrieved_not_selected
USLCI,1.2025-06.0,ae8c5758-4473-3791-9339-22ff52cacb23,00.01.009,"Lignite coal, at surface mine",Northern America,UNIT_PROCESS,NO_ALLOCATION,90247271-0884-3a25-af40-be7abccb922c,1.0,kg,1,13,6,0,1,af9df145834158d5865d01511dffda95faf3ba9819688c72b618dfbd3fa31c8a,retrieved_not_selected
USLCI,1.2025-06.0,aee013f3-6ae5-3c4c-acad-8dc891462326,01.00.001,"Transport, combination truck, compressed natural gas powered",United States of America (the),UNIT_PROCESS,PHYSICAL_ALLOCATION,8a848faa-996b-39f4-a2ec-e9a1df693278,1.0,t*km,1,35,33,0,0,4da14a7cc9cb855078cbbe649253b2b332f8d4f3d0a1a4c59b808c09724a11e0,retrieved_not_selected
USLCI,1.2025-06.0,afa04fc6-fc28-30de-8b2c-6845e0e668bd,01.00.001,"Transport, single unit truck, long-haul, compressed natural gas powered, Northwest",,UNIT_PROCESS,PHYSICAL_ALLOCATION,d0207892-1d62-3649-b2a7-4f5bd03b8a73,1.0,t*km,1,35,33,0,0,75e2a2120b96a655686218939147ab7a892f7156512c0d09f2dfd04ace129356,retrieved_not_selected
USLCI,1.2025-06.0,b001e212-e048-37ed-880c-6d19b0f87914,01.00.001,"Transport, light commercial truck, gasoline powered, West North Central",,UNIT_PROCESS,PHYSICAL_ALLOCATION,0614f894-cf10-307e-bd58-ac507face752,1.0,t*km,1,35,33,0,0,6456daf90fce652f2a94e04adf81b4a9c82a9c9e67ca68070108fa5dc65dd046,retrieved_not_selected
USLCI,1.2025-06.0,b01df176-be02-35f9-b035-abd70b10b6e4,01.00.002,"Transport, single unit truck, long-haul, electricity powered, Northeast",,UNIT_PROCESS,PHYSICAL_ALLOCATION,ca468bee-3878-3418-918a-6cbe82ac640c,1.0,t*km,1,7,5,0,1,47a39041a96a354c55ba671e53496c781a634dec13f33d08b5ddc108549e24a4,retrieved_not_selected
USLCI,1.2025-06.0,b024a56f-30d2-32c7-9066-3260d390b442,01.00.001,"Transport, single unit truck, short-haul, gasoline powered, South",,UNIT_PROCESS,PHYSICAL_ALLOCATION,524fd4ed-beef-3c60-a17b-fa0ba1842eeb,1.0,t*km,1,35,33,0,0,95d669efbe9f42ef74f79f6bf24bc407191cb66918741fef289f831db76aa19b,retrieved_not_selected
USLCI,1.2025-06.0,b06d1d47-4112-3dcd-8b09-014635f91500,00.01.013,Construction sand and gravel; at mine,United States of America (the),UNIT_PROCESS,,d9d2a2c5-2a11-366a-825e-bc3d7f3f2caa,2000.0,lb av,1,9,3,0,1,f3a52cbe8fd795b99717d04bf572281f8ba5975f895a93fd663145fc865fc167,retrieved_not_selected
USLCI,1.2025-06.0,b096119c-d496-3c65-b3fe-9a65a09187a8,00.00.007,"Automotive painting, pretreatment",Northern America,UNIT_PROCESS,NO_ALLOCATION,c253c5c4-836c-356c-a161-3b55c8a09369,1.0,m2,1,28,4,11,1,5d7e49390207e0bd72bd2739a856721a68deb9765df47ccb5d2b958331256f3e,retrieved_not_selected
USLCI,1.2025-06.0,b0d4a167-e4f4-3ecd-8ce0-76caf610a6ff,00.01.013,Granular activated carbon production; at plant - PROXY,United States of America (the),UNIT_PROCESS,,6e14dcda-bea9-327c-b43d-e4cacbecca2f,1.0,kg,1,2,0,0,0,6642129a4ab85b3ed7ec48493a133ac6c26c5434536f2c684fdd5eaacfaac873,retrieved_not_selected
USLCI,1.2025-06.0,b10f02ba-d8a4-33fc-9ad0-4ec23672f42b,01.00.001,"Transport, combination truck, diesel powered, West North Central",,UNIT_PROCESS,PHYSICAL_ALLOCATION,628c07ec-0802-39c1-ab88-1c62848ef436,1.0,t*km,1,34,32,0,0,13031306901a19be6299eec08d325fdc14d8499959675cbae99bac2a5fe021c9,retrieved_not_selected
USLCI,1.2025-06.0,b15aa6b2-a8be-3afc-a149-0a1a13facb12,00.01.014,Recycled postconsumer high-density polyethylene (HDPE) pellet; at plant,Northern America,UNIT_PROCESS,NO_ALLOCATION,c0e21190-462d-3466-b90f-a32b241a70f4,1.0,kg,1,3,0,0,1,6cfc5bbaf8570b01e4920c6ac92e14df7d6cc6aee20ecbc76333cae6394bc4bc,retrieved_not_selected
USLCI,1.2025-06.0,b22a873f-a468-34d6-8be1-f4579cb24e2f,01.00.002,"Transport, combination truck, electricity powered, Northwest",,UNIT_PROCESS,PHYSICAL_ALLOCATION,70d89027-628d-3404-8458-b209e40dd0e0,1.0,t*km,1,7,5,0,1,87f8a349d4f3c985ce628b2c0938ea19bf703debc226ed20a32e0aeca9d22c1d,retrieved_not_selected
USLCI,1.2025-06.0,b27794c0-ad1c-349f-90ea-0f064082b709,00.00.003,"Transport, transit bus, CNG powered",Northern America,UNIT_PROCESS,NO_ALLOCATION,c8b4edca-9b7b-3006-b1cc-7a370c958544,1.0,p*km,1,15,12,1,0,28075a6a3188dcd61b6076f4baac71a22ae27547d0869f8613a4f116f865324c,retrieved_not_selected
USLCI,1.2025-06.0,b2c2eba7-28d2-43cf-b2ef-6bb9ba114bea,00.01.002,Carbon fiber; at plant,,UNIT_PROCESS,NO_ALLOCATION,bd4e8ef2-5faa-4448-a1d8-5e15ed932e79,1.0,kg,1,4,0,0,1,5322e622e65df543a4479131d4e3ac57be0db63c296015db122bcee16f7c156d,retrieved_not_selected
USLCI,1.2025-06.0,b2ff31a2-03d4-3a48-9400-2c59592005dc,01.00.002,"Transport, combination truck, electricity powered, South",,UNIT_PROCESS,PHYSICAL_ALLOCATION,70d89027-628d-3404-8458-b209e40dd0e0,1.0,t*km,1,7,5,0,1,989d2ccaba92c8444501043137c06936f651ab98b85b7bdd5f620d9899e2f41c,retrieved_not_selected
USLCI,1.2025-06.0,b355f122-dc4e-4224-aafa-d43c3b57db7b,00.00.009,"Natural gas, combusted in industrial equipment",Northern America,UNIT_PROCESS,NO_ALLOCATION,d0da796c-bf22-435f-a8f4-f980bebc28ff,1.0,m3,1,23,18,0,0,cc2382a1e49079550f82ce5db2942300b63895393745e5de3a80ae35c20580b5,retrieved_not_selected
USLCI,1.2025-06.0,b3746830-f559-3e05-8df4-7eb7a7c262d1,00.00.005,"Transport, transit bus, diesel powered, Hawaii",Northern America,UNIT_PROCESS,NO_ALLOCATION,83a2d23e-a668-3b97-a037-371c67c18ccf,1.0,p*km,1,24,17,0,0,1b1a268ae0b98200d6f917d3bea3083f4a73a605258c76443425693c6007882c,retrieved_not_selected
USLCI,1.2025-06.0,b3d3db4f-a2a9-3351-ac7d-7f1ebe670ba0,01.00.002,"Transport, single unit truck, long-haul, electricity powered, Northwest",,UNIT_PROCESS,PHYSICAL_ALLOCATION,ca468bee-3878-3418-918a-6cbe82ac640c,1.0,t*km,1,7,5,0,1,3b042e115659310e96fc1538142d2d6ee3aef0fd84f7b9bcd70a9c7fc92b7a8e,retrieved_not_selected
USLCI,1.2025-06.0,b3dd9ee8-c149-3e57-ade5-386171b219e7,01.00.001,"Transport, single unit truck, short-haul, compressed natural gas powered, East North Central",,UNIT_PROCESS,PHYSICAL_ALLOCATION,1a34089c-3f9a-3afb-9ca6-93a4c7d6424e,1.0,t*km,1,35,33,0,0,593af854abcfa7cab8491ffa635ca0b40e49e438b51deacea6341eb26fbfbd36,retrieved_not_selected
USLCI,1.2025-06.0,b4852b43-adee-46ea-8b71-8b192e6bda9f,00.00.010,"Effluent release; from conventional plug flow activated sludge, Level 1 wastewater treatment plant",United States of America (the),UNIT_PROCESS,PHYSICAL_ALLOCATION,9dd59901-87f4-4ed2-99df-354715687a60,1.0,m3,1,65,64,0,0,3b7e245303cd707d361af5cdf804346180c2fe0f057eb8885a3bafcb5aeb0ae7,retrieved_not_selected
USLCI,1.2025-06.0,b4db0c58-f16d-319d-b8ee-294e6fcf7745,01.00.002,"Transport, single unit truck, electricity powered, South",,UNIT_PROCESS,PHYSICAL_ALLOCATION,94755eaa-c6ec-32d3-b687-b94ed0a53e5f,1.0,t*km,1,7,5,0,1,761adb28b8ec233274dee827f669aec6fa9fa499d0e960e3cfcfb57a0d3400da,retrieved_not_selected
USLCI,1.2025-06.0,b4fea109-eba5-44d5-a849-9900c1e54e5b,00.00.003,Indium Bridge; USLCI to USEEIO,,UNIT_PROCESS,,f585ef64-edcf-3536-a869-318dfb9def9c,1.0,kg,1,2,0,1,0,ca514ed3d39daea602cb662f5730f4055dda9a7427e3c9a119e083bc5d8fc160,retrieved_not_selected
USLCI,1.2025-06.0,b532b27e-bfe3-49cd-b858-75e90ccffc6b,00.00.019,Sludge hauling and landfill; wastewater treatment unit; Level 4-1,United States of America (the),UNIT_PROCESS,PHYSICAL_ALLOCATION,6905db5d-45f6-49e6-9a83-51b1b26419f9,1.0,m3,1,57,51,0,1,b6e6cef4c01ef51117607b9e041c8c2725f726831875a0c2599fa7af96b5ea7c,retrieved_not_selected
USLCI,1.2025-06.0,b5c35450-2b29-3f72-b6bf-1836a9d55100,00.01.002,"Mixed recyclables, sorted, at material recycling facility (MRF)",United States of America (the),UNIT_PROCESS,NO_ALLOCATION,2be6ce29-93cb-3106-8a99-4b9cf7dd27ef,1.0,kg,1,9,0,0,1,2d04d7612368ccc090e9febe67a4c7c2532ff4a204d629d40b1859587847a77d,retrieved_not_selected
USLCI,1.2025-06.0,b5e2775b-9779-3a61-ab7b-a44bbc5e0f4e,00.00.017,"Prefinished engineered wood flooring, at engineered wood flooring plant, E",United States of America (the),UNIT_PROCESS,NO_ALLOCATION,57207208-a2be-35f6-9ccf-8115d598285b,1.0,m3,1,29,1,14,3,558d75f8f6c01d56bb03ac7fa8d756f11312f01ebe3ae76bf1717febf6ba2f36,retrieved_not_selected
USLCI,1.2025-06.0,b60e52eb-01b4-3fd7-ab3f-b3290c2cab06,01.00.002,"Transport, combination truck, short-haul, electricity powered, Southeast",,UNIT_PROCESS,PHYSICAL_ALLOCATION,d5ce6d5d-eea3-3c42-9999-fe46c52a1541,1.0,t*km,1,7,5,0,1,929d95679720f631997aa109bcafdd2536c9acb568d39533d3524c42d0f0d019,retrieved_not_selected
USLCI,1.2025-06.0,b6838fda-8ab5-3d0b-9ce2-08d2346a07c5,00.01.005,"Ductile Iron Pipe, 10"" inch diameter; at plant; per linear foot",United States of America (the),UNIT_PROCESS,,609dfa01-9983-37bb-bace-09345bad3baf,1.0,ft,1,4,0,0,0,88713a65c98edf2a0978f6312647b8cb61d71df5e80b35526a6a3abe6538f785,retrieved_not_selected
USLCI,1.2025-06.0,b6884185-30b8-391a-9dff-dbded4429a66,00.01.001,"Hog fuel, pur., combusted in industrial boiler, at pulp and paper mill (EXCL.)",Northern America,UNIT_PROCESS,NO_ALLOCATION,cd2343aa-210e-3d54-87df-c939bc9296b5,1.0,kg,1,31,29,0,0,0157c337f868ccf1e3e8181f88cbcd0e4f865509e61b977db5a198628be7353b,retrieved_not_selected
USLCI,1.2025-06.0,b6c8f126-18c1-4a70-bd24-c394e13bc1f9,00.00.010,"Effluent release; from Modified University of Cape Town, Level 3-2 wastewater treatment plant",United States of America (the),UNIT_PROCESS,PHYSICAL_ALLOCATION,9dd59901-87f4-4ed2-99df-354715687a60,1.0,m3,1,65,64,0,0,f317ba321f1629bec640b420900c57286647f18dcd3779c871cbf33bf87365a7,retrieved_not_selected
USLCI,1.2025-06.0,b797797e-814d-3e4a-867b-90bea0bcdeaa,01.00.001,"Transport, single unit truck, long-haul, compressed natural gas powered, South",,UNIT_PROCESS,PHYSICAL_ALLOCATION,d0207892-1d62-3649-b2a7-4f5bd03b8a73,1.0,t*km,1,35,33,0,0,7e91a06b6cd8d99024afbbd68f1d1044ca8c16231d97fd2c0894ba9cc33bdcd7,retrieved_not_selected
USLCI,1.2025-06.0,b7ccc96d-a8a7-38e5-8c14-70bb9c3d2f34,01.00.002,"Transport, single unit truck, long-haul, electricity powered, Central",,UNIT_PROCESS,PHYSICAL_ALLOCATION,ca468bee-3878-3418-918a-6cbe82ac640c,1.0,t*km,1,7,5,0,1,9b77eafe3463d6ce19c6a195303f7f922cb93f17ab8276de9c865638a713b7ba,retrieved_not_selected
USLCI,1.2025-06.0,ba17bfb9-b3b1-391f-8635-b9987fb6cabd,00.01.005,"Ductile Iron Pipe, 44"" inch diameter; at plant; per linear foot",United States of America (the),UNIT_PROCESS,,343b73e7-27f3-3f11-a29c-f8e95ffe460f,1.0,ft,1,4,0,0,0,7dbfe8f5f6bbb2b7e1cb8f63ca8593be6026c4946e65b748723e2601b5cab591,retrieved_not_selected
USLCI,1.2025-06.0,ba328bfe-68dd-3d33-a95e-bdcd28252c39,01.00.001,"Transport, single unit truck, short-haul, gasoline powered",United States of America (the),UNIT_PROCESS,PHYSICAL_ALLOCATION,524fd4ed-beef-3c60-a17b-fa0ba1842eeb,1.0,t*km,1,35,33,0,0,e4426b7bb72a7266bbc63886407b8ccb97c5aa874872a1ed21f3856318aa9f98,retrieved_not_selected
USLCI,1.2025-06.0,ba3da3db-344c-422a-905b-40a079322b19,00.01.003,Proton exchange water electrolysis plant; construction,United States of America (the),UNIT_PROCESS,NO_ALLOCATION,743e231a-2d7f-4fbe-ad20-bf0687bf50e1,1.0,Item(s),1,13,2,2,1,aa04a5f96b980eee5da70d58204bd17cbbc2175dec5fa9299a70933d8d4bc26b,retrieved_not_selected
USLCI,1.2025-06.0,ba7b5d07-402b-4f76-8f55-2c7d4ce3e6c7,00.01.002,"Proton exchange water electrolysis stack; 1 MW, at plant",United States of America (the),UNIT_PROCESS,NO_ALLOCATION,0052bd8e-51b1-4f8e-b128-53f9ab55469d,1.0,Item(s),1,15,5,2,1,8697d0f707b85fb1ed590dbef425a3ecd01ece464ad1db64b9dedff1008fe555,retrieved_not_selected
USLCI,1.2025-06.0,ba914599-c630-31ef-b30a-819a1f179c51,01.00.002,"Transport, combination truck, short-haul, electricity powered, Alaska",,UNIT_PROCESS,PHYSICAL_ALLOCATION,d5ce6d5d-eea3-3c42-9999-fe46c52a1541,1.0,t*km,1,7,5,0,1,853ef8a2c4c82f59d3398eba4ac992b661344dcf077f63dcf87e9a93cad52c7c,retrieved_not_selected
USLCI,1.2025-06.0,ba9dcf1f-321b-3b4c-a1a9-b2c59dc00366,00.01.004,"Scanner, i710 desktop and i730EX desktop",Global,UNIT_PROCESS,NO_ALLOCATION,1906c973-fe26-3620-a984-29eb8404e949,1.0,Item(s),1,29,0,19,1,faca094a9cbe956978cc4389a55093e8c1c455b2087eb94a719bd2beff7f9b81,retrieved_not_selected
USLCI,1.2025-06.0,baaac50f-23d5-3bd1-8970-1cae058f4234,00.00.021,"Roundwood, hardwood, green, at logyard, NE-NC",United States of America (the),UNIT_PROCESS,PHYSICAL_ALLOCATION,86313deb-8b04-3f3e-b983-2b9896a410a6,1.0,m3,1,10,1,0,1,cf1279a36f064d1b82280ce87ddc1db8bfc55b6fc98da3f5c8c24978286cf890,retrieved_not_selected
USLCI,1.2025-06.0,bada054f-b912-3251-96c1-19e64cde8930,00.00.008,"Pulpwood, hardwood, average, at forest road, NE-NC",United States of America (the),UNIT_PROCESS,NO_ALLOCATION,6ee0e857-0bd4-32a4-9e70-925bbdcda653,1.0,m3,1,4,0,3,0,5484a9b535eb43f355d909739bf8858cc97e5cdcf607ea41a789668a7dd2b238,retrieved_not_selected
USLCI,1.2025-06.0,bb0f94e7-300d-342e-9d5e-3cc00121f850,00.01.018,"Drinking water treatment; Distribution, by pipeline",United States of America (the),UNIT_PROCESS,,334cba1d-fea9-3edb-853b-c2a4fb36efb7,1000.0,cu ft,1,10,0,0,1,57dd08389e11b60f84c460c724d5c6e1d671a046b8d4d3393d3367d26405fbdb,retrieved_not_selected
USLCI,1.2025-06.0,bbb16d92-dd0c-33c5-92c7-feca45646d83,00.01.002,"Railroad tie, hardwood, rough, green, at sawmill, SE",United States of America (the),UNIT_PROCESS,PHYSICAL_ALLOCATION,a1c12aba-9009-3cc4-90a0-6dd555e434dd,1.0,kg,1,7,1,0,1,f9d88ecf67061c85775ce09f201c7d1f7dde98fe0d9b28836a78231b79581988,retrieved_not_selected
USLCI,1.2025-06.0,bbb59026-6f14-46f6-9e3d-bc60ed8d45c5,00.00.006,"Sodium hypochlorite, 15% in H2O, at plant Bridge; USLCI to USEEIO",,UNIT_PROCESS,,4b455c7c-4815-3015-bf95-1e4db4959a2e,1.0,kg,1,2,0,1,0,8768ee256e8079d0adf36ce8a670ea8ce7777c42bf6b47df3f75c8baf150396f,retrieved_not_selected
USLCI,1.2025-06.0,bbcb0128-0ea1-3ef9-9f94-889a523b7c35,01.00.001,"Transport, light commercial truck, diesel powered, Central",,UNIT_PROCESS,PHYSICAL_ALLOCATION,35fe9caf-2ad2-3d14-ae03-21454a89da2e,1.0,t*km,1,34,32,0,0,a86ee1dd6a282448651e6fa469c5fcd6b86f8c631b9a6e34421f1e2f1737352d,retrieved_not_selected
USLCI,1.2025-06.0,bbd164e5-571d-3b26-be5a-9a479b24b77c,01.00.002,"Transport, combination truck, electricity powered",United States of America (the),UNIT_PROCESS,PHYSICAL_ALLOCATION,70d89027-628d-3404-8458-b209e40dd0e0,1.0,t*km,1,7,5,0,1,3ff6bd05b8cc10d919c7f20d179e7c843c06f879f7561aa6cec4a6f0faf0f4f8,retrieved_not_selected
USLCI,1.2025-06.0,bbf3dc45-a370-405e-8996-7358b7f1841c,00.01.001,"Asphalt binder, 3.5% styrene-butadiene-styrene (SBS), consumption mix, at terminal, from crude oil, 3.5% styrene-butadiene-styrene",Northern America,LCI_RESULT,ECONOMIC_ALLOCATION,ada21fb4-fd3a-4557-9085-9f1495ae8a0c,1.0,kg,1,1254,1065,178,0,eae52b3afaee7118d3b0f91ce2863f97c01acf585564d560b99dc8c33eaf6744,retrieved_not_selected
USLCI,1.2025-06.0,bc119cdf-7143-35e8-9adb-c3a92dc376b6,00.00.013,"Soy oil, refined, at plant",Northern America,UNIT_PROCESS,PHYSICAL_ALLOCATION,f126c700-2f3b-3477-9e1d-e73f5741a8b7,1000.0,kg,1,11,3,0,1,2e5ee3b3012e630d4cad890f49222fe979ca398d6b58bd01c9e754cc757efefa,retrieved_not_selected
USLCI,1.2025-06.0,bc4c2bad-4bdb-4402-8aed-74efc5781057,00.01.002,"Natural gas, conventional offshore, at extraction",United States of America (the),UNIT_PROCESS,NO_ALLOCATION,f979ad58-ceed-4fbd-9aaf-5e60b454026d,1.0,kg,1,18,14,0,0,6814003429374940e73453713c15671c2a35c622dc6dbf6ef39ae8fc5976fb10,retrieved_not_selected
USLCI,1.2025-06.0,bc848aa4-1a9f-4848-87f1-d30c9e1deaff,00.01.002,Solid oxide electrolysis cell; at plant,United States of America (the),UNIT_PROCESS,NO_ALLOCATION,e91d46db-6855-4d02-8f3f-cf32a4a8a3ef,1.0,Item(s),1,24,10,7,1,131456c125537a01c3b5a4006ee51031ca7ecfabbd143b22fa65d1371a6adafe,retrieved_not_selected
USLCI,1.2025-06.0,bcc68f88-debb-3fc3-93ee-5ceadcef0b14,00.01.004,"Aluminum, secondary ingot, at plant",Northern America,UNIT_PROCESS,NO_ALLOCATION,36549ddd-3dca-3b48-a1b0-7c6889afba05,1000.0,kg,1,598,584,4,0,fc5214461659a3b73ff7a1a1099cc5cb8770aa64503d0bd62c3ce1aff3ad2443,retrieved_not_selected
USLCI,1.2025-06.0,bce059b7-4de7-3505-b692-662149026a0a,01.00.001,"Transport, combination truck, short-haul, gasoline powered, Northeast",,UNIT_PROCESS,PHYSICAL_ALLOCATION,41361da6-313c-3621-bbe6-3a792f3dab6b,1.0,t*km,1,35,33,0,0,3074594c81040d14b8683061c73bfc2d00bf76cb763d95c44d9ba7ee07012033,retrieved_not_selected
USLCI,1.2025-06.0,bd18f612-6ce3-3b2e-bb7d-c346ad6d9d75,01.00.001,"Transport, combination truck, diesel powered, Alaska",,UNIT_PROCESS,PHYSICAL_ALLOCATION,628c07ec-0802-39c1-ab88-1c62848ef436,1.0,t*km,1,34,32,0,0,f922192be56c99ac075da916132855813b74836f828bc9a10466a66de5a293d6,retrieved_not_selected
USLCI,1.2025-06.0,bd3a7b9b-d08d-34b1-b006-a33a2f76a09c,01.00.001,"Transport, single unit truck, long-haul, compressed natural gas powered, Northeast",,UNIT_PROCESS,PHYSICAL_ALLOCATION,d0207892-1d62-3649-b2a7-4f5bd03b8a73,1.0,t*km,1,35,33,0,0,1d5424d272dcef34b3e9ca2d684495316bb89347f294821eecd80da2432852d5,retrieved_not_selected
USLCI,1.2025-06.0,bd968b92-1d89-398e-8201-09bacff50694,00.01.013,Drinking water treatment; Flocculation; at plant,United States of America (the),UNIT_PROCESS,,5f408193-b297-3e75-8035-f0db1574a4c0,1000.0,cu ft,1,6,0,0,0,8662e5210ee523d99915953ae23644b98e504bc6954990e400b222dc69d57fd6,retrieved_not_selected
USLCI,1.2025-06.0,bdc7eae6-8024-3977-bf48-3051691a0af6,01.00.002,"Transport, combination truck, short-haul, electricity powered",United States of America (the),UNIT_PROCESS,PHYSICAL_ALLOCATION,d5ce6d5d-eea3-3c42-9999-fe46c52a1541,1.0,t*km,1,7,5,0,1,eb9b6f6a993b6697916f5b8b6baaebe9ce3c6c7d87d6b4c2d32360276dec1651,retrieved_not_selected
USLCI,1.2025-06.0,bdd2a8a5-6f7a-3884-85ad-ad28e21e5a1a,01.00.001,"Transport, single unit truck, short-haul, compressed natural gas powered, Northwest",,UNIT_PROCESS,PHYSICAL_ALLOCATION,1a34089c-3f9a-3afb-9ca6-93a4c7d6424e,1.0,t*km,1,35,33,0,0,2ef1cfadd2eff552aca6528552ab7e5938a792f37336972d20adbece479f7584,retrieved_not_selected
USLCI,1.2025-06.0,be094940-fb6d-348b-a25b-3fb8ac9b561a,01.00.002,"Transport, light commercial truck, electricity powered, Northwest",,UNIT_PROCESS,PHYSICAL_ALLOCATION,0925e27b-37eb-38b6-8710-314211416cc2,1.0,t*km,1,10,8,0,1,280fce06e791852685010a671f00e50d17ce26c4adbb91ba8c029d903e074e71,retrieved_not_selected
USLCI,1.2025-06.0,be9d17bb-1253-3a1a-b9dc-09c65751805f,00.01.014,Drinking water treatment; Pumping energy for acquisition and treatment; at plant,United States of America (the),UNIT_PROCESS,,3072b205-2fd9-32f4-bdb3-ac2e3b739a84,1000.0,cu ft,1,3,1,0,1,8bb347d770a2480255e4f97ad7a8a86f1d4fa5754846294889e5be68ec1daccf,retrieved_not_selected
USLCI,1.2025-06.0,bed8446c-5d29-3e1a-bbd7-3d9a14721d1c,01.00.001,"Transport, single unit truck, diesel powered, Central",,UNIT_PROCESS,PHYSICAL_ALLOCATION,bbcd8095-e1d5-3762-aa08-3efc8d1d2ec4,1.0,t*km,1,34,32,0,0,88b0c28dd4b49b4a1732d11f926e678934e9b8589259de0878bd1b45bc90440e,retrieved_not_selected
USLCI,1.2025-06.0,bf3d3ce7-aac2-3a3c-b3e8-5c0a29bfb678,00.00.020,"Bucked and debarked log, hardwood, green, at veneer mill, E",United States of America (the),UNIT_PROCESS,PHYSICAL_ALLOCATION,52e7f1f1-455f-3c6c-a777-57cc89098528,1.0,m3,1,11,0,1,1,4f1d463cda9c1c2b5f606c1c04ace52856c979d1c71163405c32c150f8e91789,retrieved_not_selected
USLCI,1.2025-06.0,bf6e7378-4e08-3698-a3a7-c9cc90fcbc07,01.00.001,"Transport, light commercial truck, diesel powered",United States of America (the),UNIT_PROCESS,PHYSICAL_ALLOCATION,35fe9caf-2ad2-3d14-ae03-21454a89da2e,1.0,t*km,1,34,32,0,0,43e8cb368fd0722c9bcecbc9e4582754b9e5f9c1ebb1fd6c2b9c4c82a2cab592,retrieved_not_selected
USLCI,1.2025-06.0,bffb85b7-b962-4237-bfb9-c399415858ee,00.01.001,"Scanner, department, S3060, S3100, S3120",China,UNIT_PROCESS,NO_ALLOCATION,926274ff-8d7d-4700-90f7-de5387013911,1.0,Item(s),1,32,1,8,0,1bfdf9f378957bd9ac89fa3121b213e5a27bdfeb9afc16e1ff4e7196bb031a8c,retrieved_not_selected
USLCI,1.2025-06.0,c0138d7e-3eac-3b37-b27a-58c9d5a2d1cf,00.00.005,"Corn stover, carted",Northern America,UNIT_PROCESS,NO_ALLOCATION,1cf0f8b8-4291-38b7-a4c5-3a4877e338c5,1710.0,kg,1,5,0,2,0,660cc4f8b4e3a29486976fff0994909f03da8d32e2da5b6b49d6f78daa136998,retrieved_not_selected
USLCI,1.2025-06.0,c013fecd-01c9-3d27-8ab9-b3098574fdb1,01.00.001,"Transport, combination truck, short-haul, compressed natural gas powered, Northeast",,UNIT_PROCESS,PHYSICAL_ALLOCATION,419e9d46-92be-37cf-a9a2-765076ebf9ad,1.0,t*km,1,35,33,0,0,9f52b888d6e7db4290777aded067a8c25aabd7ba8f2f4493b40578a984e3fc1e,retrieved_not_selected
USLCI,1.2025-06.0,c01e63be-688d-36c6-ba41-07d900691186,00.00.003,"Transport, passenger car, diesel powered",Northern America,UNIT_PROCESS,NO_ALLOCATION,19ac1c40-d97e-3a44-b978-6d8150738d52,1.0,p*km,1,24,17,0,0,f956bbf1dbf4d4a50b8b9f616f0a26dee57585d6f4f21f4e9aad97bc2defb7d8,retrieved_not_selected
USLCI,1.2025-06.0,c042ca2f-0d9c-3014-b200-2093351fc4f6,00.00.005,"Transport, transit bus, diesel powered, West North Central",Northern America,UNIT_PROCESS,NO_ALLOCATION,83a2d23e-a668-3b97-a037-371c67c18ccf,1.0,p*km,1,24,17,0,0,fa5b3a2796c9ecf0ba59d9e76285eea439ad6566006bbe9aa795a99f4350aaf1,retrieved_not_selected
USLCI,1.2025-06.0,c069b1d6-6596-356b-81f9-16f3d65bd6b1,01.00.001,"Transport, combination truck, long-haul, diesel powered, Hawaii",,UNIT_PROCESS,PHYSICAL_ALLOCATION,13ed0c67-549c-3a01-afee-7083b12dd949,1.0,t*km,1,34,32,0,0,540c52c1600fff615e39e0f30371cedfb36da0a4d89c903b9ca3fc20c3dc7321,retrieved_not_selected
USLCI,1.2025-06.0,c1053de1-15ad-3ee4-9694-0bd0610a00ed,01.00.002,"Transport, combination truck, long-haul, electricity powered",United States of America (the),UNIT_PROCESS,PHYSICAL_ALLOCATION,0e5e3079-33df-31fd-ad79-8b8feff08fb6,1.0,t*km,1,7,5,0,1,3874a2d639d47e3b34d708c8b599b1cdd534e34ba3f274707f45f2db282dbb30,retrieved_not_selected
USLCI,1.2025-06.0,c11f6f12-269d-3c4c-9ab0-6995cd5d8af2,00.00.009,"Melamine urea formaldehyde, MF, resin, at plant",Northern America,LCI_RESULT,NO_ALLOCATION,2319eed6-941a-32b8-967a-3f5e33019e0b,1.0,kg,1,36,32,0,0,39bad6df098aa98636bc116cc17a23ccb2672e3bccd43edecc302f3d39ec164b,retrieved_not_selected
USLCI,1.2025-06.0,c139b46e-e0c1-3be5-ad3d-451d6392bad6,00.00.012,Biodegradable loose fill,Northern America,UNIT_PROCESS,NO_ALLOCATION,bc79a7c3-02f2-375b-be04-601e5e1b5590,1.0,m3,1,32,6,5,1,5246e9df05db398c6fd32e535bfc156a948661be5d6429a28b0792621f58c25b,retrieved_not_selected
USLCI,1.2025-06.0,c152d641-ddad-3c1b-b2f9-974d08cc8e00,01.00.001,"Transport, combination truck, short-haul, compressed natural gas powered, Central",,UNIT_PROCESS,PHYSICAL_ALLOCATION,419e9d46-92be-37cf-a9a2-765076ebf9ad,1.0,t*km,1,35,33,0,0,91445681da453ccaee26c2cf805e203417a088da3ebf83dbf2ced26c0f7cf793,retrieved_not_selected
USLCI,1.2025-06.0,c1fcb068-310a-34da-9021-f61d875d27de,01.00.001,"Transport, combination truck, long-haul, compressed natural gas powered, Northeast",,UNIT_PROCESS,PHYSICAL_ALLOCATION,8d49dd43-aada-36f4-9bf3-feff7e3231c3,1.0,t*km,1,21,19,0,0,c2e305a01559da5ae361a5e28e400313b82170ebf338880cfbaff0c8ddb45119,retrieved_not_selected
USLCI,1.2025-06.0,c2142561-f5c2-3311-95d1-25b625576c80,01.00.001,"Transport, combination truck, short-haul, gasoline powered, Southwest",,UNIT_PROCESS,PHYSICAL_ALLOCATION,41361da6-313c-3621-bbe6-3a792f3dab6b,1.0,t*km,1,35,33,0,0,d414117b8d669b04833146696f89ea1b4448b88e9fd22bb41c3fc790e287837e,retrieved_not_selected
USLCI,1.2025-06.0,c2300fc3-5496-3d12-9135-67dc0ef740c9,00.00.009,"Transport, barge, diesel powered",United States of America (the),UNIT_PROCESS,NO_ALLOCATION,a1242640-8306-366c-9c55-6dfd23e77bd7,1.0,t*km,1,13,11,0,0,accb9a4583692fbfb8047622d547d61e08ee5089d9cd50a5d76b06dfd1761271,retrieved_not_selected
USLCI,1.2025-06.0,c23bad5c-5223-3ec0-a4a7-d96fc86b554f,01.00.001,"Transport, light commercial truck, E85 powered, Southeast",,UNIT_PROCESS,PHYSICAL_ALLOCATION,0a954583-49bd-3d80-8200-847790caf5b2,1.0,t*km,1,35,33,0,0,6b8a87a892e0781f1c733039bd873129895a1d611245aaf837b688b221810ae8,retrieved_not_selected
USLCI,1.2025-06.0,c245a252-0860-41d2-9789-802bab7984ab,00.01.010,"Containerboard, average production, at mill",United States of America (the),UNIT_PROCESS,ECONOMIC_ALLOCATION,42385daf-e0a4-35de-9a68-931400275c60,1.10516007,kg,1,186,131,16,1,085220b5e3512b480143d889115a57b48ff1934f600eb54f690c6d4b683e9105,retrieved_not_selected
USLCI,1.2025-06.0,c27d8678-6c60-3c55-a4bf-81093984915a,01.00.001,"Transport, combination truck, long-haul, compressed natural gas powered, Alaska",,UNIT_PROCESS,PHYSICAL_ALLOCATION,8d49dd43-aada-36f4-9bf3-feff7e3231c3,1.0,t*km,1,21,19,0,0,108e3cf50b5b1f6945ca12aceebaf0e7966f367d9a329daee2fdabb84233425f,retrieved_not_selected
USLCI,1.2025-06.0,c2a7ddaa-164e-3a05-b063-221f68080142,01.00.001,"Transport, single unit truck, long-haul, diesel powered, West",,UNIT_PROCESS,PHYSICAL_ALLOCATION,1c639821-1428-35ac-aaa4-277aacdc7420,1.0,t*km,1,34,32,0,0,26a54320672e86e43bf15081d5c0c1a60de1ac287597ff78861cc170d0027f3a,retrieved_not_selected
USLCI,1.2025-06.0,c2bd01a2-0644-358b-8104-7812fb30ed8d,00.01.005,"Concrete Pipe, 84"" inch diameter; at plant; per linear foot",United States of America (the),UNIT_PROCESS,,a5712347-2037-3946-9658-438359afc169,1.0,ft,1,2,0,0,0,725ba3680f5e0af14f4ce32dfaea5f9d75898c81eaa3cde075abb1a81970a159,retrieved_not_selected
USLCI,1.2025-06.0,c330ff5d-bff8-326f-80f8-a51c78c853ea,01.00.001,"Transport, single unit truck, compressed natural gas powered, Alaska",,UNIT_PROCESS,PHYSICAL_ALLOCATION,cb33e8c2-2296-3c28-8015-fc08bf040845,1.0,t*km,1,35,33,0,0,e0724e94e09a4f207272e0b4be7685bfa3a7b4efb5b6ddb51e749f2c3e448815,retrieved_not_selected
USLCI,1.2025-06.0,c365372e-b463-35b8-acee-d2ad71e2ccdd,01.00.001,"Transport, single unit truck, short-haul, diesel powered, Northwest",,UNIT_PROCESS,PHYSICAL_ALLOCATION,20567d69-c8ee-325c-a98c-43c35b8eb9f4,1.0,t*km,1,34,32,0,0,00c527e80633817c3f161d3ae5ca15d654e4a1da93289e9e24492fd5d5f46931,retrieved_not_selected
USLCI,1.2025-06.0,c3880960-a3e7-397c-b9c5-ad3ea69fa101,01.00.002,"Transport, single unit truck, electricity powered, East North Central",,UNIT_PROCESS,PHYSICAL_ALLOCATION,94755eaa-c6ec-32d3-b687-b94ed0a53e5f,1.0,t*km,1,7,5,0,1,2ad371ee7b2f741420829e1a71e167b3117ef4d1db1c48895677c4c46a687eab,retrieved_not_selected
USLCI,1.2025-06.0,c39dbfd7-d8de-3df9-8e9b-d2bdc3037cf4,00.00.007,"Bark, softwood, average, at forest road, NE-NC",United States of America (the),UNIT_PROCESS,NO_ALLOCATION,a9354422-7e84-3f28-b64f-c038c3b0052b,1.0,kg,1,4,0,3,0,80430a61018ea875f6672f6b4cda0409142377403e1b579e599b4e1047bcc240,retrieved_not_selected
USLCI,1.2025-06.0,c3aa19a5-68de-30df-8e6a-150e62f4e25f,00.01.005,"Concrete Pipe, 6"" inch diameter; at plant; per linear foot",United States of America (the),UNIT_PROCESS,,f41f466f-76ed-3a2e-bbb2-b5e0f9edd593,1.0,ft,1,2,0,0,0,66f0fb9b994fff63aaf650ca964b99f092f30abf8cc8912cb95e48c7b48e7a8f,retrieved_not_selected
USLCI,1.2025-06.0,c3ba0cd2-d36d-396a-8295-bd4c00979cf6,01.00.001,"Transport, single unit truck, long-haul, diesel powered",United States of America (the),UNIT_PROCESS,PHYSICAL_ALLOCATION,1c639821-1428-35ac-aaa4-277aacdc7420,1.0,t*km,1,34,32,0,0,757285e8dca50ec6bfd9bee05fadad12b612b2e7769775f713a233368f2017c6,retrieved_not_selected
USLCI,1.2025-06.0,c3be0482-cb54-39f8-8638-dd3a4dec68eb,01.00.001,"Transport, single unit truck, long-haul, diesel powered, Northwest",,UNIT_PROCESS,PHYSICAL_ALLOCATION,1c639821-1428-35ac-aaa4-277aacdc7420,1.0,t*km,1,34,32,0,0,fc5daeddae4cc9e00c5d50cb5913b23b66751add9180e83ab08b32ece995258b,retrieved_not_selected
USLCI,1.2025-06.0,c3ef9869-9821-3051-921c-d747b1060633,01.00.001,"Transport, combination truck, short-haul, compressed natural gas powered, Hawaii",,UNIT_PROCESS,PHYSICAL_ALLOCATION,419e9d46-92be-37cf-a9a2-765076ebf9ad,1.0,t*km,1,35,33,0,0,9cd096a8edc2cbff205727812e2ad44aeccad1b3815b3cf3176daf6dec8b9715,retrieved_not_selected
USLCI,1.2025-06.0,c4057cae-4e2c-3595-948a-ac60ec19b31d,01.00.001,"Transport, single unit truck, diesel powered, Hawaii",,UNIT_PROCESS,PHYSICAL_ALLOCATION,bbcd8095-e1d5-3762-aa08-3efc8d1d2ec4,1.0,t*km,1,34,32,0,0,9636ebc135024849b10424d8aead11d1bd8636b1f3fd530fe8124600baf92e4e,retrieved_not_selected
USLCI,1.2025-06.0,c47e2008-cd77-39e4-90d8-eba2cf6d2d44,00.01.015,"Drinking water treatment; Adsorption, with granular activated carbon; at plant",United States of America (the),UNIT_PROCESS,,bdb1e6dc-1a3f-38f4-bac2-4b5197f654af,1000.0,cu ft,1,7,0,0,0,2b9b0f9b4a9e3b0a55cc7906ca664301812484022c7c34786d2dd314b774567f,retrieved_not_selected
USLCI,1.2025-06.0,c493f95f-0143-3c66-b62a-3494133eb337,00.02.018,"Coil, coating, m2, at plant",Northern America,UNIT_PROCESS,NO_ALLOCATION,c87f2d03-e6fb-43ed-9347-766eb2147782,1.0,m2,1,40,14,9,1,ec2cb2f9c2d4658040a8f3aa9c3732065f7c0de2f5689869860207f864ac5301,retrieved_not_selected
USLCI,1.2025-06.0,c4a05231-fcf5-38cd-ae11-3f0edfd40d82,00.01.009,Drinking water treatment; Pumps for distribution system; at plant,United States of America (the),UNIT_PROCESS,,6e0edd7e-1f60-3ce3-9189-7730bba6b4f5,1.0,m3,1,3,0,0,0,79834ac6b89cd498ebaa94eba4c431cb471225fab6a928830c8973fd7054c6db,retrieved_not_selected
USLCI,1.2025-06.0,c4e79cfb-ac87-39ce-9dbb-7e7b689a9949,01.00.001,"Transport, single unit truck, short-haul, compressed natural gas powered",United States of America (the),UNIT_PROCESS,PHYSICAL_ALLOCATION,1a34089c-3f9a-3afb-9ca6-93a4c7d6424e,1.0,t*km,1,35,33,0,0,d6598971dd466d5ed424fffeb35dfdf0bf25992fa31532e1af714d46035c7bc3,retrieved_not_selected
USLCI,1.2025-06.0,c4ee7054-3024-4c13-9ba7-ada372860fa0,00.00.018,Sludge hauling and landfill; wastewater treatment unit; Level 5-1,United States of America (the),UNIT_PROCESS,PHYSICAL_ALLOCATION,6905db5d-45f6-49e6-9a83-51b1b26419f9,1.0,m3,1,57,51,0,1,cd4d6a5a18aadf9347efb6374ba8b6d7e0286d71f660d5a61df650787a33e39f,retrieved_not_selected
USLCI,1.2025-06.0,c53fc653-3e95-31b3-a97a-7c7d0c265242,01.00.001,"Transport, light commercial truck, E85 powered, South",,UNIT_PROCESS,PHYSICAL_ALLOCATION,0a954583-49bd-3d80-8200-847790caf5b2,1.0,t*km,1,35,33,0,0,8cea9a6313e903991fda209464a259a075556008791619fae1e33ac27e541019,retrieved_not_selected
USLCI,1.2025-06.0,c61964bd-2f6a-3aa4-a43c-dc215d3fce87,01.00.001,"Transport, light commercial truck, diesel powered, West North Central",,UNIT_PROCESS,PHYSICAL_ALLOCATION,35fe9caf-2ad2-3d14-ae03-21454a89da2e,1.0,t*km,1,34,32,0,0,7b26e2058a67cda46cc1db080b3fa3d163b64856a1a22f163aaee8ed6609bfdd,retrieved_not_selected
USLCI,1.2025-06.0,c61b85fc-217c-32c1-b313-ba8efb80e378,01.00.001,"Transport, combination truck, long-haul, diesel powered, Central",,UNIT_PROCESS,PHYSICAL_ALLOCATION,13ed0c67-549c-3a01-afee-7083b12dd949,1.0,t*km,1,34,32,0,0,d3ee7bba487f1b8c08ab2cd4d7c561b7748013c9d1da6df2f3184ec2f112e50c,retrieved_not_selected
USLCI,1.2025-06.0,c66c6907-1397-325c-a4e3-35a3aee7046a,01.00.002,"Transport, single unit truck, long-haul, electricity powered, West",,UNIT_PROCESS,PHYSICAL_ALLOCATION,ca468bee-3878-3418-918a-6cbe82ac640c,1.0,t*km,1,7,5,0,1,3853876c300d3947adff39de947222e6560a1397e87dd6458b69eed1354b78f0,retrieved_not_selected
USLCI,1.2025-06.0,c7029ef8-6c25-3413-9b50-223d7794b393,01.00.001,"Transport, single unit truck, gasoline powered, Hawaii",,UNIT_PROCESS,PHYSICAL_ALLOCATION,30c89ffc-e08a-3d2b-8c96-33b2397b9bd8,1.0,t*km,1,35,33,0,0,1e0c080a48da94e9f3f2962234cd1872740c7c8bd8f8b7075700416d91bd421e,retrieved_not_selected
USLCI,1.2025-06.0,c77a668e-733b-3e86-9a1d-bcec8b0064dc,00.00.008,"Crude palm kernel oil, at plant",Northern America,UNIT_PROCESS,NO_ALLOCATION,7e7a192b-c431-3883-aba5-802625561ade,1.0,kg,1,10,1,0,1,67568ca63a38f5dbbedb92ac7be862a5c6af15f2698734c1a2755f2b5125b377,retrieved_not_selected
USLCI,1.2025-06.0,c7aaeef5-a019-304e-959d-92fdccaf0896,00.01.007,"Wood, softwood, INW, generated at lumber mill, combusted in industrial boiler",United States of America (the),UNIT_PROCESS,NO_ALLOCATION,7790c31b-ad49-308e-8909-f1af0931f198,1.0,kg,1,35,32,1,0,b29091dfff47874440441ba797b121f6cd4ac25bc8c2737084ea5772e9150bb8,retrieved_not_selected
USLCI,1.2025-06.0,c7fec37a-a023-3563-84d6-fa33a6b19f2f,00.00.004,"Corn wet milling, operations, AP-42",Northern America,UNIT_PROCESS,NO_ALLOCATION,d6bfc1d8-069b-3604-9685-9ed45c6dfce4,2000.0,kg,1,2,1,0,0,c5a6c1a1551fa397e9ef0d8e1ec9a77070772c90160362b6aa3d05fd6e6ab662,retrieved_not_selected
USLCI,1.2025-06.0,c81b7a24-a554-3523-947c-96e8eacf158b,01.00.001,"Transport, single unit truck, diesel powered, East North Central",,UNIT_PROCESS,PHYSICAL_ALLOCATION,bbcd8095-e1d5-3762-aa08-3efc8d1d2ec4,1.0,t*km,1,34,32,0,0,9f78ff3e073e3b5d96f958142c5201e8c3a32fae224019badd701752e1357a5f,retrieved_not_selected
USLCI,1.2025-06.0,c8515ede-8a41-3ae9-9b69-7efb716f31ca,01.00.001,"Transport, single unit truck, diesel powered, Northwest",,UNIT_PROCESS,PHYSICAL_ALLOCATION,bbcd8095-e1d5-3762-aa08-3efc8d1d2ec4,1.0,t*km,1,34,32,0,0,8568f17ba998c4437e8d743012f0d1e7f0515f09e4a6734bd6ee5faa6955e332,retrieved_not_selected
USLCI,1.2025-06.0,c88ec0f8-30f7-482f-8be5-e415789da59f,00.00.035,Wastewater treatment; U.S. Average Treatment; at plant,United States of America (the),UNIT_PROCESS,NO_ALLOCATION,f15f7a4a-994e-4547-b334-549fa863cd91,1.0,m3,1,4,0,0,0,93bf49bbe604b7dd57126016af32cae8633915659838d148841f1e11dc17af80,retrieved_not_selected
USLCI,1.2025-06.0,c89719ad-de15-31f9-8519-e7d0a6c62fe3,01.00.001,"Transport, combination truck, compressed natural gas powered, Southeast",,UNIT_PROCESS,PHYSICAL_ALLOCATION,8a848faa-996b-39f4-a2ec-e9a1df693278,1.0,t*km,1,35,33,0,0,17fc835c12763b0058f686794fb00bfdc6aff67e262025439a825c55dd944c95,retrieved_not_selected
USLCI,1.2025-06.0,c8c0b1ab-1547-4c65-b5bc-6c0d57f95a6f,00.01.003,"Scanner, department, S3120 Max, S3140 Max",China,UNIT_PROCESS,NO_ALLOCATION,ca68f730-e81a-4044-805f-9347c5c2530d,1.0,Item(s),1,34,1,12,0,ed8b8223852ffdde9ff94bb292678ea483903aa97f96952aa98add501d4c63d7,retrieved_not_selected
USLCI,1.2025-06.0,c90c7691-78a0-3457-8bc5-122d05b49c38,00.01.005,"Concrete Pipe, 54"" inch diameter; at plant; per linear foot",United States of America (the),UNIT_PROCESS,,7f0bccb1-c82f-3f27-9472-ab4d609ddbc8,1.0,ft,1,2,0,0,0,343c754daf8c52d3e4d65bc1676f1cd1ff6c68d8fe102a9a46885f635de2136e,retrieved_not_selected
USLCI,1.2025-06.0,c9b1a717-654b-3e4b-ab68-ab97840b0201,01.00.001,"Transport, combination truck, gasoline powered, Northwest",,UNIT_PROCESS,PHYSICAL_ALLOCATION,9b20d581-cc62-3313-9412-0855be3ee7c2,1.0,t*km,1,35,33,0,0,ac82a592f89689797ebf0e26f14a0f73cf2a8995415b04a8e976df370305fb8c,retrieved_not_selected
USLCI,1.2025-06.0,ca0197e1-3f0c-3656-a030-348f34805139,01.00.001,"Transport, single unit truck, gasoline powered, West",,UNIT_PROCESS,PHYSICAL_ALLOCATION,30c89ffc-e08a-3d2b-8c96-33b2397b9bd8,1.0,t*km,1,35,33,0,0,2878dc89517a5be05c3c9b9a944725a91f4e1d68b4805581603744c5c780abcb,retrieved_not_selected
USLCI,1.2025-06.0,ca166ebc-78c6-4397-a212-764db5f3d0e7,00.00.048,Lithium brine; extraction and reinjection; at plant,Canada,UNIT_PROCESS,,9bbce06b-d2dc-47a7-bd5f-ab33379f146e,1.0,kg,1,9,7,0,1,1ab31c3fa7b70cba11e7e9eccf68257ce2561e43f67bd46510abbbd4faf0faf2,retrieved_not_selected
USLCI,1.2025-06.0,ca1d1dfa-fd3c-35f1-bea7-a037251deb04,00.01.005,"Hardboard, at hardboard plant",Northern America,UNIT_PROCESS,PHYSICAL_ALLOCATION,9d6de29f-6d1d-3ca6-bbe5-26d8d2e0c6af,768.0,kg,1,119,46,17,1,d42b303fcb3dd8a65abb19bb79e7cc4dfee5636db30d62ce682cc8849ddf8cd6,retrieved_not_selected
USLCI,1.2025-06.0,caa2304b-be86-4977-97e7-781898344b4c,00.00.006,Concrete Bridge; USLCI to USEEIO ,,UNIT_PROCESS,,76b18b27-d602-4ae2-a959-d12738c429c2,1.0,m3,1,2,0,1,0,6f3e8b3f4ae013ea95ed12d6f7c8d80ce74b846439346ab84e7d6d69732b46c7,retrieved_not_selected
USLCI,1.2025-06.0,cae11f5d-75bb-35f1-ae97-5dbd2de50fe7,01.00.001,"Transport, single unit truck, compressed natural gas powered",United States of America (the),UNIT_PROCESS,PHYSICAL_ALLOCATION,cb33e8c2-2296-3c28-8015-fc08bf040845,1.0,t*km,1,35,33,0,0,120d7b26c7faa7ddb7d41562cda9245b41cce25ed7290e112c440ae158db29b2,retrieved_not_selected
USLCI,1.2025-06.0,caefe875-8560-3e7f-a8b7-a002485f75d6,00.01.011,"Anode, at plant",Northern America,UNIT_PROCESS,NO_ALLOCATION,f9130933-0414-3a68-8fb0-40f4bac7e13f,1.0,kg,1,44,34,0,1,c027f9d7efcbedfc974c5580fe9435a34cfd5f31dc8577b0ec3404f409eeec6f,retrieved_not_selected
USLCI,1.2025-06.0,cb34bcac-bd43-349f-ae02-423c3d1fee2b,01.00.001,"Transport, combination truck, long-haul, compressed natural gas powered, Southwest",,UNIT_PROCESS,PHYSICAL_ALLOCATION,8d49dd43-aada-36f4-9bf3-feff7e3231c3,1.0,t*km,1,21,19,0,0,42baacd9a0f74b270c004eb37acdcf22852f596f448bb851bfd580d706e6afdc,retrieved_not_selected
USLCI,1.2025-06.0,cb5600fe-948c-3fd0-80f3-35cf5b0d7832,00.00.006,"Bark, softwood, average, state or private dry forest, at forest road, INW",United States of America (the),UNIT_PROCESS,NO_ALLOCATION,65de349d-0103-3feb-8c35-99b7e07523a4,1.0,kg,1,3,0,2,0,1943b9f9f867fa570d89cb676129feb33aac025715d6c72841b408bf91408a5a,retrieved_not_selected
USLCI,1.2025-06.0,cbf4023b-71f7-36b7-8c45-ea43bc2f108c,00.02.008,"Pulp, kraft market, bleached, average production, at mill",Northern America,UNIT_PROCESS,ECONOMIC_ALLOCATION,b8dc8889-932a-3517-8d7d-c663d1373227,816.46623,kg,1,80,32,10,2,b7b50c81c53358a7da7e92ec660fa6de4e84655628bd39ab013d0cac88335cc5,retrieved_not_selected
USLCI,1.2025-06.0,cc886340-1e9e-40fc-8bae-87ea661f00c7,00.01.010,"Steel; cold rolled coil, at plant",Northern America,LCI_RESULT,ECONOMIC_ALLOCATION,1f8a25cb-2a84-45ca-b418-1b6ab9c38c2c,1.0,kg,1,740,690,39,0,292026d059a1413d036f86d53da958c1a1340191786032881465e03536830f28,retrieved_not_selected
USLCI,1.2025-06.0,cc8e796a-b812-31fd-b779-f0e9410bd681,01.00.001,"Transport, combination truck, long-haul, diesel powered, West North Central",,UNIT_PROCESS,PHYSICAL_ALLOCATION,13ed0c67-549c-3a01-afee-7083b12dd949,1.0,t*km,1,34,32,0,0,6eb93526749f34bc272ae89afcf4b477808f3a51a91a14fd20d942ce4595c01e,retrieved_not_selected
USLCI,1.2025-06.0,ccb7034a-24cb-3406-811e-641dba14e84d,01.00.002,"Transport, single unit truck, short-haul, electricity powered, West North Central",,UNIT_PROCESS,PHYSICAL_ALLOCATION,855b58f5-89b6-3b25-b33e-59454a0adbaa,1.0,t*km,1,7,5,0,1,d0524e98b5f2849bb4f40fce057a6740023506066491e812a0208cca538186ff,retrieved_not_selected
USLCI,1.2025-06.0,ccc739c2-aec2-30d0-a1f1-a7ae81af1e8a,00.00.004,Grinding,Northern America,UNIT_PROCESS,NO_ALLOCATION,aa3f78a4-9fec-3904-886f-443aa760a4ae,2000.0,kg,1,4,0,1,1,3a4c5e66a880e52ee5f456a2d2deb753bc9308cacfad72ef44792deb89631282,retrieved_not_selected
USLCI,1.2025-06.0,ccd72499-f6f6-45d1-856a-e8833f80dec8,00.01.003,"Pultruded product, at plant",Northern America,UNIT_PROCESS,NO_ALLOCATION,c4164ab6-2a14-4db1-8a48-aa94cbfd4b4d,1.0,kg,1,22,6,1,1,7ad1bae7305b7810c3001f55dfa0669c8896c1839753f4b27378fddc5e2ec254,retrieved_not_selected
USLCI,1.2025-06.0,cced9535-72f6-3b3a-b3c0-ce21b98eea2b,00.01.005,"Cellulosic fiberboard, uncoated, at plant",Northern America,UNIT_PROCESS,PHYSICAL_ALLOCATION,bdc5f6f5-2bcc-39b2-8273-211b96e8258d,254.0,kg,1,103,33,24,1,cd4ad74542845e6bcfb6ee1e8417f84b7c9b7f2392e8a08f6456765e03cda2c8,retrieved_not_selected
USLCI,1.2025-06.0,cd04cced-a75c-30c6-b05f-1fe6fbefb934,00.00.016,"Phenol formaldehyde resin, neat, 47% solids",Northern America,UNIT_PROCESS,NO_ALLOCATION,3c2baf23-665a-3c7a-b1df-19b89be18ec1,1.0,kg,1,20,9,1,2,b4d524d8afd3581d0ebbb7e643fb88e04b823005b0fb5ccada5d638b8e33f9a1,retrieved_not_selected
USLCI,1.2025-06.0,cd7fcea7-4b13-36ad-be07-e6fa09cb680b,00.01.002,"Deposit containers, at collection",United States of America (the),UNIT_PROCESS,NO_ALLOCATION,0fe54247-1f28-3597-bd5e-98431dc2f685,1.0,kg,1,4,0,1,1,99f96606e05ef7726a8e5a51e22311b94540b696a3cdf29a10709de60541b710,retrieved_not_selected
USLCI,1.2025-06.0,cd9dd2d7-a1c8-37c5-9be9-267548867c84,01.00.001,"Transport, combination truck, diesel powered, Southwest",,UNIT_PROCESS,PHYSICAL_ALLOCATION,628c07ec-0802-39c1-ab88-1c62848ef436,1.0,t*km,1,34,32,0,0,d77bf40a83ccfd8439a24f5eac74b633e42980fb2bbdf3b4b2de9ca5c4dcf11c,retrieved_not_selected
USLCI,1.2025-06.0,cdbace4b-f0cb-3bbf-99e6-b1291b558413,01.00.001,"Transport, single unit truck, short-haul, diesel powered, South",,UNIT_PROCESS,PHYSICAL_ALLOCATION,20567d69-c8ee-325c-a98c-43c35b8eb9f4,1.0,t*km,1,34,32,0,0,6be2d32fe5911ef7aa3cb46712428319fbbe7d0825575349640900700b523a46,retrieved_not_selected
USLCI,1.2025-06.0,cdc143eb-fff8-3618-85cd-bce83d96390f,00.00.011,"Veneer, hardwood, green, at veneer mill, E",United States of America (the),UNIT_PROCESS,PHYSICAL_ALLOCATION,a339abd8-8eaf-3163-862c-85d7eeba2868,1.0,kg,1,8,0,0,1,c92cd746e8bdaf4d4866a95eade863d214b5e8d5280d1552d902cf81872a6b2b,retrieved_not_selected
USLCI,1.2025-06.0,cdd860f4-48a6-3436-b86d-04424f8ee9d2,00.02.003,"Calcium carbonate, ground, 20 micron, at plant",United States of America (the),UNIT_PROCESS,NO_ALLOCATION,56b7a8ed-81da-3b77-81bd-c4938168edce,1000.0,kg,1,30,5,6,1,e72f5279727d40993c39c50798e77e2171b5a0eba5d5c1d913739d72c92b4617,retrieved_not_selected
USLCI,1.2025-06.0,ce1e7fde-7309-39c7-af0a-9027a44b6395,01.00.002,"Transport, single unit truck, short-haul, electricity powered, Alaska",,UNIT_PROCESS,PHYSICAL_ALLOCATION,855b58f5-89b6-3b25-b33e-59454a0adbaa,1.0,t*km,1,7,5,0,1,d22052c45539e268b03b3d09cc13579c1532e14b36701f413b050befae80f7a3,retrieved_not_selected
USLCI,1.2025-06.0,ce32d74f-0462-479b-b562-4af17261393f,00.00.004,Mercury Bridge; USLCI to USEEIO,,UNIT_PROCESS,,1e36f2f3-f848-38a0-bdcb-9f54b53d4a52,1.0,kg,1,2,0,1,0,7f6f3a21a6967401b4def5353630d71587bace9a9c919cc7d7c1694922d05336,retrieved_not_selected
USLCI,1.2025-06.0,ce587724-1be4-3da0-b7a2-988592c28b9a,00.00.034,"Sawn lumber, hardwood, rough, green, at sawmill, SE",United States of America (the),UNIT_PROCESS,PHYSICAL_ALLOCATION,6170b901-641c-3088-a8c0-799f9e5f766f,1.0,kg,1,15,0,1,1,f73aeb0be8f455d206efa74dc50fecdb4b0981d0fa70343d4d3af961de50d368,retrieved_not_selected
USLCI,1.2025-06.0,ce83ed94-a5ea-47d4-a52f-43223b22247c,00.01.003,"Crude oil, off-shore import, at extraction",United States of America (the),UNIT_PROCESS,NO_ALLOCATION,43b6c51f-f1a9-4a6d-8070-fa84adf27d23,1.0,kg,1,17,9,0,1,90f3470fc5a6d38c056c5ca68e40fa3e1a71e916661bc5045582a248a126a44d,retrieved_not_selected
USLCI,1.2025-06.0,cef0fa12-65ae-3672-a989-49e304c7ba53,00.00.003,"Transport, passenger truck, diesel powered",Northern America,UNIT_PROCESS,NO_ALLOCATION,3a7d26fe-7290-33b8-8c1e-1b424e86d5ea,1.0,p*km,1,24,17,0,0,09af80e1e4dee71c32ea8ff98abebd51a864f6d4a00a26e36b12033b2ebb3014,retrieved_not_selected
USLCI,1.2025-06.0,cf1241fd-8c01-3412-9030-8650b8e75669,01.03.002,"Polystyrene, expanded, EPS, virgin resin; batch suspension polymerization; industry average, at plant",Northern America,UNIT_PROCESS,PHYSICAL_ALLOCATION,cc5415fd-2095-31f1-8e53-c5fcd2fd8c54,1000.0,kg,1,27,10,3,1,27090b9559fed4ccd83cfbc587a9dbb2f9ef3d15bfcbbb55acb0fd775a3ed6a7,retrieved_not_selected
USLCI,1.2025-06.0,cfc38536-f8a3-3511-b47a-5ae3b2d2de1e,00.01.011,Drinking water treatment; Flocculation infrastructure; at plant,United States of America (the),UNIT_PROCESS,,03f55c3d-8113-32db-9f66-7ba7c1269c75,1.0,m3,1,9,0,0,0,b3756ed4dc3ccfe46f33976299afe94f6dd576f94150c9b74c1871dc1a32d765,retrieved_not_selected
USLCI,1.2025-06.0,d04ff0ad-5535-353e-aabc-27b89137bc92,00.01.001,"Mixed recyclables, at collection, dropoff center",United States of America (the),UNIT_PROCESS,NO_ALLOCATION,6e4fea52-8f29-321a-b1af-c1d1cfbf7da5,1.0,kg,1,3,0,1,0,59ae7befaae848959843a4b345ed949baa071d849412762f8a6a92049ad0f94e,retrieved_not_selected
USLCI,1.2025-06.0,d0bcd6e8-2dff-3800-8ea6-6d7eddb5e630,01.00.001,"Transport, combination truck, short-haul, diesel powered, Alaska",,UNIT_PROCESS,PHYSICAL_ALLOCATION,59449b10-044a-3a9b-a6e6-5c5fc97b50bb,1.0,t*km,1,34,32,0,0,7c6dc14ab95efc3b53f46c92b295f95e02754e901f2858e0125078199649dab8,retrieved_not_selected
USLCI,1.2025-06.0,d18fec71-abe4-3cf5-ad82-4cf4fb8eadc7,00.00.007,"Bark, softwood, national forest, average, at forest road, INW",United States of America (the),UNIT_PROCESS,NO_ALLOCATION,2700bc4b-663a-3b2f-b863-9cb7e9aa9861,1.0,kg,1,3,0,2,0,3a6ab9913730d59ac3b3942b6733f42dacfaa37cd4ac04ef6d1938c5dd6f991b,retrieved_not_selected
USLCI,1.2025-06.0,d1bf60a0-272b-3ef0-951c-7febc0546d58,02.01.004,"Methylene diphenyl diisocyanate, MDI; at plant, mass alloc",Northern America,UNIT_PROCESS,PHYSICAL_ALLOCATION,8850417f-b844-34b8-8f39-b373e9783d52,1.0,kg,1,58,41,3,1,94ad2af32b1427c135734ab5982c27b178d9ef2d4d7b0b69259545872ef2472c,retrieved_not_selected
USLCI,1.2025-06.0,d1c572b0-c244-3193-81fb-3a64bfb13e4d,02.01.003,"Polystyrene, high impact, HIPS, resin; at plant",Northern America,UNIT_PROCESS,PHYSICAL_ALLOCATION,53cf5851-1608-3f85-8846-d15fceeb2de6,1.0,kg,1,60,41,0,1,a0c4abb8a50910db2f69ffd6a04c2ac1c04fd226945016843f0d0923dd72e1d8,retrieved_not_selected
USLCI,1.2025-06.0,d1fd2cc5-e679-3ff5-9a8f-0eaf378af81b,01.00.002,"Transport, single unit truck, long-haul, electricity powered, Southeast",,UNIT_PROCESS,PHYSICAL_ALLOCATION,ca468bee-3878-3418-918a-6cbe82ac640c,1.0,t*km,1,7,5,0,1,5432f59127abe328a85cabb15a027f79c6e22ddf4268afb77a450570b1db1a9f,retrieved_not_selected
USLCI,1.2025-06.0,d20197e1-967f-35cb-95c1-0dbde806c367,00.00.004,"Aluminum recovery, transport, to plant",Northern America,UNIT_PROCESS,NO_ALLOCATION,13d77c80-5c2a-324a-b125-19dd287c71b2,1.0,kg,1,3,0,0,0,44b05904ffcbd58c3823894970def3ad19dd1cca852b2185620483e8ea5a9e76,retrieved_not_selected
USLCI,1.2025-06.0,d3083209-fbff-3424-81ec-936d695e2969,01.00.001,"Transport, single unit truck, long-haul, compressed natural gas powered, Southeast",,UNIT_PROCESS,PHYSICAL_ALLOCATION,d0207892-1d62-3649-b2a7-4f5bd03b8a73,1.0,t*km,1,35,33,0,0,b7f5b2e5844eee053e7ec5cb02e45402fe31abc5ba1deae99c05c4e4037b5b75,retrieved_not_selected
USLCI,1.2025-06.0,d30f7103-6bb0-4116-9f5b-44abe8fc756c,00.00.025,"Wastewater treatment; 5-Stage bardenpho membrane bioreactor with sidestream reverse osmosis, Level 5-2; at plant",United States of America (the),UNIT_PROCESS,,a5d56866-71d3-4579-91de-a4fccae9cd82,1.0,m3,1,23,4,1,1,99570d63b6ab6e4118acfd08487a3d2595b8c9e757955c574bd7f3813e947957,retrieved_not_selected
USLCI,1.2025-06.0,d32a7e23-c6c0-400a-8134-656a3e13c11f,00.01.002,"Paraxylene, at plant, kg",Northern America,UNIT_PROCESS,NO_ALLOCATION,44067793-674b-441e-b898-369f32f99ba0,1.0,kg,1,59,43,2,1,635608f57ea9fae10d1b046a9190f35339d93ce1c1880c8e43f839fee64b4ccf,retrieved_not_selected
USLCI,1.2025-06.0,d397dd56-dc53-37a1-956b-5da3aaa81a6f,01.00.001,"Transport, single unit truck, gasoline powered",United States of America (the),UNIT_PROCESS,PHYSICAL_ALLOCATION,30c89ffc-e08a-3d2b-8c96-33b2397b9bd8,1.0,t*km,1,35,33,0,0,01a3e7fd0f5b2987b02521f87a40a906835d4f456d730e592935fc709d4854ef,retrieved_not_selected
USLCI,1.2025-06.0,d3a056d7-9199-3c1d-9947-c486e03d529c,01.00.001,"Transport, combination truck, short-haul, diesel powered, Hawaii",,UNIT_PROCESS,PHYSICAL_ALLOCATION,59449b10-044a-3a9b-a6e6-5c5fc97b50bb,1.0,t*km,1,34,32,0,0,eee4a2b26f1df411089449080c7e98f127f1abe315b80e784034573ee4222f24,retrieved_not_selected
USLCI,1.2025-06.0,d3db6ab2-33de-453b-ac74-0567ba7fa95b,00.00.007,"Natural gas, processed, for energy use, at plant",,UNIT_PROCESS,NO_ALLOCATION,1a34bf95-f897-4af9-b70c-368fce9e41d6,1.0,kg,1,2,0,0,0,1bd2c111f16a86b5da44ca80f92e6a783150b72edf69bf010d309e030a4d2a61,retrieved_not_selected
USLCI,1.2025-06.0,d3df2050-8fe8-3b52-a486-fb5b644aaac8,01.00.001,"Transport, single unit truck, long-haul, compressed natural gas powered, Hawaii",,UNIT_PROCESS,PHYSICAL_ALLOCATION,d0207892-1d62-3649-b2a7-4f5bd03b8a73,1.0,t*km,1,35,33,0,0,f007731f7b9121c3dae41b9f3bdba8586bb413dc3e7ad5174968f13f458422a6,retrieved_not_selected
USLCI,1.2025-06.0,d3e13675-1455-375f-a557-bb8234de75ff,00.00.005,"Gasoline, combusted in equipment",Northern America,UNIT_PROCESS,NO_ALLOCATION,bc38e349-1ccf-3855-a615-a4f581ab875b,1.0,l,1,23,17,0,0,6c19d9b1d719a90eed7926e7e9c02f0c3f3a5658442dc655ce4c56ec75db3c61,retrieved_not_selected
USLCI,1.2025-06.0,d3e8abb6-74a0-4b6b-b2e4-dee491ba972d,00.00.006,"Building construction, hall, steel construction Bridge; USLCI to USEEIO",,UNIT_PROCESS,,f5f83bac-2787-4cb5-968a-2f8feefeec78,1.0,m3,1,2,0,1,0,ea40289f1f748e1eeba3aadf036bcb66383cd8f9b85329f080e2152ee3e18f03,retrieved_not_selected
USLCI,1.2025-06.0,d42c11eb-98d2-3cf5-add5-d7c65431bfa3,00.01.002,"Potassium sulphate alum, as K2O, hardboard",Northern America,UNIT_PROCESS,NO_ALLOCATION,f775ca41-3cd1-31c7-8419-96823b79360a,1.0,kg,1,11,5,0,1,0044396072a67aaa3f86de278dc52e487aa904ae9e662144c88904b0dde4d6e4,retrieved_not_selected
USLCI,1.2025-06.0,d4647fd6-57bf-3557-b3fe-be8dbc0eb6da,00.01.001,"Mixed recyclables, at collection, commercial",United States of America (the),UNIT_PROCESS,NO_ALLOCATION,e47e7aa2-c798-3c84-bcd3-ce683f06dabe,1.0,kg,1,3,0,1,0,f1df0f82864a66f6aaadb140df9a51e070b9b9bb2bcfedeff4af0ec8aed74698,retrieved_not_selected
USLCI,1.2025-06.0,d4732ba6-12cf-359d-9993-fadd77745716,01.00.001,"Transport, light commercial truck, gasoline powered, West",,UNIT_PROCESS,PHYSICAL_ALLOCATION,0614f894-cf10-307e-bd58-ac507face752,1.0,t*km,1,35,33,0,0,549c0c0f0768118d7122dc76275f65355aa9c94b61e3a40fa7cf3aeb3d8ca7cc,retrieved_not_selected
USLCI,1.2025-06.0,d48fa04d-9401-3158-9ad1-8f37b902e397,00.02.005,"Calcium carbonate, ground, 30 micron, at plant",United States of America (the),UNIT_PROCESS,NO_ALLOCATION,e73b0368-ff0f-3d2a-b65f-4311cc714ba1,1000.0,kg,1,27,4,4,1,e7aa22b6066e422bfe6117b662bf2180ab372ded9e736c9a0f67beb60d8147e7,retrieved_not_selected
USLCI,1.2025-06.0,d4f5859f-8ffc-45c2-9de5-05d478d9af54,00.00.004,Ethoxylated alcohols Bridge; USLCI to USEEIO,,UNIT_PROCESS,,0e6f89b8-2d57-3e6b-a9e8-7e5e68820470,1.0,kg,1,2,0,1,0,7e4c9027329cc18e4ce0b7bf4684c25d7db4c2f4b4a990e4d865ea699a065f8c,retrieved_not_selected
USLCI,1.2025-06.0,d520d6bf-0b51-37d3-bc17-c7047faace09,01.00.001,"Transport, light commercial truck, diesel powered, South",,UNIT_PROCESS,PHYSICAL_ALLOCATION,35fe9caf-2ad2-3d14-ae03-21454a89da2e,1.0,t*km,1,34,32,0,0,1e8057a3c4695b3fcfa26f5888b957ef421921f9d6c851bd42c20100890583a7,retrieved_not_selected
USLCI,1.2025-06.0,d549cd32-3e84-327e-86e8-452772ff7c56,00.01.001,"LPG, combusted in industrial boiler, at pulp and paper mill (EXCL.)",Northern America,UNIT_PROCESS,NO_ALLOCATION,4c536a81-63c3-3f13-9e03-4dae3da1a6df,1.0,l,1,8,6,0,0,a156585a3e52ae52d42325dca59b234b02a741ca97019de5a3295556430f5bd0,retrieved_not_selected
USLCI,1.2025-06.0,d57fe4e3-0bc9-3121-aeba-dadf92520714,01.00.002,"Transport, combination truck, electricity powered, Central",,UNIT_PROCESS,PHYSICAL_ALLOCATION,70d89027-628d-3404-8458-b209e40dd0e0,1.0,t*km,1,7,5,0,1,240bb49ad5cc92607f52fb5a6c77f1501e3349c6d98b23bd37e09f769f3581b8,retrieved_not_selected
USLCI,1.2025-06.0,d5b0f333-d1b3-3ba1-8111-b036b67589f8,00.00.004,"Tillage, conservation, corn production",Northern America,UNIT_PROCESS,NO_ALLOCATION,ca70f6fa-de96-3657-9a4b-3e65793c8de5,1.0,m2,1,4,1,2,0,a1dc20173c3f83e311cb2c6d85e8ce176d903da64c84cd1bcc0dff8a5ca63aa5,retrieved_not_selected
USLCI,1.2025-06.0,d5b7de33-7b2e-3807-9790-76a0254cc6bf,01.01.003,"Single-ply, white, polyester reinforced PVC roofing membrane, 80 mils - 2.032 mm",,LCI_RESULT,PHYSICAL_ALLOCATION,be74a03d-4243-3926-abc7-a1f03a076f66,1.0,m2,1,1771,1697,63,0,1c2074e27ca7a4bd4aa2f564b3ab2841a7410ae44ccd1f6187ce175fc5f8df0d,retrieved_not_selected
USLCI,1.2025-06.0,d6439ada-877c-30ff-92b2-875e88b88141,00.00.008,"Wheat, at field",United States of America (the),UNIT_PROCESS,ECONOMIC_ALLOCATION,e0f376d5-b43c-383a-8eb5-8b6a957301f0,1.0,kg,1,63,52,2,0,07c0256ef281e2c1f5ed71000832e3e06fd2f0c7f3548214150a4ff9be112a9a,retrieved_not_selected
USLCI,1.2025-06.0,d65a4cea-4732-3b43-b305-a876438bfe51,01.00.006,"Soy-based resin, at plant",Northern America,UNIT_PROCESS,NO_ALLOCATION,50823733-e9a7-3485-9248-d44dfc5dcd96,1.0,kg,1,89,84,0,1,d5b5e7c8cc3240e372421e3b09ecf24de46d88508bb1380dcd3720df96e8e69b,retrieved_not_selected
USLCI,1.2025-06.0,d67585e4-5ddf-3722-a4cc-0b7576a05b07,00.00.003,"Tillage, reduce, corn production",Northern America,UNIT_PROCESS,NO_ALLOCATION,c42be404-82ac-3ad9-9e2b-087be70a5194,1.0,m2,1,5,0,4,0,522a29c228568111bf8603afc8d05f3f20a8a618dc1e857c13ce1e9e3843b633,retrieved_not_selected
USLCI,1.2025-06.0,d6ad7035-5498-3237-8abd-50e93b1eef89,00.00.005,"Diesel, combusted in industrial equipment",Northern America,UNIT_PROCESS,NO_ALLOCATION,d815ff18-015c-3afb-be18-be03bdf325da,1.0,l,1,23,17,0,0,b70f1f17e549dac420e6c9c17d5b8c288696ee80119ebd5008ef9144411f3293,retrieved_not_selected
USLCI,1.2025-06.0,d7a673e2-dc84-31fa-b15c-a03a6863c8dd,00.00.003,"Tillage, intensive, corn production",Northern America,UNIT_PROCESS,NO_ALLOCATION,e5dc664c-277e-3c2c-9371-56adebed6f31,1.0,m2,1,5,0,4,0,5aaee441401010c960d042099893657de743e282a4edbf837048593418bf34a4,retrieved_not_selected
USLCI,1.2025-06.0,d7ac1ad3-e087-3e08-9a5e-2474048c5ba2,01.00.001,"Transport, single unit truck, long-haul, diesel powered, Hawaii",,UNIT_PROCESS,PHYSICAL_ALLOCATION,1c639821-1428-35ac-aaa4-277aacdc7420,1.0,t*km,1,34,32,0,0,d174cbca83453ad7703f2e485caa8860b9d79c15be7ceea637805bd7b67933bf,retrieved_not_selected
USLCI,1.2025-06.0,d7ac2a60-06a2-347b-a761-562e1442844a,00.00.008,"Automotive painting, electrocoating, per vehicle",Northern America,UNIT_PROCESS,NO_ALLOCATION,591b20d4-d9bd-3f50-a8eb-fca74697a808,1.0,Item(s),1,10,2,3,1,7cdfc29127e4ca1584ec4007db012783931a05cfd6af185419acc1301aa047ce,retrieved_not_selected
USLCI,1.2025-06.0,d7c148c2-8d03-3edb-817f-bc8e63621987,01.00.001,"Transport, light commercial truck, gasoline powered, Northeast",,UNIT_PROCESS,PHYSICAL_ALLOCATION,0614f894-cf10-307e-bd58-ac507face752,1.0,t*km,1,35,33,0,0,64caaf3052bfcbdfd57664638d18387380dcac850a1405838b790c31015610c4,retrieved_not_selected
USLCI,1.2025-06.0,d826bd6f-eb39-4ba9-adbf-2fd0c07ec0b9,00.00.031,"Wastewater treatment; 5-Stage bardenpho with sidestream reverse osmosis, Level 5-1; at plant",United States of America (the),UNIT_PROCESS,,dfcc91a6-f70e-46d5-b6a6-19b288c7e6c5,1.0,m3,1,31,4,1,1,aecb73786414fa3e04d248288b88d39ca3586d98a0d4220018ffbffe9cd66a41,retrieved_not_selected
USLCI,1.2025-06.0,d82bfa88-f1d3-3bd8-a88d-837102bfe169,00.01.013,Drinking water treatment; Adsorption infrastructure; at plant,United States of America (the),UNIT_PROCESS,,f53a39f7-b8f6-3d58-ba90-b4e4ec6a1185,1.0,m3,1,7,0,0,0,e1f785a7fb3e948eb2b5ab30ace5ffab69860ce446e8ee6c883bc6c932ddb5e9,retrieved_not_selected
USLCI,1.2025-06.0,d830df5e-0121-309e-a1dc-2e6c14e7fa91,01.00.001,"Transport, single unit truck, short-haul, gasoline powered, Central",,UNIT_PROCESS,PHYSICAL_ALLOCATION,524fd4ed-beef-3c60-a17b-fa0ba1842eeb,1.0,t*km,1,35,33,0,0,b274d71240402c65fb77fc73af45eb779e7f6778511e68cc639045d304bd15e6,retrieved_not_selected
USLCI,1.2025-06.0,d85c6177-4580-35f0-afd6-52125ababf10,00.00.018,"Heat, onsite boiler, hardwood mill, average, SE",United States of America (the),UNIT_PROCESS,PHYSICAL_ALLOCATION,833c3f72-fbbe-37ea-adf8-929b47ec0255,1.0,MJ,1,7,0,0,0,1b75eb18e9d8358b6eb9740898b3e6a0be1c85e5cf7ef5ab81a0f6bae96d9e47,retrieved_not_selected
USLCI,1.2025-06.0,d8b4d137-b876-3222-adde-878273b76e81,00.01.006,"Scanner, department, i5200, i5600",Global,UNIT_PROCESS,NO_ALLOCATION,bcf7bb60-adfd-3b2c-94bb-c881e037c50e,1.0,Item(s),1,35,0,22,1,bdb724b642bd061be14ef5068cca01febec870cf5f93f35b0b1f0de73b8313f1,retrieved_not_selected
USLCI,1.2025-06.0,d8e8d817-3d15-3d2b-8dd8-3f5b733cd2ad,00.01.005,"Ductile Iron Pipe, 36"" inch diameter; at plant; per linear foot",United States of America (the),UNIT_PROCESS,,22f37cf3-582b-3f30-8558-5a926eac5af2,1.0,ft,1,4,0,0,0,76f68de667d31f3970afbb0ca625b7aa429c56a8c1e8fc45ca47ae4b5e21d409,retrieved_not_selected
USLCI,1.2025-06.0,d91ee594-22ae-390a-93ed-1f6b7be34714,01.01.003,"Single-ply, white, polyester reinforced PVC roofing membrane, 60 mils - 1.524 mm",,LCI_RESULT,PHYSICAL_ALLOCATION,d52d2a98-35ce-30a6-9013-fd2587a1967d,1.0,m2,1,2176,2093,72,0,c94dd067853c8b4dac2c68ce232dbe19f13a07bf9e7f308a66e0e1352c83c3fb,retrieved_not_selected
USLCI,1.2025-06.0,d927432a-8d91-3d3c-987f-bec808f1ec68,00.00.004,"Transport, intercity bus, diesel powered, South",Northern America,UNIT_PROCESS,NO_ALLOCATION,b235b36a-7ade-3301-acd9-e9a91a8138e8,1.0,p*km,1,24,17,0,0,f83e2e6edc8b3dee192fb119f8006fa2750d3a62adc15f4cef877a27c0d5b20a,retrieved_not_selected
USLCI,1.2025-06.0,d9873e27-06d1-3f4d-b1ce-8b5e81052a0d,01.00.002,"Transport, combination truck, electricity powered, East North Central",,UNIT_PROCESS,PHYSICAL_ALLOCATION,70d89027-628d-3404-8458-b209e40dd0e0,1.0,t*km,1,7,5,0,1,ed83db50e0c358abd9c38be1a5aa382508f1f27395c435257a65f0a785f6191e,retrieved_not_selected
USLCI,1.2025-06.0,d9917668-4941-35a0-a4b4-e920efd60946,00.01.012,Drinking water treatment; Lime addition infrastructure; at plant,United States of America (the),UNIT_PROCESS,,8109eada-a732-3e56-8b04-e1dd62bb7d55,1.0,m3,1,7,0,0,0,e1352381208c36f9eba856015407f557d22da2da3f5a1d5506a05081fb707c36,retrieved_not_selected
USLCI,1.2025-06.0,d9919764-fed6-3a87-8d64-ba028baf7183,01.00.001,"Transport, light commercial truck, gasoline powered, Southeast",,UNIT_PROCESS,PHYSICAL_ALLOCATION,0614f894-cf10-307e-bd58-ac507face752,1.0,t*km,1,35,33,0,0,44993cf5b52fccc5a7736e21c3effdaf29816fadcf1747e4fdf793e10c772228,retrieved_not_selected
USLCI,1.2025-06.0,d99ce4b4-1c64-3345-9109-cc82b8665101,01.00.001,"Transport, single unit truck, short-haul, compressed natural gas powered, Central",,UNIT_PROCESS,PHYSICAL_ALLOCATION,1a34089c-3f9a-3afb-9ca6-93a4c7d6424e,1.0,t*km,1,35,33,0,0,7622e52f4808a31f5252e382eecea49d191a0b797d0375ca4b61eb8ee7ae99aa,retrieved_not_selected
USLCI,1.2025-06.0,d9cadd89-4203-375a-903a-63197cd29c6a,00.00.020,"Ethanol, denatured, forest residues, thermochem",Northern America,UNIT_PROCESS,CAUSAL_ALLOCATION,2656bfd3-ed3c-3fb8-ab93-6597836a463b,21183.0,kg,1,32,11,7,0,9b225a5f12621195fed238621c2d0ef9643be797017ca270df3d142a310d26a9,retrieved_not_selected
USLCI,1.2025-06.0,d9d2e354-7e2b-3d2c-8e48-a7aca15ecde5,00.01.010,Drinking water treatment; Granular activated carbon regeneration; at plant,United States of America (the),UNIT_PROCESS,,06ce9ca1-00c1-3270-bcfe-670c8d882a78,1.0,kg,1,8,6,0,0,08b3e7e2d28ca729c72251db32f80205003f433dea038cb6e36f4fb6c4c732c1,retrieved_not_selected
USLCI,1.2025-06.0,da0f5501-f4ab-32d1-80b7-b70d143608f6,00.00.018,"Transport, ocean freighter, diesel powered",Global,UNIT_PROCESS,NO_ALLOCATION,6c65fc34-c25e-3eb4-bc92-15bbfc457725,1.0,t*km,1,13,11,0,0,2dd2f15617a679848218b3eed948d6fb77309afed7cfe5d03385e0455e23fd9b,retrieved_not_selected
USLCI,1.2025-06.0,da8e9d9f-c0e2-3c9b-9d0a-f7e5f1667639,00.00.006,"Ethanol, denatured, at refueling station, 2022",Northern America,UNIT_PROCESS,NO_ALLOCATION,6a14d14a-c3dd-3605-95b1-bc2abb3f6b51,1.0,kg,1,11,0,0,0,360a7fd045f3f5c1d7907db4057dee410c6ed15502341b9d6fea88ed56c97c76,retrieved_not_selected
USLCI,1.2025-06.0,dacaeae9-aeed-3366-912d-6a31de09eef9,00.00.010,"Nitrogen fertilizer, production mix, at plant",Northern America,UNIT_PROCESS,NO_ALLOCATION,45f1fd00-2093-3e05-9b41-e942b9e8cec9,1.0,kg,1,19,11,0,1,45980461a73f935a729afd2a92bcec6b649f6927c4038b55b681127211bb4442,retrieved_not_selected
USLCI,1.2025-06.0,db291182-7d45-38c4-8529-a9abc78e55e9,00.01.006,"Wood fuel, hardwood, purchased, combusted in industrial boiler, SE",United States of America (the),UNIT_PROCESS,NO_ALLOCATION,ccf86743-6a0f-39d5-949e-6b2950bae209,1.0,kg,1,36,32,0,0,603d265bcc43c5b4b2184a762b0d9cb947d6e8fd503c11403ff2f61209fb7de0,retrieved_not_selected
USLCI,1.2025-06.0,db3e2e1b-a320-3b77-8d19-fd576b9d942c,01.00.001,"Transport, single unit truck, compressed natural gas powered, Southwest",,UNIT_PROCESS,PHYSICAL_ALLOCATION,cb33e8c2-2296-3c28-8015-fc08bf040845,1.0,t*km,1,35,33,0,0,411eba0d06b7bc5a5a0dc25f89eaae7d98eda1babac13fd6265e28a1ce10358c,retrieved_not_selected
USLCI,1.2025-06.0,db7c00e1-bed3-3233-a801-00b700aadeda,01.00.001,"Transport, combination truck, short-haul, diesel powered, West North Central",,UNIT_PROCESS,PHYSICAL_ALLOCATION,59449b10-044a-3a9b-a6e6-5c5fc97b50bb,1.0,t*km,1,34,32,0,0,746ea3619c53f1ce48a2bd3877683b23dcbe4f5019dee30fb09253b0d8390127,retrieved_not_selected
USLCI,1.2025-06.0,dbff9ee8-0cf1-4ce9-9109-f0feb23903d0,00.01.027,Lithium hydroxide monohydrate; production from spodumene concentrate; at plant; 100% purity,Canada,UNIT_PROCESS,,988eeef3-5ce6-4acb-878c-4d60dfcea53f,1.0,kg,1,17,5,1,2,256251082705ce96db86d81d3978d83823e5598ae999eb0a19a83b68775c0136,retrieved_not_selected
USLCI,1.2025-06.0,dc75854b-3781-3bc3-847f-0aaee18a1281,01.00.002,"Transport, single unit truck, long-haul, electricity powered, Hawaii",,UNIT_PROCESS,PHYSICAL_ALLOCATION,ca468bee-3878-3418-918a-6cbe82ac640c,1.0,t*km,1,7,5,0,1,2ce975645a04a742fa17432dba703327dd909dca5d2ae4ba02174ae7462a9e02,retrieved_not_selected
USLCI,1.2025-06.0,dc9186ba-2029-45db-ae3a-5d1a7ac269d7,00.01.022,Spodumene mineral concentrate; beneficiation process; at plant; 5% lithium oxide,Canada,UNIT_PROCESS,,ce07c275-71b5-48be-a7c0-4b160eb3a63e,1.0,kg,1,14,1,6,1,92525d20de41cea530d849598865fe4de270451c77108f544716c2d1eb776aa2,retrieved_not_selected
USLCI,1.2025-06.0,dccfe8ef-0d12-387f-bdf8-e8d54bc289ef,00.01.011,Drinking water treatment; Chemical Conditioning infrastructure; at plant,United States of America (the),UNIT_PROCESS,,bdda0262-da37-3a9b-8bf3-57d363eaa072,1.0,m3,1,7,0,0,0,d110612500aa47cfa7437695c5bd73ce4c78ca0a3f9c3077a0d9cabd25ebb702,retrieved_not_selected
USLCI,1.2025-06.0,dce702f1-03a1-3fe9-bb48-94a5217fd8cb,00.00.003,"Transport, combination truck, average fuel mix",Northern America,UNIT_PROCESS,NO_ALLOCATION,2afb4e2f-b224-3900-956f-03e3f27b276b,1.0,t*km,1,2,0,0,0,e293612c11c245a3a09a270390854ea60a89bce1cc3a7555b0435959e74d79b0,retrieved_not_selected
USLCI,1.2025-06.0,dcfd311d-d8be-4c39-bd16-a5bd0dd9eec8,00.01.010,"Steel; hot-dip galvanised coil, at plant",Northern America,LCI_RESULT,ECONOMIC_ALLOCATION,fe598843-aa58-4c99-b4a4-d47d9c8adbe5,1.0,kg,1,747,696,40,0,84d3dd21c7fe9b641955e3728c71a491e60fa6e2716dd170a5864c92b85aebf8,retrieved_not_selected
USLCI,1.2025-06.0,dd07a541-0512-3a69-a831-bd6d341308fe,00.00.005,"Transport, transit bus, diesel powered, South",Northern America,UNIT_PROCESS,NO_ALLOCATION,83a2d23e-a668-3b97-a037-371c67c18ccf,1.0,p*km,1,24,17,0,0,26de0db5778e4dedc7701ad080336e88122eed538c33fc1e9a3f4b9595d984e8,retrieved_not_selected
USLCI,1.2025-06.0,ddb20acf-c476-3399-8419-65e867abe63e,01.00.002,"Transport, combination truck, short-haul, electricity powered, Hawaii",,UNIT_PROCESS,PHYSICAL_ALLOCATION,d5ce6d5d-eea3-3c42-9999-fe46c52a1541,1.0,t*km,1,7,5,0,1,b3e17602548f9122929c2c891356438f1438e94f7e32b53010a431ea36aa9518,retrieved_not_selected
USLCI,1.2025-06.0,ddb25171-80c6-3e14-879b-4371febbc0ad,00.00.020,"Open molding, rigid composites part, at plant",Northern America,UNIT_PROCESS,NO_ALLOCATION,f6ee09a8-e738-3681-ac66-0e5ce8d9eda9,1.0,kg,1,32,5,7,1,84c8cdfbf38c00c60071cd29446167aa2b331ee52e7ad35d50bd35b128834804,retrieved_not_selected
USLCI,1.2025-06.0,ddf82e82-36e7-3c34-b6b6-6b96fd592a82,00.00.016,"Metal composite material (MCM) panel, at plant",Northern America,UNIT_PROCESS,NO_ALLOCATION,d74be1fd-6f04-3682-b097-4158ebf5aa2f,1.0,m2,1,16,1,4,1,de5979789bd1dfe801687df2261272de4d6ab7a18193e54f7c8e1709183c08a4,retrieved_not_selected
USLCI,1.2025-06.0,ddfd007a-ce49-451a-8bff-d7f268ed177c,00.01.003,"Glass fiber, reinforced polymer; at plant",United States of America (the),UNIT_PROCESS,NO_ALLOCATION,645b107e-dca0-40f0-93c5-b411a41866c4,1.0,kg,1,5,0,1,1,9b9a278f41bcefeaabd42a46a0760918b77a27d7f0186414ad8116748e9188cc,retrieved_not_selected
USLCI,1.2025-06.0,de182d9f-35b5-333a-8012-445b93549447,00.02.002,"Anthracite coal, at mine",Northern America,UNIT_PROCESS,NO_ALLOCATION,81b85c3d-aeef-3a29-81d1-b39e1de928a8,1.0,kg,1,14,7,0,1,15322f003fd2ae971c8da9d3d476764b10e790b4dd5774c6e3545c6166e2a35d,retrieved_not_selected
USLCI,1.2025-06.0,de52153b-dd47-3033-b4ec-7e2644b3c8ed,01.00.001,"Transport, combination truck, diesel powered, Hawaii",,UNIT_PROCESS,PHYSICAL_ALLOCATION,628c07ec-0802-39c1-ab88-1c62848ef436,1.0,t*km,1,34,32,0,0,9782f3004bf6cca5e293d71fceb0674e5992f610ea75d8e4fd2a4429866ab056,retrieved_not_selected
USLCI,1.2025-06.0,de5a0b9b-af46-3476-84e0-f0464d984b7f,00.00.006,"Skidding, wheeled cable skidder, 120-160 HP",Northern America,UNIT_PROCESS,NO_ALLOCATION,522d83ff-31bb-32cc-b4be-6ff60a54f93f,1.0,h,1,3,0,0,0,2429cd55a80bc1acbb09ce9f0111a4e1464603270bc1326f4a0197b49ea97c7a,retrieved_not_selected
USLCI,1.2025-06.0,df931de6-d0ae-30d4-889c-eca58275703c,00.00.004,"Transport, intercity bus, diesel powered, Central",Northern America,UNIT_PROCESS,NO_ALLOCATION,b235b36a-7ade-3301-acd9-e9a91a8138e8,1.0,p*km,1,24,17,0,0,6c63806cc51f801b97056d27625a81d0c4bc370f135c09428445d956161a046e,retrieved_not_selected
USLCI,1.2025-06.0,dfa7acbc-4a41-3329-951d-b6cde899c91e,00.00.012,"Sulfur, at plant",Northern America,UNIT_PROCESS,NO_ALLOCATION,48187a93-fc4e-3c80-98c2-5b0eaafc07d4,1.0,kg,1,95,87,0,1,171760e0780a4da42ee52872f5213a2dbe3ef4f61589e85132f3cbf232da9a10,retrieved_not_selected
USLCI,1.2025-06.0,dfdb7eba-dfc4-3d24-9683-58b8b0ee1346,00.02.009,"Electricity, biomass, at power plant",Northern America,UNIT_PROCESS,NO_ALLOCATION,64360b9b-adc0-3154-b391-40f2a09891d4,1.0,kWh,1,48,44,0,0,5799d3b15cd626c1ecaea49438d8381829387e112108219cb7e23720c4cf234d,retrieved_not_selected
USLCI,1.2025-06.0,e0009e43-946e-3bb6-90ea-4885d1206a9f,01.00.001,"Transport, single unit truck, short-haul, diesel powered, West",,UNIT_PROCESS,PHYSICAL_ALLOCATION,20567d69-c8ee-325c-a98c-43c35b8eb9f4,1.0,t*km,1,34,32,0,0,604b275c3a44ed65faa07d8b36d32b0e5a57bf26d213bb34290ebbb3392c9048,retrieved_not_selected
USLCI,1.2025-06.0,e0368d96-44a3-3628-8220-e6ae975b0931,00.00.011,"Carbon monoxide, at plant",Northern America,LCI_RESULT,NO_ALLOCATION,0461a6e2-75a9-36af-8e1a-c9ad9dcdb99d,1.0,kg,1,213,210,0,0,2afa4ad3d3b0dbca307c30a9b5d7659c05155e19d6fca5900cddabfa979bef37,retrieved_not_selected
USLCI,1.2025-06.0,e04288cf-df98-3291-8a98-7becb25a3c72,01.00.001,"Transport, combination truck, short-haul, gasoline powered, Central",,UNIT_PROCESS,PHYSICAL_ALLOCATION,41361da6-313c-3621-bbe6-3a792f3dab6b,1.0,t*km,1,35,33,0,0,d975e206ee68605b269c88e35a509c3e0033d1338da8ac725b7111661fa5e91d,retrieved_not_selected
USLCI,1.2025-06.0,e07beee7-4b4c-350a-bcaf-ec71882bbb69,00.00.015,"Benzene, at plant",Northern America,UNIT_PROCESS,NO_ALLOCATION,db548272-c05b-39c4-926e-ba9e10a29195,1.0,kg,1,35,18,0,1,b7bad3629171872f52aa15858c7636e57badaf935ab745902e8c4dea75223784,retrieved_not_selected
USLCI,1.2025-06.0,e0aa6dd1-b3ac-30ab-bd56-64f96bfa4a1b,00.00.011,"Steel product, secondary structural, girts and purlins, at plant",Northern America,UNIT_PROCESS,NO_ALLOCATION,20defd6e-b3f3-3a98-94e0-c5db9818a2c8,1.0,kg,1,736,734,1,0,62e514a8b7a93f01e78bcf90cb750c0f74dddb1f36a1b1d2ae706551387a2d49,retrieved_not_selected
USLCI,1.2025-06.0,e0b52131-01d1-313a-a8cc-844fad67227b,01.00.001,"Transport, combination truck, gasoline powered, West North Central",,UNIT_PROCESS,PHYSICAL_ALLOCATION,9b20d581-cc62-3313-9412-0855be3ee7c2,1.0,t*km,1,35,33,0,0,0a338257e09fe9aac139f7a14163d86ec3bc8bc62140bb25887d1e86f357d26f,retrieved_not_selected
USLCI,1.2025-06.0,e1d8cff3-c663-3050-898a-14d552e862f7,01.00.001,"Transport, single unit truck, long-haul, gasoline powered, West North Central",,UNIT_PROCESS,PHYSICAL_ALLOCATION,9f52f8d9-5c7c-3d35-a912-376b70769a26,1.0,t*km,1,35,33,0,0,2158868ff10e1ac79311d6a7e94c6d9bee7491e7586839dfc0875eafb81f95d8,retrieved_not_selected
USLCI,1.2025-06.0,e1f18612-6d5f-4ebe-81d4-843ce9b496ad,00.00.027,"Wastewater treatment; Anaerobic/anoxic/oxic, Level 2-1; at plant",United States of America (the),UNIT_PROCESS,,e4c7caa2-cc6d-48a9-95c0-a114a5a3612a,1.0,m3,1,17,3,1,1,b62f401f87aac6ff4b1314a70e8f9ca9a25b3496454cbd02a1f17793a8ea4b9a,retrieved_not_selected
USLCI,1.2025-06.0,e1f51df0-510d-3d38-b1aa-421a609a4161,01.00.001,"Transport, combination truck, short-haul, compressed natural gas powered, Southwest",,UNIT_PROCESS,PHYSICAL_ALLOCATION,419e9d46-92be-37cf-a9a2-765076ebf9ad,1.0,t*km,1,35,33,0,0,cbc9f4c36c1a1526908f3d866e7e784cd58004ee1eed5e9b7e79b370764b3a85,retrieved_not_selected
USLCI,1.2025-06.0,e281027f-cf37-32f2-af55-234cb0cb4fa4,00.00.021,"Polylactide, PLA, biopolymer resin, at plant",Northern America,UNIT_PROCESS,NO_ALLOCATION,5eac1623-b102-36ea-9601-17271ddda1f8,1.0,kg,1,181,168,1,1,9d3f747f3a7ab365b9d0f5001f0da1923b20ca2b2e8125a2557ed04cf9d801f4,retrieved_not_selected
USLCI,1.2025-06.0,e2884390-2613-3d46-81d2-6051ecadc9c2,02.01.003,Styrene; at plant,Northern America,UNIT_PROCESS,PHYSICAL_ALLOCATION,4a72778b-37b3-3c70-bcdc-b47701e7fe74,1.0,kg,1,26,16,0,1,28f71acb5d44cf0821b51d08480c54f8114d67140e8c10c3d9dddbc7ea614ca8,retrieved_not_selected
USLCI,1.2025-06.0,e389edf2-979a-372c-b6e0-8de8bfd28c93,00.01.004,"Wood fuel, MDF, purchased, combusted in industrial boiler",Northern America,UNIT_PROCESS,NO_ALLOCATION,fd1b9790-c033-3bac-b9b3-056b187b3f32,1.0,kg,1,36,32,0,0,98ef8655cd7279e311d834cf61568f72d1200c35e476e4035b82be50de426373,retrieved_not_selected
USLCI,1.2025-06.0,e391a117-69ae-3550-987a-8f28a1444eb9,00.01.005,"Electricity, residual fuel oil, at power plant",Northern America,UNIT_PROCESS,NO_ALLOCATION,f7d232cc-70aa-3669-a4e4-d1083d248e69,1.0,kWh,1,38,32,0,0,41217d0f41eca346a66b7edb378504b1913261d6c545804a40855df48aaf89b6,retrieved_not_selected
USLCI,1.2025-06.0,e3ecaa74-5c3b-3faa-b644-63d8cc02d61d,01.00.001,"Transport, combination truck, diesel powered, East North Central",,UNIT_PROCESS,PHYSICAL_ALLOCATION,628c07ec-0802-39c1-ab88-1c62848ef436,1.0,t*km,1,34,32,0,0,74635b1c0c05babd4180f845e2133bba821377e5b32d32aa86b81717c80c7b3a,retrieved_not_selected
USLCI,1.2025-06.0,e418b402-e2ca-3987-a03c-752cb578aa4d,01.00.001,"Transport, single unit truck, long-haul, gasoline powered, Alaska",,UNIT_PROCESS,PHYSICAL_ALLOCATION,9f52f8d9-5c7c-3d35-a912-376b70769a26,1.0,t*km,1,35,33,0,0,4474bbba4a00cb981e97671fc157f47da14fae0c0bdd089d24c3ef93a9a52ddf,retrieved_not_selected
USLCI,1.2025-06.0,e4a61018-9f98-3049-95c1-33b1acaa904e,00.01.020,"Acetic acid, at plant",Northern America,UNIT_PROCESS,NO_ALLOCATION,2c696e73-bd01-3f7b-a6c5-a56dee44d66e,1.0,kg,1,21,7,0,1,bfc5049692fbbfca78f0ec2c7b3bcf75cd08deaf7ae05e83b8870c86765b9d09,retrieved_not_selected
USLCI,1.2025-06.0,e4d7b23f-d913-32ba-838d-b222d01b20ce,00.01.005,"Ductile Iron Pipe, 12"" inch diameter; at plant; per linear foot",United States of America (the),UNIT_PROCESS,,adb21564-833c-3375-bd8b-d2b9232ddfe2,1.0,ft,1,4,0,0,0,701170ad80b57c7a200597b64bf54b012935b7aba8e5837c89b1f2b8d4ab446b,retrieved_not_selected
USLCI,1.2025-06.0,e53de941-8224-436b-89ca-fd235965faef,00.00.002,Titanium Dioxide Bridge; USLCI to USEEIO,,UNIT_PROCESS,,19bbf654-b6bd-3741-8f2c-9bce8934f7b1,1.0,kg,1,2,0,1,0,89647551afe64d95e6701cfaf30d03ffb91c8e18ff0d1a3464017c615140c004,retrieved_not_selected
USLCI,1.2025-06.0,e53e0de4-6c90-3519-850b-eb670f2c641b,00.01.001,"Crude oil, production mixture, at extraction",United States of America (the),UNIT_PROCESS,NO_ALLOCATION,67d71d59-8951-30d6-a5c8-2ddbe3cc92de,1.0,kg,1,5,0,0,0,e34b7c291ea239f58153b8a5f4ec006129eed40615a1d7340635b06950291f74,retrieved_not_selected
USLCI,1.2025-06.0,e6586e69-95a4-3396-a934-f379fbdd28f4,00.00.010,"Electricity, at cogen, for natural gas turbine",Northern America,UNIT_PROCESS,NO_ALLOCATION,ed1981de-52d1-366c-b629-4abfe56fffd3,1.0,kWh,1,2,0,0,0,56beff4568dbd33cb9676ea4fb2d2c848a5f5fe182830d460714648bced7f490,retrieved_not_selected
USLCI,1.2025-06.0,e7425edd-537c-497f-aa4b-7a8a79b1ab4a,00.01.003,"Natural gas, Barnett Shale, at extraction",United States of America (the),UNIT_PROCESS,NO_ALLOCATION,f979ad58-ceed-4fbd-9aaf-5e60b454026d,1.0,kg,1,22,18,0,1,52317307bc451b0a7897d7db63f4f5370b9ecd81aa2ac9a581a87219e0704238,retrieved_not_selected
USLCI,1.2025-06.0,e7827862-9c3d-3c15-ac17-e1298e632788,01.00.001,"Transport, combination truck, long-haul, diesel powered, Southwest",,UNIT_PROCESS,PHYSICAL_ALLOCATION,13ed0c67-549c-3a01-afee-7083b12dd949,1.0,t*km,1,34,32,0,0,3cbfff2b78245210b4bd0d40023774e16108b9eca764a118b9936d027b187869,retrieved_not_selected
USLCI,1.2025-06.0,e873d007-5e2a-3193-ac3e-087539227c4d,01.00.001,"Transport, combination truck, short-haul, diesel powered, West",,UNIT_PROCESS,PHYSICAL_ALLOCATION,59449b10-044a-3a9b-a6e6-5c5fc97b50bb,1.0,t*km,1,34,32,0,0,47729fdf4ef5c68f345131f8876b79fe59089d60179f3caa9e73acb6ec19dc63,retrieved_not_selected
USLCI,1.2025-06.0,e893cef4-aab1-4b77-944d-1dc4f669419a,00.01.014,"Purified terephthalic acid, PTA; at plant",Northern America,UNIT_PROCESS,NO_ALLOCATION,e44db792-600e-4b75-af39-c3c094899e9e,1.0,kg,1,65,48,0,1,7348fdd6aec14a1c936aebd60e2f6ab146be1f3bd016aa29a7d30065a919a0df,retrieved_not_selected
USLCI,1.2025-06.0,e919c83f-525b-3058-ae29-a85362b1b20e,00.01.005,"Ductile Iron Pipe, 35"" inch diameter; at plant; per linear foot",United States of America (the),UNIT_PROCESS,,55aab448-0f47-3a51-a026-39597c4c7950,1.0,ft,1,4,0,0,0,bc1cc17c4f3dbe79d8502412c98b9ec3200ba7864427d6ddce0015b8f65b2b78,retrieved_not_selected
USLCI,1.2025-06.0,e93ae1c1-8454-328d-aef7-3698311ae06a,00.01.001,"Mixed recyclables, recovered for material recycling facility (MRF)",United States of America (the),UNIT_PROCESS,NO_ALLOCATION,1f0bd7aa-6cb7-3b9d-86a5-ef1b7668e8aa,1.0,kg,1,4,0,0,0,3e6eee3555cc23a1ffb5d390a7423e4da8fe1ec90b899e3f15a10bbc5b72241a,retrieved_not_selected
USLCI,1.2025-06.0,e9c2710d-9752-324a-bb0b-52b683e295b5,00.02.027,"Metal panel, insulated, at plant",Northern America,UNIT_PROCESS,NO_ALLOCATION,c721bcd6-869a-354c-876e-22879d5781de,1.0,m2,1,42,15,9,1,1384cfade2a7ea4377b7c3ed597bac41ad1786c2e1f851fb927ef321f54ad852,retrieved_not_selected
USLCI,1.2025-06.0,e9d0fe6d-9513-3c53-9b44-fee94c32c4e6,01.00.001,"Transport, combination truck, long-haul, compressed natural gas powered, South",,UNIT_PROCESS,PHYSICAL_ALLOCATION,8d49dd43-aada-36f4-9bf3-feff7e3231c3,1.0,t*km,1,21,19,0,0,532b780325cd8d43d9919a684a0355a9b384c65816dc049c912d29c086293191,retrieved_not_selected
USLCI,1.2025-06.0,eaf32f1e-3780-3ccc-b6b0-1e0898524284,00.00.004,"Transport, school bus, diesel powered, East North Central",Northern America,UNIT_PROCESS,NO_ALLOCATION,e039be4c-037a-36c4-822a-e55803432f61,1.0,p*km,1,24,17,0,0,777f3f7623301b5c5dbf915ba370615480077d1e8b6beb8d0c66c1a18da0ed1e,retrieved_not_selected
USLCI,1.2025-06.0,eaff3c91-b8ce-38a1-a3ba-1fe0c9d4041c,00.00.010,"Transport, barge, residual fuel oil powered",United States of America (the),UNIT_PROCESS,NO_ALLOCATION,c2cc68fe-1754-3468-a973-51c2f5c82fcd,1.0,t*km,1,13,11,0,0,985770455684aa85a0ea312dc9448efbe0e2e92eab1202500d1b5a6c64029d8a,retrieved_not_selected
USLCI,1.2025-06.0,eb180616-8607-3906-9bf7-2d97b4cca501,01.00.001,"Transport, combination truck, long-haul, diesel powered, East North Central",,UNIT_PROCESS,PHYSICAL_ALLOCATION,13ed0c67-549c-3a01-afee-7083b12dd949,1.0,t*km,1,34,32,0,0,54098116390d9e7bc7a443dd9186a852b0a87ed236318c31cae87aab39af3bf9,retrieved_not_selected
USLCI,1.2025-06.0,eb2f04c5-84f0-3a1b-acc3-b3b9125d1258,01.00.002,"Transport, single unit truck, short-haul, electricity powered, Central",,UNIT_PROCESS,PHYSICAL_ALLOCATION,855b58f5-89b6-3b25-b33e-59454a0adbaa,1.0,t*km,1,7,5,0,1,48e38972047d1c2d11acb4703f6bf9cd243dc4d7753ec03d4ca77164a1525ecf,retrieved_not_selected
USLCI,1.2025-06.0,eb50f56e-3104-3eb1-8d18-7add74f841e7,00.00.009,"Aluminum, secondary, extruded",Northern America,UNIT_PROCESS,NO_ALLOCATION,db6a6bc6-fc77-3d70-ad69-54c6a2ac64fd,1.0,kg,1,24,10,7,1,b8717d37e81a18e908e4e92d8a2b495996ebca573042c7cc5018cf4a17c8ec22,retrieved_not_selected
USLCI,1.2025-06.0,ebc39b15-309c-48a0-956f-2f57d1fe58b4,00.00.067,"Dispensing of liquefied petroleum gas, at pump",United States of America (the),UNIT_PROCESS,,996ff18b-a044-37b1-a96a-c59d24e4ebd4,1.0,t,1,7,0,0,0,2690b1080a467b276970ca355573810adf4369603a54fe8dea2b762525a5d74a,retrieved_not_selected
USLCI,1.2025-06.0,ebe48764-9fda-3c02-9714-621f353e4484,01.00.001,"Transport, single unit truck, gasoline powered, Alaska",,UNIT_PROCESS,PHYSICAL_ALLOCATION,30c89ffc-e08a-3d2b-8c96-33b2397b9bd8,1.0,t*km,1,35,33,0,0,4726eee391b237d5e124e766beb8fd91b0e5c9d54f55b2c34f7f5ae6ae292bf7,retrieved_not_selected
USLCI,1.2025-06.0,ec65cbcc-bd0f-3359-9fab-a7f89e7e0aef,00.00.005,"Transport, transit bus, diesel powered, Northwest",Northern America,UNIT_PROCESS,NO_ALLOCATION,83a2d23e-a668-3b97-a037-371c67c18ccf,1.0,p*km,1,24,17,0,0,88ccd7a72850fdb28983a38b56743ded5c832b2cc1b20bb05075308093cd7208,retrieved_not_selected
USLCI,1.2025-06.0,ecc24da4-f7ac-4c6c-93c6-ddae7a7653b3,00.00.049,Spodumene ore; open pit mining; at plant; 1.89% lithium oxide ore grade,Canada,UNIT_PROCESS,,5a5c4e91-180e-4293-ac20-7ff1a20f18d7,1.0,kg,1,4,1,1,0,fc8fb94476f60342daa1c89258b168b5673fe8625e772068a406e544e9f0ddc7,retrieved_not_selected
USLCI,1.2025-06.0,ed1e0fe6-16fb-325a-bcd4-7d40722af57b,01.00.001,"Transport, single unit truck, compressed natural gas powered, West North Central",,UNIT_PROCESS,PHYSICAL_ALLOCATION,cb33e8c2-2296-3c28-8015-fc08bf040845,1.0,t*km,1,35,33,0,0,49cb54fb3100bc492ddb26e17015c65049d5a89b52701d94ff4526ebbaae3dba,retrieved_not_selected
USLCI,1.2025-06.0,ed22c2a6-1beb-3c87-b1c9-36de48fcef0d,01.00.001,"Transport, combination truck, short-haul, compressed natural gas powered, Northwest",,UNIT_PROCESS,PHYSICAL_ALLOCATION,419e9d46-92be-37cf-a9a2-765076ebf9ad,1.0,t*km,1,35,33,0,0,61672ea8b5d891abdcd98b4e8b0df088ff215f49ab23c4169aaaad6b539f1e51,retrieved_not_selected
USLCI,1.2025-06.0,ed7627f8-4d2e-3c59-b61e-b1cc6a37f6a9,00.00.004,"Transport, school bus, diesel powered, West",Northern America,UNIT_PROCESS,NO_ALLOCATION,e039be4c-037a-36c4-822a-e55803432f61,1.0,p*km,1,24,17,0,0,22cdbbd849b312b7d476a8fcf235a0277a64da655e009f60fd0f2cc9b4cb4434,retrieved_not_selected
USLCI,1.2025-06.0,ed895b89-119c-337b-996d-f9e68a527d70,01.00.001,"Transport, single unit truck, long-haul, compressed natural gas powered, Southwest",,UNIT_PROCESS,PHYSICAL_ALLOCATION,d0207892-1d62-3649-b2a7-4f5bd03b8a73,1.0,t*km,1,35,33,0,0,9b776e99c015b90dfc13a8f367496fd8646c716895c55721397aa961316d05ce,retrieved_not_selected
USLCI,1.2025-06.0,ee1e77e1-0b07-3a7a-ada9-0b1bef460444,01.00.001,"Transport, light commercial truck, diesel powered, Alaska",,UNIT_PROCESS,PHYSICAL_ALLOCATION,35fe9caf-2ad2-3d14-ae03-21454a89da2e,1.0,t*km,1,34,32,0,0,e8a309c243760105a70a8a6d7a05c79d4b9e1d5a795e3aac1992a4df7b5b2a10,retrieved_not_selected
USLCI,1.2025-06.0,ee469cfb-94a8-3469-b8c5-9f203109fb2a,01.00.001,"Transport, combination truck, short-haul, compressed natural gas powered, West",,UNIT_PROCESS,PHYSICAL_ALLOCATION,419e9d46-92be-37cf-a9a2-765076ebf9ad,1.0,t*km,1,35,33,0,0,d6d10282a2896efc235f57f9bc7435050b256a398fe9ec152d677a4c5dae57ae,retrieved_not_selected
USLCI,1.2025-06.0,ee8077d4-d28c-46c4-9f15-5b22bce6063d,00.01.001,"Natural gas, production mixture, at processing",United States of America (the),UNIT_PROCESS,NO_ALLOCATION,1a30ee75-215c-47ab-8927-8d15cdf63407,1.0,kg,1,3,0,0,0,689a7ec5c23d2eb9f86b63e121c8f136ac944fb61063bf9cb589881abd10427a,retrieved_not_selected
USLCI,1.2025-06.0,eea9ea0a-a769-41de-9ac1-f23eed9e207b,00.00.029,"Wastewater treatment; 4-Stage bardenpho membrane bioreactor, Level 4-2; at plant",United States of America (the),UNIT_PROCESS,,7124ab8c-95c4-428e-a272-c3ec993f10be,1.0,m3,1,19,3,1,1,c6bafbe485ef559c293f949b80d7a01cb86dcddea4a3facf5337758ec0d29322,retrieved_not_selected
USLCI,1.2025-06.0,eecd3b2a-1795-3d4a-a152-9702b7c29b7f,00.01.011,Drinking water treatment; Conventional UV Lamp,Sweden,UNIT_PROCESS,,8e2311d2-e1d7-34c6-bc20-f4ae1230f375,1.0,Item(s),1,7,0,0,0,71359c33e616210ef2e4318860a03eb4d9695d058d30d91af23fdda812e6d343,retrieved_not_selected
USLCI,1.2025-06.0,eef00fd7-dbc0-3f3e-b012-56731b6b2e91,00.00.010,"Conditioned log, hardwood, green, at veneer mill, E",United States of America (the),UNIT_PROCESS,NO_ALLOCATION,0776e600-7518-3fc8-bd33-1581b895bbfb,1.0,m3,1,9,2,0,1,f1c24d10435542a58dcae4b293f457481b0bef4ea4376288241e3f360f0fb145,retrieved_not_selected
USLCI,1.2025-06.0,eef0b665-299e-3de6-9edc-9e13a3adbdf0,00.00.004,"Transport, transit bus, gasoline powered",Northern America,UNIT_PROCESS,NO_ALLOCATION,3bc4806d-fa74-3fa8-b1a9-a9039497f0c4,1.0,p*km,1,24,17,0,0,8940512eb2177bb8e8b5b636d550eedb640117e4ffb4cd9a6620ebc1c0793fd5,retrieved_not_selected
USLCI,1.2025-06.0,ef1b51dc-8c59-4691-89b4-ed91ffbcb7a1,00.00.005,"Disposal, MSW, to landfill Bridge; USLCI to USEEIO",,UNIT_PROCESS,,f59a7f62-ebbb-4e2e-8e2c-69eed0e624d2,1.0,kg,1,2,0,1,0,fa5c918ddec90a04f5c57584f3fc1d5957318fb291d979ed9a8978e7ecb14517,retrieved_not_selected
USLCI,1.2025-06.0,ef78fc1f-e1df-3a24-8b43-fa8637c613ec,01.00.001,"Transport, combination truck, long-haul, compressed natural gas powered, East North Central",,UNIT_PROCESS,PHYSICAL_ALLOCATION,8d49dd43-aada-36f4-9bf3-feff7e3231c3,1.0,t*km,1,21,19,0,0,e53b378de20ec7f9a40369e8c78545eea44a9f930bfe8b97640d6b88cde12fc8,retrieved_not_selected
USLCI,1.2025-06.0,f002e825-5cb6-3949-be51-863c7fe5d5da,00.00.004,"Wheat straw, at conversion plant, 2022",Northern America,UNIT_PROCESS,NO_ALLOCATION,a5bc9414-9680-3334-a74a-7e833f576ed9,1000.0,kg,1,6,0,0,0,631c75c88a2171d4dfbe30ff98737f99c264c73919b312878b4ef4956d8d1059,retrieved_not_selected
USLCI,1.2025-06.0,f00a298a-295f-4fbc-b463-45f8e96f018b,00.01.002,Hydrogen; proton exchange membrane water electrolysis; at plant,United States of America (the),UNIT_PROCESS,NO_ALLOCATION,f842f7d2-426a-44e0-ae4c-d1c96a977f84,1.0,kg,1,6,1,1,1,3ee32e4912641ca1592d76848401957784185f4bff1856f253c9cd8a25077d7c,retrieved_not_selected
USLCI,1.2025-06.0,f012475f-903b-3e4e-9388-5200abdb7395,01.00.001,"Transport, single unit truck, short-haul, diesel powered, Hawaii",,UNIT_PROCESS,PHYSICAL_ALLOCATION,20567d69-c8ee-325c-a98c-43c35b8eb9f4,1.0,t*km,1,34,32,0,0,6b89ab6095dfab70d6672db584395f97f9d52d19f4187d2d78e74d106543fb5d,retrieved_not_selected
USLCI,1.2025-06.0,f035c561-be3b-3958-adf6-a5d04ac8754a,00.01.014,Drinking water treatment; Fluorination; at plant,United States of America (the),UNIT_PROCESS,,29710aa0-c606-3a5e-b684-611de169f965,1000.0,cu ft,1,5,0,0,0,bbce25271dd18c57a7c5fcc2de5b88cf8fb3960ef579be828fcf95c2c1352e8b,retrieved_not_selected
USLCI,1.2025-06.0,f04300c5-ea44-3525-b6ab-c4b8b27b127e,00.00.004,"Switchgrass, harvested, wet",Northern America,UNIT_PROCESS,NO_ALLOCATION,1da072f7-6853-3388-b30c-0b09e55dd721,1.07,kg,1,5,1,2,0,b8e63f4015b912b36dce477f0e5936dfaea7877b0f8c521a456debeb4062689a,retrieved_not_selected
USLCI,1.2025-06.0,f10a3980-2f50-3f3c-be84-abb02ff0ba33,00.00.004,"Transport, refuse truck, diesel powered, East North Central",Northern America,UNIT_PROCESS,NO_ALLOCATION,c99244fc-abe3-3836-9d0c-ce0872f79975,1.0,t*km,1,24,17,0,0,6d8feafcfe52c39c1022d2bdb7614428bdb4d4197210b495bb78f2fc153866cd,retrieved_not_selected
USLCI,1.2025-06.0,f16cca9e-8d63-3dca-a1a6-7e3f9e54b313,00.00.004,"Transport, intercity bus, diesel powered, East North Central",Northern America,UNIT_PROCESS,NO_ALLOCATION,b235b36a-7ade-3301-acd9-e9a91a8138e8,1.0,p*km,1,24,17,0,0,369e1c0544d80476d983965a7703f4e3f91f3215ee539d799cd606a3d6704090,retrieved_not_selected
USLCI,1.2025-06.0,f179f70b-5b18-4602-9513-18ed79485ac7,00.01.005,"Hydrogen, chlor-alkali average, membrane cell; at plant",Northern America,UNIT_PROCESS,NO_ALLOCATION,f842f7d2-426a-44e0-ae4c-d1c96a977f84,1.0,kg,1,20,10,0,1,67624b4f2c312ab42edd90df618d5dcd78bcad339d5e98121a561b5f22e97004,retrieved_not_selected
USLCI,1.2025-06.0,f28b8a1a-0d32-3980-9134-eef6808f70c2,01.00.002,"Transport, light commercial truck, electricity powered, Alaska",,UNIT_PROCESS,PHYSICAL_ALLOCATION,0925e27b-37eb-38b6-8710-314211416cc2,1.0,t*km,1,10,8,0,1,ab7fd29071de1b672722fb3e884c3b3e974d4688aaadbeb68dd6693113b4b0c6,retrieved_not_selected
USLCI,1.2025-06.0,f2996639-3901-4d02-8046-4e647947b7cb,00.01.002,"Natural gas, conventional onshore, at extraction",United States of America (the),UNIT_PROCESS,NO_ALLOCATION,f979ad58-ceed-4fbd-9aaf-5e60b454026d,1.0,kg,1,19,16,0,0,ece9fbbe2eecf768eb23f0773b9372b968b06ebbf2dd210940262f91e3b6daba,retrieved_not_selected
USLCI,1.2025-06.0,f2ddc783-1192-43c8-aa84-938af62d8328,00.01.010,"Steel; plate, at plant",Northern America,LCI_RESULT,ECONOMIC_ALLOCATION,18b83e89-156d-419c-b5a1-13b949bce256,1.0,kg,1,733,683,39,0,604dc592e2f276e90c3bf9ea6316c7f86bca17f467f51784a4460c8699d2be60,retrieved_not_selected
USLCI,1.2025-06.0,f311e6ec-ec13-388f-ac9f-4ed0731725c8,01.00.001,"Transport, single unit truck, short-haul, gasoline powered, Northwest",,UNIT_PROCESS,PHYSICAL_ALLOCATION,524fd4ed-beef-3c60-a17b-fa0ba1842eeb,1.0,t*km,1,35,33,0,0,1e61ee2268b33e5b6c5eff959137148061f5a2e27eb859dea55dbf870db66e7e,retrieved_not_selected
USLCI,1.2025-06.0,f3374792-5971-4a8a-9a95-ed666f94321f,00.00.019,Sludge hauling and landfill; wastewater treatment unit; Level 3-1,United States of America (the),UNIT_PROCESS,PHYSICAL_ALLOCATION,6905db5d-45f6-49e6-9a83-51b1b26419f9,1.0,m3,1,57,51,0,1,ef56767bd70118ad9562d9b1427a1362c6a25f77cc562ececdfba5ecc001d1a5,retrieved_not_selected
USLCI,1.2025-06.0,f347daea-82be-4e62-8872-a0dc0ca24ca3,00.00.012,"Natural gas, combusted in industrial boiler",Northern America,UNIT_PROCESS,NO_ALLOCATION,ea8515c5-e3d4-4f42-a856-67a9b85b30a0,1.0,m3,1,27,22,0,0,dc0a402666363b90a4a23ec88e7c96202a601de54a4bf2c2f7b85a6789705e65,retrieved_not_selected
USLCI,1.2025-06.0,f3929bea-4d5f-4691-9aef-aa95392ba015,00.00.004,Hydrogen Fluoride Bridge; USLCI to USEEIO,,UNIT_PROCESS,,ba7d79aa-afb7-42ea-b593-0517bea19996,1.0,kg,1,2,0,1,0,6c31b9f7679544856be402ca310ba45944ba1ee5c1f60a7fc6860aa380dfa9ba,retrieved_not_selected
USLCI,1.2025-06.0,f3aad25e-1c89-4b8e-a81b-216028fef017,00.00.005,Polymers Bridge; USLCI to USEEIO,,UNIT_PROCESS,,aff30034-4528-34fe-9baa-3d803a3b785b,1.0,kg,1,2,0,1,0,112f9fa40a149d65c83c0694fb5487e19414934c31607d2a060db9939bba3931,retrieved_not_selected
USLCI,1.2025-06.0,f3b8fc97-f519-3da0-80de-72a7d5551fda,00.02.003,"Wood Combusted, at boiler, at hardboard mill",Northern America,UNIT_PROCESS,PHYSICAL_ALLOCATION,a7c46735-ccde-3b61-8a9a-23810a8683b9,1.0,kg,1,54,30,5,1,a42c7ea036ad3fc0944a408794faff516314de2d47c3165710a084977a3911cf,retrieved_not_selected
USLCI,1.2025-06.0,f42ece3d-aae2-32f0-9297-78f3edbf500a,00.01.008,"Drinking water treatment; Pre-Disinfection Processes, no Adsorption; at plant",United States of America (the),UNIT_PROCESS,,72735ccc-209f-365f-8cc6-ab126fd80a58,1000.0,cu ft,1,2,0,0,0,0e78ddd416d4bd5857c9a7053fa498acefb963b7200786680bf0300c517497c5,retrieved_not_selected
USLCI,1.2025-06.0,f511dd33-5e4b-37d2-b9a5-959d5f2aaf09,01.00.002,"Transport, light commercial truck, electricity powered, Northeast",,UNIT_PROCESS,PHYSICAL_ALLOCATION,0925e27b-37eb-38b6-8710-314211416cc2,1.0,t*km,1,10,8,0,1,b97c6a751a8f2f7f76913933524bd9c9488ceb4380aa9cb372199f217c3f0d1c,retrieved_not_selected
USLCI,1.2025-06.0,f525f32d-e3e4-3434-883d-e4b224a47524,00.00.007,"Aluminum, secondary, ingot, at plant, 1998",Northern America,UNIT_PROCESS,NO_ALLOCATION,36549ddd-3dca-3b48-a1b0-7c6889afba05,1.0,kg,1,15,10,0,1,947f631ce9f83649065cdbf9491c7e5660fb492588e867322f1e92eb24d013d1,retrieved_not_selected
USLCI,1.2025-06.0,f54c5355-f6cf-3a17-8564-d01fb359af48,00.00.004,"Transport, school bus, diesel powered, Southwest",Northern America,UNIT_PROCESS,NO_ALLOCATION,e039be4c-037a-36c4-822a-e55803432f61,1.0,p*km,1,24,17,0,0,3c48991cd6d9a9cdfcceff659b97c2410bc61938f1f3f70ec98bee4b2999f3ff,retrieved_not_selected
USLCI,1.2025-06.0,f5558c59-7afd-3000-ae7a-68afc1d0513f,00.01.010,Drinking water treatment; Sedimentation infrastructure; at plant,United States of America (the),UNIT_PROCESS,,adef90eb-304a-3327-81e3-a5fbf1ec758a,1.0,m3,1,11,0,0,0,ddb9f3715dd441638cdb84130d403e9f03c4b64aece04e505705141b17066aa6,retrieved_not_selected
USLCI,1.2025-06.0,f5bb9b3a-c502-3520-990a-11108f0b44c8,01.00.002,"Transport, combination truck, electricity powered, West",,UNIT_PROCESS,PHYSICAL_ALLOCATION,70d89027-628d-3404-8458-b209e40dd0e0,1.0,t*km,1,7,5,0,1,c089cb96e3ed307c7a7b28c4f56960cd9bfab6beaaeadbd20be40c0242482095,retrieved_not_selected
USLCI,1.2025-06.0,f61ecd3b-fdba-3739-8051-1d4bb0c2d98e,00.00.012,"Precision sand casting, aluminum",Northern America,UNIT_PROCESS,ECONOMIC_ALLOCATION,fc1ee789-e922-3e7c-bbab-7a8ba489aea7,1.0,kg,1,35,15,8,1,93e07aadfa2fb8bec2dd359cbcc3b689b1ccf122ad9ad95795ff4c7efe556442,retrieved_not_selected
USLCI,1.2025-06.0,f6cac940-4ce5-3c3c-8393-66ad74b185c9,01.00.001,"Transport, combination truck, short-haul, diesel powered, Southeast",,UNIT_PROCESS,PHYSICAL_ALLOCATION,59449b10-044a-3a9b-a6e6-5c5fc97b50bb,1.0,t*km,1,34,32,0,0,655412b3163535ca23ea7effc3304bf9a3a390287ffc1f20b5e0193d523dfb26,retrieved_not_selected
USLCI,1.2025-06.0,f72ae896-25f0-35f9-affe-8d2a7ef34f92,00.01.002,"Lumber, softwood, borate treated, PNW",United States of America (the),UNIT_PROCESS,NO_ALLOCATION,b141a0ff-99ae-3e93-a607-02324ca55ddc,1.0,m3,1,25,7,2,2,96526de6fc92316ee750715254e06d92d419485d257cab77a187b47a2cae69e9,retrieved_not_selected
USLCI,1.2025-06.0,f7304101-1cce-3395-91ca-e38fbdc16abb,00.00.004,"Transport, intercity bus, diesel powered, West",Northern America,UNIT_PROCESS,NO_ALLOCATION,b235b36a-7ade-3301-acd9-e9a91a8138e8,1.0,p*km,1,24,17,0,0,4a56b8b7ca1054c0cc2383c30de04e393e582ac082f857459e12354fc2dceae8,retrieved_not_selected
USLCI,1.2025-06.0,f781b4ee-27d2-32c0-a2d1-bb661f88141b,00.00.004,"Transport, intercity bus, diesel powered, Northeast",Northern America,UNIT_PROCESS,NO_ALLOCATION,b235b36a-7ade-3301-acd9-e9a91a8138e8,1.0,p*km,1,24,17,0,0,5164e91f67ce7963d956d8e2e7946389b903f2a12a5faa43d0a311f4c36ad747,retrieved_not_selected
USLCI,1.2025-06.0,f7b7280d-f372-3a4b-86cf-caa588ca67ea,00.01.014,Recycled postconsumer polyethylene teraphthalate (PET) flake; at plant,Northern America,UNIT_PROCESS,NO_ALLOCATION,83f59491-2195-3f40-a111-15459445aa9c,1.0,kg,1,26,6,5,1,83ab2e72a7ff6835db8aa024db637111bd53badcf27bc15f870fe7de5f6ff46e,retrieved_not_selected
USLCI,1.2025-06.0,f7dbe13e-5a57-3360-812a-c99bd94e1e9b,00.00.004,"Transport, refuse truck, diesel powered, Hawaii",Northern America,UNIT_PROCESS,NO_ALLOCATION,c99244fc-abe3-3836-9d0c-ce0872f79975,1.0,t*km,1,24,17,0,0,3ebd8a6da5a1d4122c636e7377b3630ee2a6d41e925d3af06875e3d7fc080fb9,retrieved_not_selected
USLCI,1.2025-06.0,f80c4468-4680-3bc9-9025-895d32394310,01.00.002,"Transport, combination truck, long-haul, electricity powered, Southwest",,UNIT_PROCESS,PHYSICAL_ALLOCATION,0e5e3079-33df-31fd-ad79-8b8feff08fb6,1.0,t*km,1,7,5,0,1,a29de158994c9166d5f279867fbcf1e08f1c5191397403cf0b14ed43db419e18,retrieved_not_selected
USLCI,1.2025-06.0,f8513ce4-7415-4495-9d10-5957ab21af04,00.00.004,Drinking water treatment; U.S. Average Treatment; at consumer,United States of America (the),UNIT_PROCESS,,9b31b7aa-2f86-4af6-b684-cc066f76aafa,1.0,l,1,2,0,0,0,21a752680b355330189bbc22832f4cd259c55050e75b7a72c3fa0f58cf134d08,retrieved_not_selected
USLCI,1.2025-06.0,f85fcdde-6c6b-3bbb-8efc-de6cb34c9ac7,00.00.016,"Transport, ocean freighter, residual fuel oil powered",Global,UNIT_PROCESS,NO_ALLOCATION,735f1d86-f99a-3ffa-adae-176c545744ab,1.0,t*km,1,13,11,0,0,c17aa0309e36984622a7e47e1e140c242198fbc456a8ff04bf00b0d3576dc8da,retrieved_not_selected
USLCI,1.2025-06.0,f8ce5199-1666-452b-a267-8797c94d0560,00.01.001,"Asphalt binder, no additives, consumption mix, at terminal, from crude oil",Northern America,LCI_RESULT,ECONOMIC_ALLOCATION,6498bfea-666b-487d-ab15-acece7ce151a,1.0,kg,1,1254,1065,178,0,c7cc50b081f98f5fcddb180eaca47659cfba7e9e5d90bb25adb86e2b01520c9b,retrieved_not_selected
USLCI,1.2025-06.0,f91293a0-2164-34d5-a851-a15c2599c224,01.00.001,"Transport, combination truck, short-haul, compressed natural gas powered",United States of America (the),UNIT_PROCESS,PHYSICAL_ALLOCATION,419e9d46-92be-37cf-a9a2-765076ebf9ad,1.0,t*km,1,35,33,0,0,9a1ff000c8a7895edb44c5b66c8f382a8d07ae8c9533751bbe237208eb1b9661,retrieved_not_selected
USLCI,1.2025-06.0,f9724a57-14c5-3616-acff-f30ebb4346f0,01.00.001,"Transport, single unit truck, compressed natural gas powered, West",,UNIT_PROCESS,PHYSICAL_ALLOCATION,cb33e8c2-2296-3c28-8015-fc08bf040845,1.0,t*km,1,35,33,0,0,abf92a49a98f97f7fcb526652df5fee900e627cc2205d0ec70ea6ad3b986e638,retrieved_not_selected
USLCI,1.2025-06.0,f981613a-477d-3be8-9285-9e4779d1e0e8,01.00.001,"Transport, combination truck, diesel powered, West",,UNIT_PROCESS,PHYSICAL_ALLOCATION,628c07ec-0802-39c1-ab88-1c62848ef436,1.0,t*km,1,34,32,0,0,3cded4898c98fdc5c90e512c24cd069b4cc7e685b7dd7b70531a3605c210ea5e,retrieved_not_selected
USLCI,1.2025-06.0,f9cf891e-fd8c-304c-9707-4a7e390b9e75,00.01.006,"Paper, bag and sack, unbleached kraft, average production, at mill",Northern America,UNIT_PROCESS,ECONOMIC_ALLOCATION,0871432e-9009-3056-8387-d73d5b0d2da3,834.61,kg,1,98,45,18,2,d46dcba87b08a1fb6a97dddfb26846e8acbc7302dd2ba5f005947f9765c8db76,retrieved_not_selected
USLCI,1.2025-06.0,fa379f16-c09a-4e70-8595-45c69162215c,00.00.009,"Electricity, natural gas, at power plant",Northern America,UNIT_PROCESS,NO_ALLOCATION,755886b4-39b7-4033-a6d2-28472c688c6a,1.0,kWh,1,27,22,0,0,f7ef15deab247a14c90c701fb95ad2f418949cff86303f7bd5b02028cfd93662,retrieved_not_selected
USLCI,1.2025-06.0,fa3871c0-d563-3300-9ec7-f26aafdabfa5,00.01.004,"Propylene oxide, at plant",Northern America,UNIT_PROCESS,NO_ALLOCATION,e3e36b0b-cd9f-3394-924d-2e565e97d38d,1.0,kg,1,30,16,0,1,35625de7f05b5e664262ca6579fa6b9dce97390437af0989b3e2bb474ab796c6,retrieved_not_selected
USLCI,1.2025-06.0,fa501a68-3e1d-3ef1-84a0-48eead282f98,00.00.007,"Pulpwood, softwd, avg, state or private moist forest, at forest rd, INW",United States of America (the),UNIT_PROCESS,NO_ALLOCATION,d486c85c-7bea-3c1a-81af-144993930f8e,1.0,m3,1,3,0,2,0,6f6edaac7c30b73b9a4fcca5607fc5ee2b3b4bcff4bcf554a6514f79bf6fbf39,retrieved_not_selected
USLCI,1.2025-06.0,fa60e60f-73f0-3e20-bb3a-073e4a9469cc,02.01.001,"Polybutadiene, butadiene rubber; at plant",Northern America,UNIT_PROCESS,PHYSICAL_ALLOCATION,cba81a11-592f-3984-9f10-86b0607258d1,1.0,kg,1,9,2,0,0,e98eaf887b291dff516019316cf83fb98c8e2803d3830393400750e7ca2c2552,retrieved_not_selected
USLCI,1.2025-06.0,fadc1941-94ca-3a5d-aea9-429cd0d76a08,00.01.002,"Deposit containers, at collection, California Refund Value, CRV",United States of America (the),UNIT_PROCESS,NO_ALLOCATION,feb3d390-bacc-37ce-8568-1776c96a78a1,1.0,kg,1,4,0,1,1,e505c1e0a74bf37a5f83fb452d0a7a14ba44fc7c1e0582ed29ef47be72a64aa0,retrieved_not_selected
USLCI,1.2025-06.0,fb97ca58-8d24-3147-b08f-7788b67ab151,00.01.013,"Metallurgical coke, at plant",Northern America,UNIT_PROCESS,NO_ALLOCATION,0ad02910-742a-31a0-a960-415b61e5fe71,1.0,kg,1,16,12,0,1,179e86570fc42a56ea0fda34e2021b7a8905478445a23f00b5910d6871bc8ae2,retrieved_not_selected
USLCI,1.2025-06.0,fbeb58e6-91cc-3613-bed4-7cfb9494b943,01.00.002,"Transport, light commercial truck, electricity powered, Hawaii",,UNIT_PROCESS,PHYSICAL_ALLOCATION,0925e27b-37eb-38b6-8710-314211416cc2,1.0,t*km,1,10,8,0,1,b0ece4c419e8ca460b322d8cbfb90c91c857180c7fa2fd31db19556d6496ac4b,retrieved_not_selected
USLCI,1.2025-06.0,fcbe548c-bcd5-40b2-979c-53df809835f9,00.01.003,"Crude oil, on-shore import, at extraction",United States of America (the),UNIT_PROCESS,NO_ALLOCATION,43b6c51f-f1a9-4a6d-8070-fa84adf27d23,1.0,kg,1,127,119,0,1,6258f196ebde3dc120157c103bb61c9abe0141c2edcf0617099c1c9a97ac34dd,retrieved_not_selected
USLCI,1.2025-06.0,fcc53e1b-80ea-3c3b-8fcc-410cd543e2c7,01.00.001,"Transport, light commercial truck, gasoline powered, Central",,UNIT_PROCESS,PHYSICAL_ALLOCATION,0614f894-cf10-307e-bd58-ac507face752,1.0,t*km,1,35,33,0,0,5c658ea88131591d7cc1c4b78ea6cdfa48d8330de033dd401c96b39f8f02d9d0,retrieved_not_selected
USLCI,1.2025-06.0,fd7881e1-12fb-3888-b731-db05f8b0dde0,00.01.013,Drinking water treatment; Source water acquisition infrastructure; at plant,United States of America (the),UNIT_PROCESS,,08e83dde-373c-3d30-b7d1-c6078a744a6a,1.0,m3,1,16,0,0,0,6959a8d2e27e87e4159c4847a33c6007636d372b83834a5d8bf07d43fb7821db,retrieved_not_selected
USLCI,1.2025-06.0,fd86b97d-1190-35fb-b3a6-61a4e290eedf,01.00.002,"Transport, combination truck, long-haul, electricity powered, Central",,UNIT_PROCESS,PHYSICAL_ALLOCATION,0e5e3079-33df-31fd-ad79-8b8feff08fb6,1.0,t*km,1,7,5,0,1,4e236e411461e31c75b2bc6d68e766332ea53242d74eeb328bdf5d507085cfdd,retrieved_not_selected
USLCI,1.2025-06.0,fe497d56-db73-3867-9356-ac5631405ab1,01.00.001,"Transport, combination truck, short-haul, diesel powered, South",,UNIT_PROCESS,PHYSICAL_ALLOCATION,59449b10-044a-3a9b-a6e6-5c5fc97b50bb,1.0,t*km,1,34,32,0,0,5e9e99eb7e3d633020ca9c087b2741d9e2f2c3d58fcf6e43deafe0eaa34834ae,retrieved_not_selected
USLCI,1.2025-06.0,fe6f3283-1d80-41dc-8b16-07cff0eff2a0,00.00.002,Ceramic tiles Bridge; USLCI to USEEIO,,UNIT_PROCESS,,2e7706cd-84b3-31f9-8b21-dc4979497c6f,1.0,kg,1,2,0,1,0,888b6802db1443303457035b7425ce668e5aa4eaa3a1f965f35db432e59b9250,retrieved_not_selected
USLCI,1.2025-06.0,fe71bc4c-4958-3206-bd79-5fddbf3cf515,00.01.010,"Drinking water; with chlorine disinfection, no adsorption; at consumer",United States of America (the),UNIT_PROCESS,,ddbc73af-51cd-3e7a-8380-2a6b23c05d8f,1000.0,cu ft,1,6,0,0,0,10a0f27b6825f2ea6a5a9d09ebaac172d7899ff01ddbcbe96b2f05aec4ad31e3,retrieved_not_selected
USLCI,1.2025-06.0,fe76f3c7-32dc-3b08-8f7e-181410fa9a7b,01.00.002,"Transport, combination truck, electricity powered, Northeast",,UNIT_PROCESS,PHYSICAL_ALLOCATION,70d89027-628d-3404-8458-b209e40dd0e0,1.0,t*km,1,7,5,0,1,4c22a58bf6f66ef57acb8ad6d6944f6dbda68f7b7999281987fc07e191b42755,retrieved_not_selected
USLCI,1.2025-06.0,fea93709-0327-4eb4-b705-aa4db0f55cdf,00.01.004,"Solid oxide electrolysis stack; 150 kW, at plant",United States of America (the),UNIT_PROCESS,NO_ALLOCATION,b302c05a-fb69-4412-b1f9-3692b742b4d5,1.0,Item(s),1,21,6,5,1,2e6eb598e63e141897eb11232f1ad3d6569255b43fa938dc3e5d47ab8af19d85,retrieved_not_selected
USLCI,1.2025-06.0,feaa7205-c1f4-3d8c-af05-562781ef8eb6,01.00.001,"Transport, light commercial truck, E85 powered, West",,UNIT_PROCESS,PHYSICAL_ALLOCATION,0a954583-49bd-3d80-8200-847790caf5b2,1.0,t*km,1,35,33,0,0,fe1fb8c5c5321ddabadb5fbca4f649571a37f5de6250cabd4d40f4b8bd74f5b4,retrieved_not_selected
USLCI,1.2025-06.0,fecba951-c031-36f7-abe3-007dd58adbf5,01.00.001,"Transport, combination truck, short-haul, diesel powered, East North Central",,UNIT_PROCESS,PHYSICAL_ALLOCATION,59449b10-044a-3a9b-a6e6-5c5fc97b50bb,1.0,t*km,1,34,32,0,0,83042fa9b50d66f40c78c3e3a1fd44b037545a9d754e79065121339165927ef9,retrieved_not_selected
USLCI,1.2025-06.0,fef4bce7-747e-30a8-adea-c11de716b08b,00.00.007,"Fertilizer, switchgrass, 2022",Northern America,UNIT_PROCESS,NO_ALLOCATION,8523bd1b-ff23-3fe4-8889-9a9956343594,10000.0,m2,1,9,3,2,0,bb56fbe80f9952b150660d3688a9972a97290c1f81ff00b2db90d9052e3c2338,retrieved_not_selected
USLCI,1.2025-06.0,ff8209b1-8045-33a2-97fa-10176c57b0bd,01.00.003,Styrene-butadiene-styrene (SBS) block copolymer; average consumption mix; at plant,Northern America,LCI_RESULT,PHYSICAL_ALLOCATION,fae9659e-517b-3574-b54e-e2a7c0df56b1,1.0,kg,1,1242,1176,55,0,ae3729d599cfc712a815e170d954f475ff58646733e79a3fe997a55acf619eae,retrieved_not_selected
USLCI,1.2025-06.0,ffc91f16-4a7a-3b17-9a57-0c1308a68bfd,01.00.001,"Transport, single unit truck, long-haul, compressed natural gas powered",United States of America (the),UNIT_PROCESS,PHYSICAL_ALLOCATION,d0207892-1d62-3649-b2a7-4f5bd03b8a73,1.0,t*km,1,35,33,0,0,2ea885c4714df223011514e96c41fb76bb242a9eb8abfe6da1629b06af2093a4,retrieved_not_selected
