database,dataset_id,dataset_version,name,geography,reference_year,process_type,reference_flow_id,reference_amount,reference_unit,reference_count,exchange_count,unresolved_exchange_count,sha256,source_url,database_release,retrieved_date,status
USLCI,0073ee84-5cb1-3e11-b647-95e2e9d36c5b,00.00.001,"Electricity, at eGrid, SRVC, 2010",RNA,2009,"Unit process, black box",05ef3493-6333-34cd-95d1-df3f8cb9b574,1.0,MJ,1,11,11,2b58f80b2a11be0e5c168ac047562c13e61e2fadae077940b8851de4b213b6ff,https://raw.githubusercontent.com/FLCAC-admin/uslci-content/83f722d2c97ca784e3d258ab51ec4f6804625c1f/downloads/uslcy_fy19_q2_01_olca1_8_0_ilcd.zip.zip#ILCD/processes/0073ee84-5cb1-3e11-b647-95e2e9d36c5b.xml,FY19.Q2.01,2026-10-08,retrieved_not_selected
USLCI,008a4c75-ff57-309e-b052-c9368f46d53e,00.00.001,"Transport, intercity bus, diesel powered, Southwest",RNA,2009,"Unit process, black box",87264e28-7d43-3134-925d-469980afe4ff,1.0,p*km,1,24,24,7cb3ee019486e6e87bc57f887414fa4438d01699b976b6d5949e53beae93cff3,https://raw.githubusercontent.com/FLCAC-admin/uslci-content/83f722d2c97ca784e3d258ab51ec4f6804625c1f/downloads/uslcy_fy19_q2_01_olca1_8_0_ilcd.zip.zip#ILCD/processes/008a4c75-ff57-309e-b052-c9368f46d53e.xml,FY19.Q2.01,2026-10-08,retrieved_not_selected
USLCI,01152bc2-5e31-3b8c-a40f-42289905c771,00.00.001,"Vacuum infusion, rigid composites part, at plant",US,2010,"Unit process, black box",432025d7-a621-3e3e-8f5f-48eb0a2a0e1a,1.0,kg,1,22,22,e8a68ab2af7c00b3bc695ead0634604b3d85ff3007134979eb8463a36ea4c5fb,https://raw.githubusercontent.com/FLCAC-admin/uslci-content/83f722d2c97ca784e3d258ab51ec4f6804625c1f/downloads/uslcy_fy19_q2_01_olca1_8_0_ilcd.zip.zip#ILCD/processes/01152bc2-5e31-3b8c-a40f-42289905c771.xml,FY19.Q2.01,2026-10-08,retrieved_not_selected
USLCI,015667f8-18c8-3f3c-bcb9-903185af6f04,00.00.001,"Transport, refuse truck, diesel powered, Southeast",RNA,2009,"Unit process, black box",b9af025b-8e5f-376f-92b4-fa7a3e7d508b,1.0,t*km,1,24,24,823e8bcf5a605fff3f0f4fa2a30befe4b709367399e46b0f9ba679b918e930d7,https://raw.githubusercontent.com/FLCAC-admin/uslci-content/83f722d2c97ca784e3d258ab51ec4f6804625c1f/downloads/uslcy_fy19_q2_01_olca1_8_0_ilcd.zip.zip#ILCD/processes/015667f8-18c8-3f3c-bcb9-903185af6f04.xml,FY19.Q2.01,2026-10-08,retrieved_not_selected
USLCI,018446d9-d9dd-3755-89ee-7e7603e7b14a,00.00.001,"Natural gas, processed, at plant",RNA,2002,"Unit process, black box",bd83ce23-816f-3589-b25f-dfca03b42932,1.0,m3,1,15,15,b5d6232ae9b0d4696fdca0885f0d3de0ca6cbda952ffa0aee980594214c93abb,https://raw.githubusercontent.com/FLCAC-admin/uslci-content/83f722d2c97ca784e3d258ab51ec4f6804625c1f/downloads/uslcy_fy19_q2_01_olca1_8_0_ilcd.zip.zip#ILCD/processes/018446d9-d9dd-3755-89ee-7e7603e7b14a.xml,FY19.Q2.01,2026-10-08,retrieved_not_selected
USLCI,01d6d9c6-6e07-3461-8336-3e88c070975b,00.00.001,"Electricity, anthracite coal, at power plant",RNA,9998,"Unit process, black box",9e3ad94d-d21f-3ff5-a48b-63ce4a9ffa53,1.0,MJ,1,29,29,7afc5853a702599d88847ee0c8344a0d5a9205ad9ff32bec4ae3f37e0d6da079,https://raw.githubusercontent.com/FLCAC-admin/uslci-content/83f722d2c97ca784e3d258ab51ec4f6804625c1f/downloads/uslcy_fy19_q2_01_olca1_8_0_ilcd.zip.zip#ILCD/processes/01d6d9c6-6e07-3461-8336-3e88c070975b.xml,FY19.Q2.01,2026-10-08,retrieved_not_selected
USLCI,021e73fc-a306-486b-90a0-eaa5b3d0508b,00.00.001,"Electric shovel; Manufacture; For surface coal mine, at plant; 109 metric tonne payload",US,2007,"Unit process, black box",c64cfcaa-9404-4212-a4c2-dc9c490bd769,1.0,Item(s),1,2,2,1dfd0fc62e2081d4dda210fcddd43498751ca0bc82a170b07d8b52cb620c0620,https://raw.githubusercontent.com/FLCAC-admin/uslci-content/83f722d2c97ca784e3d258ab51ec4f6804625c1f/downloads/uslcy_fy19_q2_01_olca1_8_0_ilcd.zip.zip#ILCD/processes/021e73fc-a306-486b-90a0-eaa5b3d0508b.xml,FY19.Q2.01,2026-10-08,retrieved_not_selected
USLCI,027d304f-00e4-380e-9bba-4e6bde2d685a,00.00.002,"Solid strip and plank flooring, hardwood, E",RNA,2005,"Unit process, black box",e612ea29-a772-3244-979c-f5bb4eaac256,1.0,m3,1,16,16,5a402873af214407a8428db97a456d3a1583bb91cd713eaffe3f35988af9ac87,https://raw.githubusercontent.com/FLCAC-admin/uslci-content/83f722d2c97ca784e3d258ab51ec4f6804625c1f/downloads/uslcy_fy19_q2_01_olca1_8_0_ilcd.zip.zip#ILCD/processes/027d304f-00e4-380e-9bba-4e6bde2d685a.xml,FY19.Q2.01,2026-10-08,retrieved_not_selected
USLCI,0375c701-8d66-3b47-af2e-26b0c43c722f,00.00.001,"Harvesting, fresh fruit bunch, at farm, 2003",RNA,2002,"Unit process, black box",9dfc9e7c-3c20-3f4d-9d79-d54ec2d8d08b,1.0,kg,1,10,10,3872b4e3baf094d4c05f56d47a85be740c6aa5009474d537b6f7df65139384a4,https://raw.githubusercontent.com/FLCAC-admin/uslci-content/83f722d2c97ca784e3d258ab51ec4f6804625c1f/downloads/uslcy_fy19_q2_01_olca1_8_0_ilcd.zip.zip#ILCD/processes/0375c701-8d66-3b47-af2e-26b0c43c722f.xml,FY19.Q2.01,2026-10-08,retrieved_not_selected
USLCI,03ea6a34-7abd-3220-a6c7-9b14a551b9f7,00.00.001,"Transport, school bus, diesel powered, Alaska",RNA,2009,"Unit process, black box",11c16311-b938-3e90-bf0d-535e1b45e25e,1.0,p*km,1,24,24,98c6b15c1483ac73988ac0aea873e3a12549e9c6ca9ed9620ce427b37db78c94,https://raw.githubusercontent.com/FLCAC-admin/uslci-content/83f722d2c97ca784e3d258ab51ec4f6804625c1f/downloads/uslcy_fy19_q2_01_olca1_8_0_ilcd.zip.zip#ILCD/processes/03ea6a34-7abd-3220-a6c7-9b14a551b9f7.xml,FY19.Q2.01,2026-10-08,retrieved_not_selected
USLCI,04152b45-d337-39dd-8304-77b23302d388,00.00.001,"Roundwood, softwd, avg, state or private moist cold forest, at forest rd, INW",RNA,1988,"Unit process, black box",9c571911-f634-3e63-bfdd-a1b4daf7d1a9,1.0,m3,1,3,3,49fb8768f17bda4256642fac5fb3e9ba2f5b13ac4c420be0cfdf9725a402116f,https://raw.githubusercontent.com/FLCAC-admin/uslci-content/83f722d2c97ca784e3d258ab51ec4f6804625c1f/downloads/uslcy_fy19_q2_01_olca1_8_0_ilcd.zip.zip#ILCD/processes/04152b45-d337-39dd-8304-77b23302d388.xml,FY19.Q2.01,2026-10-08,retrieved_not_selected
USLCI,056d7c98-415f-3a53-80b5-4f6ee216f9cd,00.00.001,"Site preparation, state or private moist cold softwood forest, gentle slope, INW",RNA,1988,"Unit process, black box",e6a48d04-b8ad-3a3e-97ba-4d1e5ef250d3,1.0,m2,1,3,3,446d836069f94ac173b16bea9ee78b07c82021e5f5dcb55a959be9b02665ee0d,https://raw.githubusercontent.com/FLCAC-admin/uslci-content/83f722d2c97ca784e3d258ab51ec4f6804625c1f/downloads/uslcy_fy19_q2_01_olca1_8_0_ilcd.zip.zip#ILCD/processes/056d7c98-415f-3a53-80b5-4f6ee216f9cd.xml,FY19.Q2.01,2026-10-08,retrieved_not_selected
USLCI,05f5c104-9b3a-3df1-82eb-b6756e226b40,00.00.001,"Roundwood, softwood, green, at logyard, NE-NC",RNA,2005,"Unit process, black box",ee0da69f-bce7-3349-91a1-80f46174fcf0,1.0,m3,1,9,9,d2c6478b4fc2e09f66656f1380451c35120b4976f8445b6d77a9d011f86fb73a,https://raw.githubusercontent.com/FLCAC-admin/uslci-content/83f722d2c97ca784e3d258ab51ec4f6804625c1f/downloads/uslcy_fy19_q2_01_olca1_8_0_ilcd.zip.zip#ILCD/processes/05f5c104-9b3a-3df1-82eb-b6756e226b40.xml,FY19.Q2.01,2026-10-08,retrieved_not_selected
USLCI,062fd31a-656e-4bad-b0ca-4900def6fdf0,00.00.001,"Line pan; Manufacture; For underground coal mine, at plant",US,2007,"Unit process, black box",971deb40-0977-45af-bd8b-f68f90ad66d1,1.0,Item(s),1,2,2,d48045f543c6e0667d77802f7aa861ead15c2e98c97332fe415e8b5ef2c00d41,https://raw.githubusercontent.com/FLCAC-admin/uslci-content/83f722d2c97ca784e3d258ab51ec4f6804625c1f/downloads/uslcy_fy19_q2_01_olca1_8_0_ilcd.zip.zip#ILCD/processes/062fd31a-656e-4bad-b0ca-4900def6fdf0.xml,FY19.Q2.01,2026-10-08,retrieved_not_selected
USLCI,06427121-a2a9-390d-bd0a-dee14a180d14,00.00.001,"Electricity, at eGrid, SRMV, 2010",RNA,2009,"Unit process, black box",9a9de309-8e56-3e7f-9e47-26d6e27577b5,1.0,MJ,1,14,14,8291b41c23f019a2071ec307f3aa378c80f585ae0ac32d0f352c46df6e8985e5,https://raw.githubusercontent.com/FLCAC-admin/uslci-content/83f722d2c97ca784e3d258ab51ec4f6804625c1f/downloads/uslcy_fy19_q2_01_olca1_8_0_ilcd.zip.zip#ILCD/processes/06427121-a2a9-390d-bd0a-dee14a180d14.xml,FY19.Q2.01,2026-10-08,retrieved_not_selected
USLCI,06485ad7-74a9-426c-a1fb-1eab9e33630e,00.00.001,"Electric shearer; Manufacture; For underground coal mine, at plant",US,2007,"Unit process, black box",522bf26b-3e3b-4a93-afc8-c7a3b45f0f26,1.0,Item(s),1,2,2,6ed25aeb327ad5c869bf71c8eecc2d3b1e677eac31f35cdd92ebfe73e452125f,https://raw.githubusercontent.com/FLCAC-admin/uslci-content/83f722d2c97ca784e3d258ab51ec4f6804625c1f/downloads/uslcy_fy19_q2_01_olca1_8_0_ilcd.zip.zip#ILCD/processes/06485ad7-74a9-426c-a1fb-1eab9e33630e.xml,FY19.Q2.01,2026-10-08,retrieved_not_selected
USLCI,065d2f03-1ed0-3789-aa2d-651a29287d08,00.00.001,"Automotive painting, top coat, per vehicle",RNA,2004,"Unit process, black box",349f80aa-ecfc-39ac-b674-a1721178e49b,1.0,Item(s),1,33,33,a837e72fd0643e6bfa25b5b0cc63c87478b5e7d93d8930fd31e2616cfd039a45,https://raw.githubusercontent.com/FLCAC-admin/uslci-content/83f722d2c97ca784e3d258ab51ec4f6804625c1f/downloads/uslcy_fy19_q2_01_olca1_8_0_ilcd.zip.zip#ILCD/processes/065d2f03-1ed0-3789-aa2d-651a29287d08.xml,FY19.Q2.01,2026-10-08,retrieved_not_selected
USLCI,06dc4c32-4219-33f8-9d37-9238da24709f,00.00.001,"Transport, intercity bus, diesel powered, Northwest",RNA,2009,"Unit process, black box",2f958c2f-78b6-30b5-952b-0bff40905bb2,1.0,p*km,1,24,24,140d679522d5a00306a83f267ad17ed723c71d665da41fa457db25f1708f7686,https://raw.githubusercontent.com/FLCAC-admin/uslci-content/83f722d2c97ca784e3d258ab51ec4f6804625c1f/downloads/uslcy_fy19_q2_01_olca1_8_0_ilcd.zip.zip#ILCD/processes/06dc4c32-4219-33f8-9d37-9238da24709f.xml,FY19.Q2.01,2026-10-08,retrieved_not_selected
USLCI,076898a5-e1ce-3c50-9df4-6445fc0bb6aa,00.00.001,"Iron, sand casted",RNA,2003,"Unit process, black box",7f83f353-12a6-31fa-9d49-23c6c0ae7863,1.0,kg,1,106,106,b44c63b6d679e76cd37aafd17f1b18121d1f2d31e74a3ea377f77323bf26aee4,https://raw.githubusercontent.com/FLCAC-admin/uslci-content/83f722d2c97ca784e3d258ab51ec4f6804625c1f/downloads/uslcy_fy19_q2_01_olca1_8_0_ilcd.zip.zip#ILCD/processes/076898a5-e1ce-3c50-9df4-6445fc0bb6aa.xml,FY19.Q2.01,2026-10-08,retrieved_not_selected
USLCI,077f9944-eca8-3f2d-b1ee-cdbc115ff0eb,00.00.001,"Transport, refuse truck, diesel powered, West North Central",RNA,2009,"Unit process, black box",b0361b1e-1832-30b5-83d0-a9c6d6cd8fbf,1.0,t*km,1,24,24,6b9b3071ed684a2867b19b44863427f81e5bc224b8fa089bcf15a85858cef581,https://raw.githubusercontent.com/FLCAC-admin/uslci-content/83f722d2c97ca784e3d258ab51ec4f6804625c1f/downloads/uslcy_fy19_q2_01_olca1_8_0_ilcd.zip.zip#ILCD/processes/077f9944-eca8-3f2d-b1ee-cdbc115ff0eb.xml,FY19.Q2.01,2026-10-08,retrieved_not_selected
USLCI,07a01496-d53f-3d6d-b5dc-ece9f72745ee,00.00.001,"Electricity, at eGrid, SPSO, 2008",RNA,2007,"Unit process, black box",76f67357-c7ed-31d4-bbee-0ae888813a72,1.0,MJ,1,21,21,83b59c73e5fec045ca72b0a964e7e252d314b118dd533c355a767fe9eeadeba6,https://raw.githubusercontent.com/FLCAC-admin/uslci-content/83f722d2c97ca784e3d258ab51ec4f6804625c1f/downloads/uslcy_fy19_q2_01_olca1_8_0_ilcd.zip.zip#ILCD/processes/07a01496-d53f-3d6d-b5dc-ece9f72745ee.xml,FY19.Q2.01,2026-10-08,retrieved_not_selected
USLCI,080b02eb-1b7b-4373-8db5-57c61e3cc0ed,00.00.001,Coal mine site construction; Concrete structures and asphalt paving; Underground mine,US,2006,"Unit process, black box",234c2704-8e9c-45f3-92cd-89035953e083,1.0,Item(s),1,3,3,9cc370ed1949dbeb8381ecc303f7bfc66bd1237305272c6181cf1d45b1fd63a6,https://raw.githubusercontent.com/FLCAC-admin/uslci-content/83f722d2c97ca784e3d258ab51ec4f6804625c1f/downloads/uslcy_fy19_q2_01_olca1_8_0_ilcd.zip.zip#ILCD/processes/080b02eb-1b7b-4373-8db5-57c61e3cc0ed.xml,FY19.Q2.01,2026-10-08,retrieved_not_selected
USLCI,0853441e-0b11-30f6-87c5-00ca7df78e21,00.00.001,"Heat, indirect, heated zones, softwood, plywood veneer drying, AP-42",RNA,1994,"Unit process, black box",4b5cad63-18f1-30c7-ae7c-79f60094c8f0,1993.2,kg,1,3,3,8cad004d6038bb1dbc6bf1801b45afef8a8c500acfc41b545e274ce4b60d7aa4,https://raw.githubusercontent.com/FLCAC-admin/uslci-content/83f722d2c97ca784e3d258ab51ec4f6804625c1f/downloads/uslcy_fy19_q2_01_olca1_8_0_ilcd.zip.zip#ILCD/processes/0853441e-0b11-30f6-87c5-00ca7df78e21.xml,FY19.Q2.01,2026-10-08,retrieved_not_selected
USLCI,0855376f-1ec5-3f3e-bead-959c932539b7,00.00.001,"Transport, pipeline, unspecified petroleum products",RNA,2002,"Unit process, black box",acbe5bc4-6afd-31aa-bf3f-4a3fdc491945,1.0,t*km,1,2,2,6e546c7b3bceb5467de9c220de1b584e9c7bfcef08e91d09f1223ebdc4fab7b1,https://raw.githubusercontent.com/FLCAC-admin/uslci-content/83f722d2c97ca784e3d258ab51ec4f6804625c1f/downloads/uslcy_fy19_q2_01_olca1_8_0_ilcd.zip.zip#ILCD/processes/0855376f-1ec5-3f3e-bead-959c932539b7.xml,FY19.Q2.01,2026-10-08,retrieved_not_selected
USLCI,0879167f-989b-3e3b-b9c5-3c07ea0a3f8e,00.00.001,"Ethanol, denatured, corn stover, biochemical",RNA,2008,"Unit process, black box",7f49cac3-84a7-345a-abaa-c3671a78c38f,26100.0,kg,1,35,35,11e2f3184ef8a01865e4a62951d0e8e5f72270358ca260f46bfbec9acc61edae,https://raw.githubusercontent.com/FLCAC-admin/uslci-content/83f722d2c97ca784e3d258ab51ec4f6804625c1f/downloads/uslcy_fy19_q2_01_olca1_8_0_ilcd.zip.zip#ILCD/processes/0879167f-989b-3e3b-b9c5-3c07ea0a3f8e.xml,FY19.Q2.01,2026-10-08,retrieved_not_selected
USLCI,0882a154-ea55-3530-a8df-4c7d1876421b,00.00.001,"Electricity, at eGrid, FRCC, 2010",RNA,2009,"Unit process, black box",77bf559d-9850-34e7-9b3c-a9fb1457ca4e,1.0,MJ,1,12,12,3b67cf214409400317fcbe46ac9052afa3be343bc0e7c95a7fe6ac9e50645e2f,https://raw.githubusercontent.com/FLCAC-admin/uslci-content/83f722d2c97ca784e3d258ab51ec4f6804625c1f/downloads/uslcy_fy19_q2_01_olca1_8_0_ilcd.zip.zip#ILCD/processes/0882a154-ea55-3530-a8df-4c7d1876421b.xml,FY19.Q2.01,2026-10-08,retrieved_not_selected
USLCI,0898854c-e38f-3d23-880f-f8da7d65ca0c,00.00.001,"Ethanol, denatured, switchgrass, biochemical",RNA,2008,"Unit process, black box",005db14f-6fc8-32d3-95a6-c7b8b8d30fb1,26100.0,kg,1,35,35,0f52d04c59e6ffc6e4d788a8895499afb7e388c475c75edb63ed4f481d307edd,https://raw.githubusercontent.com/FLCAC-admin/uslci-content/83f722d2c97ca784e3d258ab51ec4f6804625c1f/downloads/uslcy_fy19_q2_01_olca1_8_0_ilcd.zip.zip#ILCD/processes/0898854c-e38f-3d23-880f-f8da7d65ca0c.xml,FY19.Q2.01,2026-10-08,retrieved_not_selected
USLCI,08e766d4-ec5f-3426-a0d4-9533e55f9081,00.00.001,"Metal composite material (MCM) sheet, at plant",RNA,2014,"Unit process, black box",8d1602f5-e7c3-38a9-a00a-3537948d4ac2,1.0,m2,1,22,22,9439946c500287f4be080bb19c4f69ff606775a11de2fbcbfcfb946e5a9ca17d,https://raw.githubusercontent.com/FLCAC-admin/uslci-content/83f722d2c97ca784e3d258ab51ec4f6804625c1f/downloads/uslcy_fy19_q2_01_olca1_8_0_ilcd.zip.zip#ILCD/processes/08e766d4-ec5f-3426-a0d4-9533e55f9081.xml,FY19.Q2.01,2026-10-08,retrieved_not_selected
USLCI,0924e625-e201-374c-8628-0c44df929cdd,00.00.001,"Diesel, combusted in industrial boiler, at pulp and paper mill (EXCL.)",RNA,1997,"Unit process, black box",e184833d-06cf-3cac-9fd8-df1dc06bb137,1.0,m3,1,30,30,ebd2fb3ad0bc6edc878f8eb09ee941dfa1b7d2a808f0a85252bac4e998603b97,https://raw.githubusercontent.com/FLCAC-admin/uslci-content/83f722d2c97ca784e3d258ab51ec4f6804625c1f/downloads/uslcy_fy19_q2_01_olca1_8_0_ilcd.zip.zip#ILCD/processes/0924e625-e201-374c-8628-0c44df929cdd.xml,FY19.Q2.01,2026-10-08,retrieved_not_selected
USLCI,097d2f2c-d006-3b27-84de-98e6a364e411,00.00.001,"Corn wet mill, gluten drying, AP-42",RNA,1993,"Unit process, black box",28b025c1-5897-3e01-8aa2-166cd2c9f86d,2000.0,kg,1,2,2,bfe4fa0050f70f105fcecda5e1679dac3a4f449c21da9ae78fd45823692dece6,https://raw.githubusercontent.com/FLCAC-admin/uslci-content/83f722d2c97ca784e3d258ab51ec4f6804625c1f/downloads/uslcy_fy19_q2_01_olca1_8_0_ilcd.zip.zip#ILCD/processes/097d2f2c-d006-3b27-84de-98e6a364e411.xml,FY19.Q2.01,2026-10-08,retrieved_not_selected
USLCI,0991445e-ac72-30ac-9bef-aefcbd6be3cd,00.00.001,"Methylene diphenyl diisocyanate resin, at plant, US PNW",RNA,1999,"Unit process, black box",964865f7-ecdf-3ba9-88bc-29746ccbf09f,1.0,kg,1,34,34,58eaaf05b6dad6e64a1580d366617e3a2e2c71a2403ba4dd64cd67d27e19c3b8,https://raw.githubusercontent.com/FLCAC-admin/uslci-content/83f722d2c97ca784e3d258ab51ec4f6804625c1f/downloads/uslcy_fy19_q2_01_olca1_8_0_ilcd.zip.zip#ILCD/processes/0991445e-ac72-30ac-9bef-aefcbd6be3cd.xml,FY19.Q2.01,2026-10-08,retrieved_not_selected
USLCI,0994d632-fc99-352e-a9b5-21d9688cba22,00.00.001,"Electricity, at eGrid, MROW, 2010",RNA,2009,"Unit process, black box",8db18409-7538-3d35-a056-3c9a6f9c2213,1.0,MJ,1,16,16,d7cc4ec17df88453bb2b268e42abdc5a198acdfaa33db0b053ae046b97711372,https://raw.githubusercontent.com/FLCAC-admin/uslci-content/83f722d2c97ca784e3d258ab51ec4f6804625c1f/downloads/uslcy_fy19_q2_01_olca1_8_0_ilcd.zip.zip#ILCD/processes/0994d632-fc99-352e-a9b5-21d9688cba22.xml,FY19.Q2.01,2026-10-08,retrieved_not_selected
USLCI,099c3d09-08a3-3cac-9ffd-0558c12033b9,00.00.001,"Transport, barge, average fuel mix",RNA,2000,"Unit process, black box",4069483a-8d94-3b6b-81be-5f0a249b74f4,1.0,t*km,1,3,3,f46083a80962da3ca4a689c308a684e4789b7bf9cee4044006cbc1cc2d9f3ac2,https://raw.githubusercontent.com/FLCAC-admin/uslci-content/83f722d2c97ca784e3d258ab51ec4f6804625c1f/downloads/uslcy_fy19_q2_01_olca1_8_0_ilcd.zip.zip#ILCD/processes/099c3d09-08a3-3cac-9ffd-0558c12033b9.xml,FY19.Q2.01,2026-10-08,retrieved_not_selected
USLCI,09a2ca42-3a4c-3050-8450-171f0e60f844,00.00.001,"Fuels, burned at uncoated freesheet, average production, at mill",RNA,2005,"Unit process, black box",d0d971ba-2a97-3b6d-863b-9c8ebf8d5cd9,13563.0,MJ,1,67,67,442c54bcd31031422efae961a3b045b7233e46d4b68ff1bd1fb4226964eacf80,https://raw.githubusercontent.com/FLCAC-admin/uslci-content/83f722d2c97ca784e3d258ab51ec4f6804625c1f/downloads/uslcy_fy19_q2_01_olca1_8_0_ilcd.zip.zip#ILCD/processes/09a2ca42-3a4c-3050-8450-171f0e60f844.xml,FY19.Q2.01,2026-10-08,retrieved_not_selected
USLCI,09f2356f-629a-3305-8411-99967cf4a9b3,00.00.001,"Phenol resorcinol formaldehyde hardener, at plant",RNA,9998,"Unit process, black box",63eac414-b4bb-3e50-b3a0-f85e2b3ba3b3,1.0,kg,1,44,44,52655de8b42ecec530adc0f269a2a19f716365406de1ef46387088e0bb053845,https://raw.githubusercontent.com/FLCAC-admin/uslci-content/83f722d2c97ca784e3d258ab51ec4f6804625c1f/downloads/uslcy_fy19_q2_01_olca1_8_0_ilcd.zip.zip#ILCD/processes/09f2356f-629a-3305-8411-99967cf4a9b3.xml,FY19.Q2.01,2026-10-08,retrieved_not_selected
USLCI,0a075756-e4af-3da7-a521-c6f460e8470e,00.00.001,"Ethylene dichloride-vinyl chloride monomer, at plant",RNA,2002,"Unit process, black box",d9aa7527-5ab6-3052-9b26-07e930d95ec6,1.0,kg,1,27,27,1fefe70ee380f4b7790c2c37e923a75c1403a6e2c56d9c4236b18cf7c18a86ca,https://raw.githubusercontent.com/FLCAC-admin/uslci-content/83f722d2c97ca784e3d258ab51ec4f6804625c1f/downloads/uslcy_fy19_q2_01_olca1_8_0_ilcd.zip.zip#ILCD/processes/0a075756-e4af-3da7-a521-c6f460e8470e.xml,FY19.Q2.01,2026-10-08,retrieved_not_selected
USLCI,0a67401f-bc99-3993-adbb-3b9ccfeb1c42,00.00.001,"Transport, school bus, diesel powered",RNA,2009,"Unit process, black box",e039be4c-037a-36c4-822a-e55803432f61,1.0,p*km,1,24,24,064d96cc6d7c3eae2efc2af61e41523afeafbc6a153c87d8040ac2f9fb7eaf3b,https://raw.githubusercontent.com/FLCAC-admin/uslci-content/83f722d2c97ca784e3d258ab51ec4f6804625c1f/downloads/uslcy_fy19_q2_01_olca1_8_0_ilcd.zip.zip#ILCD/processes/0a67401f-bc99-3993-adbb-3b9ccfeb1c42.xml,FY19.Q2.01,2026-10-08,retrieved_not_selected
USLCI,0aaf1e13-5d80-37f9-b7bb-81a6b8965c71,00.00.004,"Petroleum refining, at refinery",RNA,2002,"Unit process, black box",d939590b-a0d7-310c-8952-9921ed64a078,0.252345277453289,m3,1,51,51,2fc524e01b850bf6e7f6d99a009ce344b00bdc8fb0982da71de49c3e1eee39a9,https://raw.githubusercontent.com/FLCAC-admin/uslci-content/83f722d2c97ca784e3d258ab51ec4f6804625c1f/downloads/uslcy_fy19_q2_01_olca1_8_0_ilcd.zip.zip#ILCD/processes/0aaf1e13-5d80-37f9-b7bb-81a6b8965c71.xml,FY19.Q2.01,2026-10-08,retrieved_not_selected
USLCI,0b5a14e7-bf8f-380e-87de-af92dd61e21b,00.00.001,"Bark, hardwood, average, at forest road,  NE-NC",RNA,2002,"Unit process, black box",b397fd68-58b2-3d2c-98ff-982509e10105,1.0,kg,1,4,4,62ea9bce0b5c012b2c24b660ebcf2ae16dd564c28cdadf2e939b688909038010,https://raw.githubusercontent.com/FLCAC-admin/uslci-content/83f722d2c97ca784e3d258ab51ec4f6804625c1f/downloads/uslcy_fy19_q2_01_olca1_8_0_ilcd.zip.zip#ILCD/processes/0b5a14e7-bf8f-380e-87de-af92dd61e21b.xml,FY19.Q2.01,2026-10-08,retrieved_not_selected
USLCI,0bb53c29-31b1-3e8c-87ac-a2ef6793f8f2,00.00.001,"Phenol formaldehyde, at plant",RNA,9998,"Unit process, black box",b53bd8bb-b9b1-3c7d-812b-97adb96f8ba6,1.0,kg,1,11,11,a101e5d937f1bf1a41d93898279a1a0d2d2d3bb37f0b3f05eb1a31c2257fb7ba,https://raw.githubusercontent.com/FLCAC-admin/uslci-content/83f722d2c97ca784e3d258ab51ec4f6804625c1f/downloads/uslcy_fy19_q2_01_olca1_8_0_ilcd.zip.zip#ILCD/processes/0bb53c29-31b1-3e8c-87ac-a2ef6793f8f2.xml,FY19.Q2.01,2026-10-08,retrieved_not_selected
USLCI,0bc10d5e-10c7-3091-a8d8-1992ac158b9d,00.00.001,"Roundwood, softwood, average, at forest road, INW",RNA,1988,"Unit process, black box",3de68b5c-1638-367b-9606-a3b90830cb87,1.0,m3,1,4,4,5e93cd6a04d991776b5a68fc1d9a9ce06336ba5bb11018862d633782c96895aa,https://raw.githubusercontent.com/FLCAC-admin/uslci-content/83f722d2c97ca784e3d258ab51ec4f6804625c1f/downloads/uslcy_fy19_q2_01_olca1_8_0_ilcd.zip.zip#ILCD/processes/0bc10d5e-10c7-3091-a8d8-1992ac158b9d.xml,FY19.Q2.01,2026-10-08,retrieved_not_selected
USLCI,0bc23cda-623c-347a-acf8-a530f22a9a1d,00.00.001,"Transport, transit bus, diesel powered, East North Central",RNA,2009,"Unit process, black box",b4938da8-d543-35ec-b347-03d98ecbf03c,1.0,p*km,1,24,24,60e84edf9d8715be769b8dfa9cc0628da33897665e6c760056ab360a7b3df406,https://raw.githubusercontent.com/FLCAC-admin/uslci-content/83f722d2c97ca784e3d258ab51ec4f6804625c1f/downloads/uslcy_fy19_q2_01_olca1_8_0_ilcd.zip.zip#ILCD/processes/0bc23cda-623c-347a-acf8-a530f22a9a1d.xml,FY19.Q2.01,2026-10-08,retrieved_not_selected
USLCI,0c67fb99-7448-4b05-95c0-f46d9bc2b846,00.00.001,"Coal loading silo;  Manufacture; For railcar loading of coal, underground mine; 295 metric tonnes",CA,2005,"Unit process, black box",1e6590e6-3cde-4c02-8b77-775f62938c81,1.0,Item(s),1,2,2,d7be623b02153e08016ad74a329861ec0445ed8022e4d93a1fc72ac423508f95,https://raw.githubusercontent.com/FLCAC-admin/uslci-content/83f722d2c97ca784e3d258ab51ec4f6804625c1f/downloads/uslcy_fy19_q2_01_olca1_8_0_ilcd.zip.zip#ILCD/processes/0c67fb99-7448-4b05-95c0-f46d9bc2b846.xml,FY19.Q2.01,2026-10-08,retrieved_not_selected
USLCI,0cffeb9f-9246-3b8c-a541-92525ab98313,00.00.001,"Lumber, softwood, ACQ treated, SE",RNA,2004,"Unit process, black box",5b6f5abc-608f-3f0d-9905-e33c3166b9f8,1.0,m3,1,34,34,101d7eb8cd453c25c81ab0cda6e153e54c8358cc0d1c605c3cd3c5c9eff68397,https://raw.githubusercontent.com/FLCAC-admin/uslci-content/83f722d2c97ca784e3d258ab51ec4f6804625c1f/downloads/uslcy_fy19_q2_01_olca1_8_0_ilcd.zip.zip#ILCD/processes/0cffeb9f-9246-3b8c-a541-92525ab98313.xml,FY19.Q2.01,2026-10-08,retrieved_not_selected
USLCI,0d1d9f2b-1295-328a-82a0-1f43b135007b,00.00.001,"Soy-based polyol, at plant",RNA,2008,"Unit process, black box",c4f0f821-74ba-37a7-8ca7-b9a943897f6f,1.0,kg,1,57,57,d8e0e58b0d87990a954be04c5831c2032f1b40e3bfcec5ab7eb0b02dc6493072,https://raw.githubusercontent.com/FLCAC-admin/uslci-content/83f722d2c97ca784e3d258ab51ec4f6804625c1f/downloads/uslcy_fy19_q2_01_olca1_8_0_ilcd.zip.zip#ILCD/processes/0d1d9f2b-1295-328a-82a0-1f43b135007b.xml,FY19.Q2.01,2026-10-08,retrieved_not_selected
USLCI,0d625563-c21a-3e04-ac4a-570c602c09c0,00.00.001,"Electricity, at eGrid, SRSO, 2008",RNA,2007,"Unit process, black box",8a0a3406-b361-3547-b74e-63a1da3d2e7f,1.0,MJ,1,23,23,286cb17e34e62e5461ccf0f36ecdb671e2fdd452cfcba53d5d0fa8fff3cf41ff,https://raw.githubusercontent.com/FLCAC-admin/uslci-content/83f722d2c97ca784e3d258ab51ec4f6804625c1f/downloads/uslcy_fy19_q2_01_olca1_8_0_ilcd.zip.zip#ILCD/processes/0d625563-c21a-3e04-ac4a-570c602c09c0.xml,FY19.Q2.01,2026-10-08,retrieved_not_selected
USLCI,0d95cc8b-a9a0-3630-a760-1ab4d88257d8,00.00.001,"Natural soda ash (Sodium carbonate), at plant",US,2012,"Unit process, black box",c0af8d39-2a03-3e1d-8548-67989e0fda5a,1.0,kg,1,80,80,b3d9b37b9b9ca6036ff6acd3bcb0729388193da16fb13029b75d286656e238a9,https://raw.githubusercontent.com/FLCAC-admin/uslci-content/83f722d2c97ca784e3d258ab51ec4f6804625c1f/downloads/uslcy_fy19_q2_01_olca1_8_0_ilcd.zip.zip#ILCD/processes/0d95cc8b-a9a0-3630-a760-1ab4d88257d8.xml,FY19.Q2.01,2026-10-08,retrieved_not_selected
USLCI,0de15d06-983f-4c9c-a2b9-b6ba9aa23321,00.00.001,"Hydraulic shield; Manufacture; For underground coal mine, at plant; 2 m width",US,2003,"Unit process, black box",8f4525b6-b3a3-448a-9eeb-6fb0746329fb,1.0,Item(s),1,2,2,64399727c1564a73ff8fb15f88e1561667dd3718de71cd90ca6783acbb620c65,https://raw.githubusercontent.com/FLCAC-admin/uslci-content/83f722d2c97ca784e3d258ab51ec4f6804625c1f/downloads/uslcy_fy19_q2_01_olca1_8_0_ilcd.zip.zip#ILCD/processes/0de15d06-983f-4c9c-a2b9-b6ba9aa23321.xml,FY19.Q2.01,2026-10-08,retrieved_not_selected
USLCI,0e42a306-ee2d-362e-8bc3-580000096459,00.00.001,"Acrylonitrile-butadiene-styrene copolymer resin, at plant, CTR",RNA,2002,"Unit process, black box",fa5304ba-de40-35cf-a5d6-3e09d9b79205,1.0,kg,1,230,230,7112f0c1b1f13540574e8bc182d586797c40b2b9c875d7a335b385069e39d231,https://raw.githubusercontent.com/FLCAC-admin/uslci-content/83f722d2c97ca784e3d258ab51ec4f6804625c1f/downloads/uslcy_fy19_q2_01_olca1_8_0_ilcd.zip.zip#ILCD/processes/0e42a306-ee2d-362e-8bc3-580000096459.xml,FY19.Q2.01,2026-10-08,retrieved_not_selected
USLCI,0e491220-fa68-4470-895b-bbb192d74464,00.00.001,"Coal conveyor system; Manufacture; For underground mine, at point-of-sale; 1.22 m belt width",US,2002,"Unit process, black box",f50c5b7f-83e7-4ffe-bfd5-146c371d0b85,1.0,Item(s),1,4,4,de4d21aa062426c77c945ca782ee48d5a83292b9b5d87747b2b77b25cf9ab478,https://raw.githubusercontent.com/FLCAC-admin/uslci-content/83f722d2c97ca784e3d258ab51ec4f6804625c1f/downloads/uslcy_fy19_q2_01_olca1_8_0_ilcd.zip.zip#ILCD/processes/0e491220-fa68-4470-895b-bbb192d74464.xml,FY19.Q2.01,2026-10-08,retrieved_not_selected
USLCI,0e9b8277-83e7-3961-a7bb-ceda124189a9,00.00.001,"Transport, single unit truck, long-haul, gasoline powered, Hawaii",RNA,2009,"Unit process, black box",3cbcfe18-0c30-3cc3-93d9-4984729b47a9,1.0,t*km,1,24,24,3261f4985c0287ec5f44220cc09b284fcf0c945a75eaf4562ab7a60fd7ac26c9,https://raw.githubusercontent.com/FLCAC-admin/uslci-content/83f722d2c97ca784e3d258ab51ec4f6804625c1f/downloads/uslcy_fy19_q2_01_olca1_8_0_ilcd.zip.zip#ILCD/processes/0e9b8277-83e7-3961-a7bb-ceda124189a9.xml,FY19.Q2.01,2026-10-08,retrieved_not_selected
USLCI,0edc3a68-5eab-3f1f-a201-95d8a45f906e,00.00.001,"Electricity, at eGrid, MROE, 2010",RNA,2009,"Unit process, black box",d083959d-ee0b-3336-b5ab-fa9273c6c50a,1.0,MJ,1,14,14,a5e6a0c1e1f4b5741770df128a5883f5cd6bd8182a90080ef79ed407084cef02,https://raw.githubusercontent.com/FLCAC-admin/uslci-content/83f722d2c97ca784e3d258ab51ec4f6804625c1f/downloads/uslcy_fy19_q2_01_olca1_8_0_ilcd.zip.zip#ILCD/processes/0edc3a68-5eab-3f1f-a201-95d8a45f906e.xml,FY19.Q2.01,2026-10-08,retrieved_not_selected
USLCI,0ee63a7f-7646-3daa-b359-4116bd9f2929,00.00.001,"Transport, single unit truck, short-haul, gasoline powered, Alaska",RNA,2009,"Unit process, black box",fa7b4a61-53f7-3949-ad88-98b101e89028,1.0,t*km,1,24,24,1dfa319a7d0540c942c9c58495ea4590256ab17d46f0f3557162cf84ae72c1de,https://raw.githubusercontent.com/FLCAC-admin/uslci-content/83f722d2c97ca784e3d258ab51ec4f6804625c1f/downloads/uslcy_fy19_q2_01_olca1_8_0_ilcd.zip.zip#ILCD/processes/0ee63a7f-7646-3daa-b359-4116bd9f2929.xml,FY19.Q2.01,2026-10-08,retrieved_not_selected
USLCI,0f02f4bf-055b-35ff-ac40-1a21be06165f,00.00.001,"Aluminum, sheet, coated, at plant",RNA,2013,"Unit process, black box",218f8159-44ed-3f71-8d24-de81476cc8a6,5.82563123,kg,1,4,4,3274c7781914eb9d7cea30f1d1c7888cd069767614538e891b39d91c63adee3b,https://raw.githubusercontent.com/FLCAC-admin/uslci-content/83f722d2c97ca784e3d258ab51ec4f6804625c1f/downloads/uslcy_fy19_q2_01_olca1_8_0_ilcd.zip.zip#ILCD/processes/0f02f4bf-055b-35ff-ac40-1a21be06165f.xml,FY19.Q2.01,2026-10-08,retrieved_not_selected
USLCI,0f528ea6-57a9-365a-a4af-4132ebe27cae,00.00.001,"Natural gas, combusted in industrial boiler, at hydrocracker, for propylene",RNA,1997,"Unit process, black box",a95cc6c7-3e5c-3dbe-ae50-f2b9679a7de2,1.0,m3,1,27,27,38c465f7907f360670ad6958c6522c2e781c6bb5af586fbd9f5bc6b86115e6fd,https://raw.githubusercontent.com/FLCAC-admin/uslci-content/83f722d2c97ca784e3d258ab51ec4f6804625c1f/downloads/uslcy_fy19_q2_01_olca1_8_0_ilcd.zip.zip#ILCD/processes/0f528ea6-57a9-365a-a4af-4132ebe27cae.xml,FY19.Q2.01,2026-10-08,retrieved_not_selected
USLCI,0f9bda90-e54c-371b-8af9-56dbbb262cb0,00.00.001,"Electricity, at eGrid, AKMS, 2010",RNA,2009,"Unit process, black box",f147ca1e-9bf9-3182-a073-2b0512f90d36,1.0,MJ,1,5,5,48da456009129aa6013d0bb83ed8a846c738f9ddca196d15e109beaf0a2a900a,https://raw.githubusercontent.com/FLCAC-admin/uslci-content/83f722d2c97ca784e3d258ab51ec4f6804625c1f/downloads/uslcy_fy19_q2_01_olca1_8_0_ilcd.zip.zip#ILCD/processes/0f9bda90-e54c-371b-8af9-56dbbb262cb0.xml,FY19.Q2.01,2026-10-08,retrieved_not_selected
USLCI,0ff039bd-cecc-3149-bd0c-b30a8a5b0f08,00.00.001,"Transport, school bus, diesel powered, Hawaii",RNA,2009,"Unit process, black box",2a3277a6-eb04-3a15-8635-bddd42ec7795,1.0,p*km,1,24,24,802201ea07ef7d1b55c5c362d4251de5042725f16b2399eacc9893d7b05606b9,https://raw.githubusercontent.com/FLCAC-admin/uslci-content/83f722d2c97ca784e3d258ab51ec4f6804625c1f/downloads/uslcy_fy19_q2_01_olca1_8_0_ilcd.zip.zip#ILCD/processes/0ff039bd-cecc-3149-bd0c-b30a8a5b0f08.xml,FY19.Q2.01,2026-10-08,retrieved_not_selected
USLCI,0ff4a108-5f04-3fe8-aeb1-131c7cad2210,00.00.001,"Electricity, at Grid, MRO, 2008",RNA,2007,"Unit process, black box",2efd7d96-304a-3f48-a965-63ecad5a915d,1.0,MJ,1,27,27,49e43b9164bc48714ad491cc71a78d795e18b5a95d2455537d2d8cc358190332,https://raw.githubusercontent.com/FLCAC-admin/uslci-content/83f722d2c97ca784e3d258ab51ec4f6804625c1f/downloads/uslcy_fy19_q2_01_olca1_8_0_ilcd.zip.zip#ILCD/processes/0ff4a108-5f04-3fe8-aeb1-131c7cad2210.xml,FY19.Q2.01,2026-10-08,retrieved_not_selected
USLCI,106bcee8-0d5f-30c6-ac98-fa6dab41d4d1,00.00.002,"Wood Combusted, at boiler, at cellulosic fiberboard mill",RNA,2009,"Unit process, black box",b749402e-e420-3c23-96eb-10e39d0569e3,1.0,kg,1,63,63,32c440069157ef063b69eccd28629206ed0ab45a7d3fab71350bd1e090a7c2d6,https://raw.githubusercontent.com/FLCAC-admin/uslci-content/83f722d2c97ca784e3d258ab51ec4f6804625c1f/downloads/uslcy_fy19_q2_01_olca1_8_0_ilcd.zip.zip#ILCD/processes/106bcee8-0d5f-30c6-ac98-fa6dab41d4d1.xml,FY19.Q2.01,2026-10-08,retrieved_not_selected
USLCI,10a86db5-7f96-35cb-83c3-4912877b7eb7,00.00.001,"Pulpwood, softwood, average, state or private dry forest, at forest road, INW",RNA,1988,"Unit process, black box",aa01031a-49f3-329a-a00c-7bc67580c774,1.0,m3,1,3,3,fc5cb21e18ad956e5db967f86c1a119cfdc751e6ddc953fc59a7801de06e1d95,https://raw.githubusercontent.com/FLCAC-admin/uslci-content/83f722d2c97ca784e3d258ab51ec4f6804625c1f/downloads/uslcy_fy19_q2_01_olca1_8_0_ilcd.zip.zip#ILCD/processes/10a86db5-7f96-35cb-83c3-4912877b7eb7.xml,FY19.Q2.01,2026-10-08,retrieved_not_selected
USLCI,11256034-2355-3add-ade9-59983025dded,00.00.001,"Corn, whole plant, at field",RNA,1997,"Unit process, black box",b7127e3e-f5a7-307e-8072-30378b9ed1c2,1.0,kg,1,76,76,e2475987b58ad64d7ee1d3128183ab29811ae2f56a79e9475b272518380b874a,https://raw.githubusercontent.com/FLCAC-admin/uslci-content/83f722d2c97ca784e3d258ab51ec4f6804625c1f/downloads/uslcy_fy19_q2_01_olca1_8_0_ilcd.zip.zip#ILCD/processes/11256034-2355-3add-ade9-59983025dded.xml,FY19.Q2.01,2026-10-08,retrieved_not_selected
USLCI,11a07256-81f3-3c25-b46e-f3b9998d7bcf,00.00.001,"Soybeans, at field, 1998-2001",RNA,1997,"Unit process, black box",a2fbcaf0-917f-37bd-ba28-f1acaa83abe4,2.1,kg,1,52,52,dc04f99e603f6ba00aa03b59601487b6869e0392a7c0cba7429f060c9700aa24,https://raw.githubusercontent.com/FLCAC-admin/uslci-content/83f722d2c97ca784e3d258ab51ec4f6804625c1f/downloads/uslcy_fy19_q2_01_olca1_8_0_ilcd.zip.zip#ILCD/processes/11a07256-81f3-3c25-b46e-f3b9998d7bcf.xml,FY19.Q2.01,2026-10-08,retrieved_not_selected
USLCI,1296738e-d64f-3837-a793-bc33f491e292,00.00.001,"Packaging and information sheets, i2900 desktop scanner",GLO,2003,"Unit process, black box",f048b817-44dd-35fd-b5c9-57049decec7b,0.296,kg,1,5,5,c42d853cde15d3019d8f0c9a72dc9fbca77570d2098a27a35a696251b85ad1ab,https://raw.githubusercontent.com/FLCAC-admin/uslci-content/83f722d2c97ca784e3d258ab51ec4f6804625c1f/downloads/uslcy_fy19_q2_01_olca1_8_0_ilcd.zip.zip#ILCD/processes/1296738e-d64f-3837-a793-bc33f491e292.xml,FY19.Q2.01,2026-10-08,retrieved_not_selected
USLCI,12ba204b-7438-49df-abbb-b8cbe817927e,00.00.017,"Containerboard, 100% recycled, at mill",US,2013,"Unit process, black box",,,,2,161,161,c85b570a4e2cecc9003ae7e19c069688be889568b04dbdf0146fb8db3dfd1446,https://raw.githubusercontent.com/FLCAC-admin/uslci-content/83f722d2c97ca784e3d258ab51ec4f6804625c1f/downloads/uslcy_fy19_q2_01_olca1_8_0_ilcd.zip.zip#ILCD/processes/12ba204b-7438-49df-abbb-b8cbe817927e.xml,FY19.Q2.01,2026-10-08,retrieved_not_selected
USLCI,1344cb81-a52f-3c69-86da-b7f854083025,00.00.001,"Softwood logs with bark, harvested at low intensity site, at mill, US SE",RNA,2002,"Unit process, black box",e92db778-359b-355f-8f1d-5ac7953b6b55,1.0,m3,1,5,5,8fa75fa76f0271cf31d284c47f14f636f83dc39a52c5c139169431cbf14c550d,https://raw.githubusercontent.com/FLCAC-admin/uslci-content/83f722d2c97ca784e3d258ab51ec4f6804625c1f/downloads/uslcy_fy19_q2_01_olca1_8_0_ilcd.zip.zip#ILCD/processes/1344cb81-a52f-3c69-86da-b7f854083025.xml,FY19.Q2.01,2026-10-08,retrieved_not_selected
USLCI,136cbdd8-ef76-3834-904d-6fce42b2b660,00.00.001,"Ethylene oxide, at plant",RNA,1989,"Unit process, black box",4cba2656-7694-3b28-9ced-2b49acaa0f7a,1.0,kg,1,25,25,48e45a4f9b4be4f23afe590719ab02fd4da6499bb2e70d9585c5187b3444eb93,https://raw.githubusercontent.com/FLCAC-admin/uslci-content/83f722d2c97ca784e3d258ab51ec4f6804625c1f/downloads/uslcy_fy19_q2_01_olca1_8_0_ilcd.zip.zip#ILCD/processes/136cbdd8-ef76-3834-904d-6fce42b2b660.xml,FY19.Q2.01,2026-10-08,retrieved_not_selected
USLCI,13821cca-f344-37b9-a367-0467be778061,00.00.001,"Polystyrene, general purpose, at plant, CTR",RNA,1999,"Unit process, black box",67b50031-6239-3514-a37f-2b17de803c88,1.0,kg,1,226,226,84806a6e15a62334a4d4e8836b5f97e172f64d492f6e0de3e3e3e597d29344e8,https://raw.githubusercontent.com/FLCAC-admin/uslci-content/83f722d2c97ca784e3d258ab51ec4f6804625c1f/downloads/uslcy_fy19_q2_01_olca1_8_0_ilcd.zip.zip#ILCD/processes/13821cca-f344-37b9-a367-0467be778061.xml,FY19.Q2.01,2026-10-08,retrieved_not_selected
USLCI,1493aead-bbd3-381e-8d8b-2119dc4a6f21,00.00.001,"Electricity, at eGrid, MROW, 2008",RNA,2007,"Unit process, black box",5e43550c-4c78-3c1a-904b-9f38a098a88d,1.0,MJ,1,28,28,56f880ce354ec8362050cd2e2148eeb1d47abcc51374aae42323766411640b8c,https://raw.githubusercontent.com/FLCAC-admin/uslci-content/83f722d2c97ca784e3d258ab51ec4f6804625c1f/downloads/uslcy_fy19_q2_01_olca1_8_0_ilcd.zip.zip#ILCD/processes/1493aead-bbd3-381e-8d8b-2119dc4a6f21.xml,FY19.Q2.01,2026-10-08,retrieved_not_selected
USLCI,14b0912f-fb6d-321d-8f42-0ea35918689f,00.00.001,"Fertilizer, winter wheat straw, 2022",RNA,2009,"Unit process, black box",718f9c20-b5b5-35d8-93cd-1310aeffa8e4,1.0,m2,1,8,8,56850c07b18891e4a51ba508174958ef4708e03f05b2fe50cab07b0d0a2918b9,https://raw.githubusercontent.com/FLCAC-admin/uslci-content/83f722d2c97ca784e3d258ab51ec4f6804625c1f/downloads/uslcy_fy19_q2_01_olca1_8_0_ilcd.zip.zip#ILCD/processes/14b0912f-fb6d-321d-8f42-0ea35918689f.xml,FY19.Q2.01,2026-10-08,retrieved_not_selected
USLCI,1528463e-1e4e-3a08-b28d-523efba30fcf,00.00.001,"Softwood logs with bark, harvested at medium intensity site, at mill, US PNW",RNA,2002,"Unit process, black box",006afd26-c63d-3437-a674-b6b6ebd314fd,1.0,m3,1,5,5,c7ac8dadb7ec32a1c1a606b8a95d610de8e47f0ff04c6f6e2794dd344d881ad0,https://raw.githubusercontent.com/FLCAC-admin/uslci-content/83f722d2c97ca784e3d258ab51ec4f6804625c1f/downloads/uslcy_fy19_q2_01_olca1_8_0_ilcd.zip.zip#ILCD/processes/1528463e-1e4e-3a08-b28d-523efba30fcf.xml,FY19.Q2.01,2026-10-08,retrieved_not_selected
USLCI,152b86c1-c318-3027-baf7-863ea194b59f,00.00.001,"Transport, single unit truck, short-haul, gasoline powered, East North Central",RNA,2009,"Unit process, black box",d12ab4d1-af75-3322-b33d-9de5c89b83f6,1.0,t*km,1,24,24,fe264c7b27f820599f4a4938dcda4ce94423a7470f2ea1e56f89b19521b66737,https://raw.githubusercontent.com/FLCAC-admin/uslci-content/83f722d2c97ca784e3d258ab51ec4f6804625c1f/downloads/uslcy_fy19_q2_01_olca1_8_0_ilcd.zip.zip#ILCD/processes/152b86c1-c318-3027-baf7-863ea194b59f.xml,FY19.Q2.01,2026-10-08,retrieved_not_selected
USLCI,155839ec-d6ab-3ed6-b7c8-45586e676f6d,00.00.001,"Harvesting, fresh fruit bunch, at farm",RNA,1984,"Unit process, black box",9dfc9e7c-3c20-3f4d-9d79-d54ec2d8d08b,1.0,kg,1,10,10,35ab02ec9caa502dca3af0ea70e134401693b4234085443af9b469bc05792876,https://raw.githubusercontent.com/FLCAC-admin/uslci-content/83f722d2c97ca784e3d258ab51ec4f6804625c1f/downloads/uslcy_fy19_q2_01_olca1_8_0_ilcd.zip.zip#ILCD/processes/155839ec-d6ab-3ed6-b7c8-45586e676f6d.xml,FY19.Q2.01,2026-10-08,retrieved_not_selected
USLCI,15761bf7-4eff-374b-b9e7-b44b790cc939,00.00.001,"Ethylene, at plant",RNA,2002,"Unit process, black box",8a2f201e-cf8a-3017-9247-a4f98b9e1aba,1.0,kg,1,43,43,dad7865a6c4ddf1b29a2bcb695585caaf93b2029aa462c2932518934a84e9018,https://raw.githubusercontent.com/FLCAC-admin/uslci-content/83f722d2c97ca784e3d258ab51ec4f6804625c1f/downloads/uslcy_fy19_q2_01_olca1_8_0_ilcd.zip.zip#ILCD/processes/15761bf7-4eff-374b-b9e7-b44b790cc939.xml,FY19.Q2.01,2026-10-08,retrieved_not_selected
USLCI,158a8a98-982c-3b28-8fed-bd56723df6ef,00.00.001,"Electricity, at eGrid, CAMX, 2008",RNA,2007,"Unit process, black box",ec91abd0-f7af-33d3-8fd0-943b88b11223,1.0,MJ,1,24,24,c903b2ec07c9374a1627d81011d334d3fa19efe56eb8f5a5ac5c1f75182ac412,https://raw.githubusercontent.com/FLCAC-admin/uslci-content/83f722d2c97ca784e3d258ab51ec4f6804625c1f/downloads/uslcy_fy19_q2_01_olca1_8_0_ilcd.zip.zip#ILCD/processes/158a8a98-982c-3b28-8fed-bd56723df6ef.xml,FY19.Q2.01,2026-10-08,retrieved_not_selected
USLCI,15c60cf5-6d65-33be-90df-7c21893fbb2b,00.00.001,"Electricity, at eGrid, NEWE, 2010",RNA,2009,"Unit process, black box",cccb7895-9c15-3e1b-8493-550100b7e973,1.0,MJ,1,16,16,8b0edafd45203319fe8c7009c2d88a978f05312d472ba3c085dbb65e114337ee,https://raw.githubusercontent.com/FLCAC-admin/uslci-content/83f722d2c97ca784e3d258ab51ec4f6804625c1f/downloads/uslcy_fy19_q2_01_olca1_8_0_ilcd.zip.zip#ILCD/processes/15c60cf5-6d65-33be-90df-7c21893fbb2b.xml,FY19.Q2.01,2026-10-08,retrieved_not_selected
USLCI,1654c887-0b9c-3434-b9c1-371e3adb3dde,00.00.001,"Phosphorous fertilizer, production mix, at plant",RNA,9998,"Unit process, black box",91feb044-e771-35a3-a81f-ac076c5f9b83,1.0,kg,1,19,19,624d485dbe3b183064276d59fedd47216ba6e6977666c5ad95b2bd44642a87f4,https://raw.githubusercontent.com/FLCAC-admin/uslci-content/83f722d2c97ca784e3d258ab51ec4f6804625c1f/downloads/uslcy_fy19_q2_01_olca1_8_0_ilcd.zip.zip#ILCD/processes/1654c887-0b9c-3434-b9c1-371e3adb3dde.xml,FY19.Q2.01,2026-10-08,retrieved_not_selected
USLCI,16c70e02-29b3-3bec-9b39-b09415d02281,00.00.001,"Transport, single unit truck, short-haul, diesel powered, Southwest",RNA,2009,"Unit process, black box",29b23a64-6221-3046-95e3-3d24f3371795,1.0,t*km,1,24,24,d3016f9d65c8880c9fcf47d51e44ae704bab1fdd28635a4d92cf27649497a30d,https://raw.githubusercontent.com/FLCAC-admin/uslci-content/83f722d2c97ca784e3d258ab51ec4f6804625c1f/downloads/uslcy_fy19_q2_01_olca1_8_0_ilcd.zip.zip#ILCD/processes/16c70e02-29b3-3bec-9b39-b09415d02281.xml,FY19.Q2.01,2026-10-08,retrieved_not_selected
USLCI,16d56c2f-7a14-33c1-863d-baecbc1b5170,00.00.001,"Transport, refuse truck, diesel powered",RNA,2009,"Unit process, black box",c99244fc-abe3-3836-9d0c-ce0872f79975,1.0,t*km,1,24,24,f18444438db08641494ba6109e404c2fd785ac024e74e1fe72a0503dee622125,https://raw.githubusercontent.com/FLCAC-admin/uslci-content/83f722d2c97ca784e3d258ab51ec4f6804625c1f/downloads/uslcy_fy19_q2_01_olca1_8_0_ilcd.zip.zip#ILCD/processes/16d56c2f-7a14-33c1-863d-baecbc1b5170.xml,FY19.Q2.01,2026-10-08,retrieved_not_selected
USLCI,178b4179-6306-3f2e-896b-d58683b26f02,00.00.001,"Site preparation, state or private dry softwood forest, steep slope, INW",RNA,1988,"Unit process, black box",c75c95a1-8a34-3152-ba40-811e32d07bb1,1.0,m2,1,3,3,52aef1e714ca133d92b7ed8da1924f462ec4a3ea7dd98210b7b05dd60909f3a8,https://raw.githubusercontent.com/FLCAC-admin/uslci-content/83f722d2c97ca784e3d258ab51ec4f6804625c1f/downloads/uslcy_fy19_q2_01_olca1_8_0_ilcd.zip.zip#ILCD/processes/178b4179-6306-3f2e-896b-d58683b26f02.xml,FY19.Q2.01,2026-10-08,retrieved_not_selected
USLCI,17b1790d-9a4f-329c-8feb-20aad7a41bb3,00.00.001,"Transport, single unit truck, short-haul, gasoline powered, Southwest",RNA,2009,"Unit process, black box",46bbd160-f600-30f8-b799-57dfb8cde7fe,1.0,t*km,1,24,24,3a6e02a616c2cef30894bd5502f4fa8ee2d09d5cc89e30b041904ba3dfdf170b,https://raw.githubusercontent.com/FLCAC-admin/uslci-content/83f722d2c97ca784e3d258ab51ec4f6804625c1f/downloads/uslcy_fy19_q2_01_olca1_8_0_ilcd.zip.zip#ILCD/processes/17b1790d-9a4f-329c-8feb-20aad7a41bb3.xml,FY19.Q2.01,2026-10-08,retrieved_not_selected
USLCI,182abb98-80e5-3218-9474-ccacb504f7b4,00.00.001,"Xylenes, mixed, at plant",RNA,1999,"Unit process, black box",ddf8108d-b0fd-3b97-b3dd-fab7d66e73fc,1.0,kg,1,11,11,613d0cb7b70baae94741386a707e888d939daa008a223a155a148c54bfe96a59,https://raw.githubusercontent.com/FLCAC-admin/uslci-content/83f722d2c97ca784e3d258ab51ec4f6804625c1f/downloads/uslcy_fy19_q2_01_olca1_8_0_ilcd.zip.zip#ILCD/processes/182abb98-80e5-3218-9474-ccacb504f7b4.xml,FY19.Q2.01,2026-10-08,retrieved_not_selected
USLCI,18c37a18-0ddd-3944-b9b1-458410215233,00.00.001,"Thermoforming, rigid polypropylene part, at plant",RNA,2009,"Unit process, black box",894d8eff-5aa2-36a0-af0e-e0cadff322f9,1.0,kg,1,16,16,072a74f49d5cbef64a6be769707ad0e3ee2c17b5a8c95f968831e2a2a7810aa7,https://raw.githubusercontent.com/FLCAC-admin/uslci-content/83f722d2c97ca784e3d258ab51ec4f6804625c1f/downloads/uslcy_fy19_q2_01_olca1_8_0_ilcd.zip.zip#ILCD/processes/18c37a18-0ddd-3944-b9b1-458410215233.xml,FY19.Q2.01,2026-10-08,retrieved_not_selected
USLCI,18ecd091-9cf4-3a59-a169-d0a4cb646a96,00.00.001,"Bark, softwood, average, at forest road, INW",RNA,1988,"Unit process, black box",39f1cf7a-1832-3aaf-b9f7-4d0da500f14f,1.0,kg,1,4,4,be95eaacccfae6e5669964b6ecdf3bfad4f9e72c8bcbf16058f829ca5b45adcd,https://raw.githubusercontent.com/FLCAC-admin/uslci-content/83f722d2c97ca784e3d258ab51ec4f6804625c1f/downloads/uslcy_fy19_q2_01_olca1_8_0_ilcd.zip.zip#ILCD/processes/18ecd091-9cf4-3a59-a169-d0a4cb646a96.xml,FY19.Q2.01,2026-10-08,retrieved_not_selected
USLCI,1975f735-687a-39ea-96e7-e890e5a5bb51,00.00.001,"Ethanol, denatured, mixed feedstocks, at conversion facility, 2022",RNA,2008,"Unit process, black box",12710c09-7d00-3d32-b909-43b096657c03,1.0,kg,1,6,6,605cb8544bc594a02b4ba0f87884da4694f701ec8c45d6139ad589f1e3573a81,https://raw.githubusercontent.com/FLCAC-admin/uslci-content/83f722d2c97ca784e3d258ab51ec4f6804625c1f/downloads/uslcy_fy19_q2_01_olca1_8_0_ilcd.zip.zip#ILCD/processes/1975f735-687a-39ea-96e7-e890e5a5bb51.xml,FY19.Q2.01,2026-10-08,retrieved_not_selected
USLCI,19b638bc-033c-3812-a020-18eb2ff8e8eb,00.00.001,"Pyrolysis gasoline, at plant",RNA,2002,"Unit process, black box",f3d6e4c6-0323-3d9f-a843-b741d2a9b982,1.0,kg,1,44,44,170dd22c6f53795c7249aab9e4fc9e39b1f340e1ac80816e40a06d0339688c72,https://raw.githubusercontent.com/FLCAC-admin/uslci-content/83f722d2c97ca784e3d258ab51ec4f6804625c1f/downloads/uslcy_fy19_q2_01_olca1_8_0_ilcd.zip.zip#ILCD/processes/19b638bc-033c-3812-a020-18eb2ff8e8eb.xml,FY19.Q2.01,2026-10-08,retrieved_not_selected
USLCI,19cb866e-1cfc-3007-b64e-5c5c75492cff,00.00.001,"Transport, school bus, diesel powered, South",RNA,2009,"Unit process, black box",c2cea2a1-8f96-3dce-98c1-fcd333ed4dcb,1.0,p*km,1,24,24,5121fbccfecc98ce5a093d2eb2dd3deae8d836e47617e8d9c06319d9bf92e1a8,https://raw.githubusercontent.com/FLCAC-admin/uslci-content/83f722d2c97ca784e3d258ab51ec4f6804625c1f/downloads/uslcy_fy19_q2_01_olca1_8_0_ilcd.zip.zip#ILCD/processes/19cb866e-1cfc-3007-b64e-5c5c75492cff.xml,FY19.Q2.01,2026-10-08,retrieved_not_selected
USLCI,1a7aee1b-bc8e-3521-8864-b9efadc3a871,00.00.001,"Transport, school bus, diesel powered, West North Central",RNA,2009,"Unit process, black box",0a930641-7681-38c1-82d8-ba814fa8df58,1.0,p*km,1,24,24,c9eefa3822ddc1e7dff9463f343fde54630ccdc93cac7444668b6a034537c052,https://raw.githubusercontent.com/FLCAC-admin/uslci-content/83f722d2c97ca784e3d258ab51ec4f6804625c1f/downloads/uslcy_fy19_q2_01_olca1_8_0_ilcd.zip.zip#ILCD/processes/1a7aee1b-bc8e-3521-8864-b9efadc3a871.xml,FY19.Q2.01,2026-10-08,retrieved_not_selected
USLCI,1b0f75b8-e749-3eb2-8727-de6a22f60646,00.00.001,"Lignite coal, combusted in industrial boiler",RNA,1996,"Unit process, black box",eb6394c1-0d19-3be3-99ab-ec572dec9926,1.0,kg,1,86,86,415ab12ca3e4157403f621778ca22f2e3e708cf7f6e67af0b75ad64939e1707d,https://raw.githubusercontent.com/FLCAC-admin/uslci-content/83f722d2c97ca784e3d258ab51ec4f6804625c1f/downloads/uslcy_fy19_q2_01_olca1_8_0_ilcd.zip.zip#ILCD/processes/1b0f75b8-e749-3eb2-8727-de6a22f60646.xml,FY19.Q2.01,2026-10-08,retrieved_not_selected
USLCI,1b506801-d9d6-37a7-b5d2-7d6414373f3c,00.00.001,"Transport, motor home, gasoline powered",RNA,2009,"Unit process, black box",99677578-be6e-3b54-ba97-3afe1cc82ea4,1.0,p*km,1,24,24,42aabbba47e79cd53347eaa8956df2e960f8a9c5fcbea4d2f828958e291ff603,https://raw.githubusercontent.com/FLCAC-admin/uslci-content/83f722d2c97ca784e3d258ab51ec4f6804625c1f/downloads/uslcy_fy19_q2_01_olca1_8_0_ilcd.zip.zip#ILCD/processes/1b506801-d9d6-37a7-b5d2-7d6414373f3c.xml,FY19.Q2.01,2026-10-08,retrieved_not_selected
USLCI,1b6a6391-2477-3898-8b92-e6621739797a,00.00.001,"Transport, single unit truck, long-haul, diesel powered, East North Central",RNA,2009,"Unit process, black box",bf05c674-2685-3f53-9a62-be758a4a614a,1.0,t*km,1,24,24,6a2e4f5aa4956b3cc26f9418776ddcf7c039123a95191c0a8a4448a53ff85c2a,https://raw.githubusercontent.com/FLCAC-admin/uslci-content/83f722d2c97ca784e3d258ab51ec4f6804625c1f/downloads/uslcy_fy19_q2_01_olca1_8_0_ilcd.zip.zip#ILCD/processes/1b6a6391-2477-3898-8b92-e6621739797a.xml,FY19.Q2.01,2026-10-08,retrieved_not_selected
USLCI,1b6afe73-a064-33a3-87b0-265ae10851e9,00.00.001,"Sulfuric acid, at plant",RNA,1991,"Unit process, black box",f867896e-830f-31f9-975d-465b212262ef,1.0,kg,1,17,17,292edcb3ef59cf5fe94432d5405883e290c48eb38751eefcf5bafcd16eabd1f8,https://raw.githubusercontent.com/FLCAC-admin/uslci-content/83f722d2c97ca784e3d258ab51ec4f6804625c1f/downloads/uslcy_fy19_q2_01_olca1_8_0_ilcd.zip.zip#ILCD/processes/1b6afe73-a064-33a3-87b0-265ae10851e9.xml,FY19.Q2.01,2026-10-08,retrieved_not_selected
USLCI,1b8aeea1-53ae-3834-8162-4dd62dd2eefc,00.00.001,"Transport, single unit truck, short-haul, gasoline powered, West North Central",RNA,2009,"Unit process, black box",04b25f1b-f81d-319f-a8cc-2fc9beb2c2c4,1.0,t*km,1,24,24,4aa2b435c865344a0d2060c710c0e41bc75c5bcb489113738107edb095b76b44,https://raw.githubusercontent.com/FLCAC-admin/uslci-content/83f722d2c97ca784e3d258ab51ec4f6804625c1f/downloads/uslcy_fy19_q2_01_olca1_8_0_ilcd.zip.zip#ILCD/processes/1b8aeea1-53ae-3834-8162-4dd62dd2eefc.xml,FY19.Q2.01,2026-10-08,retrieved_not_selected
USLCI,1ba8424c-2bdb-353e-8ea4-5e8d3bd477b8,00.00.001,"Polypropylene, resin, at plant",RNA,2002,"Unit process, black box",6979d8c0-c21a-387e-81d4-48355af98265,1.0,kg,1,32,32,6e12b3128c6c3fddf31da0b4c4d8176892957734e2102f4d5455186b43016fcb,https://raw.githubusercontent.com/FLCAC-admin/uslci-content/83f722d2c97ca784e3d258ab51ec4f6804625c1f/downloads/uslcy_fy19_q2_01_olca1_8_0_ilcd.zip.zip#ILCD/processes/1ba8424c-2bdb-353e-8ea4-5e8d3bd477b8.xml,FY19.Q2.01,2026-10-08,retrieved_not_selected
USLCI,1cb962d8-c4ea-39cf-be3f-9062109feb1d,00.00.001,"Transport, single unit truck, short-haul, diesel powered, Central",RNA,2009,"Unit process, black box",b925cd64-7dd0-36ac-96b2-b8430bab5620,1.0,t*km,1,24,24,733f3e7a54c156df4e0bda8d0e77a96e6b09105ff6de23a5ae3dde2121a0bae5,https://raw.githubusercontent.com/FLCAC-admin/uslci-content/83f722d2c97ca784e3d258ab51ec4f6804625c1f/downloads/uslcy_fy19_q2_01_olca1_8_0_ilcd.zip.zip#ILCD/processes/1cb962d8-c4ea-39cf-be3f-9062109feb1d.xml,FY19.Q2.01,2026-10-08,retrieved_not_selected
USLCI,1cbbcd09-ea17-3d9b-bc34-2cf42efe26ba,00.00.001,"Corn, production, average, US, 2022",RNA,2009,"Unit process, black box",5c3261bf-f870-3ba9-91e0-402b95a94a51,11000.0,kg,1,15,15,24718ca79f8c81e18ddc4c603559d5a016f31e2ffcaca8a469d8095f7c36d108,https://raw.githubusercontent.com/FLCAC-admin/uslci-content/83f722d2c97ca784e3d258ab51ec4f6804625c1f/downloads/uslcy_fy19_q2_01_olca1_8_0_ilcd.zip.zip#ILCD/processes/1cbbcd09-ea17-3d9b-bc34-2cf42efe26ba.xml,FY19.Q2.01,2026-10-08,retrieved_not_selected
USLCI,1cd0e864-1ec2-377a-a0dd-7b9872eba81a,00.00.002,"Sawn lumber, softwood, planed, kiln dried, at planer, NE-NC",RNA,2005,"Unit process, black box",1591081d-cf47-3e25-856f-ef64f056fd4a,1.0,m3,1,8,8,501dd437f2723da41cdddd5573e998ae81ae8d61a630d01a9d2336f63a2bbed3,https://raw.githubusercontent.com/FLCAC-admin/uslci-content/83f722d2c97ca784e3d258ab51ec4f6804625c1f/downloads/uslcy_fy19_q2_01_olca1_8_0_ilcd.zip.zip#ILCD/processes/1cd0e864-1ec2-377a-a0dd-7b9872eba81a.xml,FY19.Q2.01,2026-10-08,retrieved_not_selected
USLCI,1d963974-0d52-3e51-abc3-d857d9fd78e3,00.00.001,"Electricity, at eGrid, SRMV, 2008",RNA,2007,"Unit process, black box",e07f0758-0ac5-3faa-8d3c-ba0fa85f6488,1.0,MJ,1,23,23,83f0f5e4e0e452435364e7a76afcba4e38e9c18c725cebdcd176c800e75292fc,https://raw.githubusercontent.com/FLCAC-admin/uslci-content/83f722d2c97ca784e3d258ab51ec4f6804625c1f/downloads/uslcy_fy19_q2_01_olca1_8_0_ilcd.zip.zip#ILCD/processes/1d963974-0d52-3e51-abc3-d857d9fd78e3.xml,FY19.Q2.01,2026-10-08,retrieved_not_selected
USLCI,1e2429d8-8d91-328f-85c3-18d39bdebfa7,00.00.001,"Transport, ocean freighter, average fuel mix",US,2000,"Unit process, black box",0e63d1db-e383-3c9a-b02a-b5eebafe87d1,1.0,t*km,1,3,3,254cc5e4b7b3aef7a94a81a00a941d31ffdc18a3fa7241f4816d08bd9d5bc362,https://raw.githubusercontent.com/FLCAC-admin/uslci-content/83f722d2c97ca784e3d258ab51ec4f6804625c1f/downloads/uslcy_fy19_q2_01_olca1_8_0_ilcd.zip.zip#ILCD/processes/1e2429d8-8d91-328f-85c3-18d39bdebfa7.xml,FY19.Q2.01,2026-10-08,retrieved_not_selected
USLCI,1e4fd434-9cd2-402a-8ebf-43891d0dd591,00.00.002,"Steam, purchased by containerboard mills",RNA,2008,"Unit process, black box",caca451d-e5df-4bf4-91f8-2c4be75af6dc,1.0,MJ,1,6,6,120593a7f8bc89d6c9f8e62f70745ac06caa6caddcadb982623f3e0f3084b303,https://raw.githubusercontent.com/FLCAC-admin/uslci-content/83f722d2c97ca784e3d258ab51ec4f6804625c1f/downloads/uslcy_fy19_q2_01_olca1_8_0_ilcd.zip.zip#ILCD/processes/1e4fd434-9cd2-402a-8ebf-43891d0dd591.xml,FY19.Q2.01,2026-10-08,retrieved_not_selected
USLCI,1e5b1ac8-2464-394e-b20b-b5753fe3ebfb,00.00.001,"Methanol, at plant",RNA,1974,"Unit process, black box",0a086de3-ddb0-3c48-b5db-2f36f5322de4,1.0,kg,1,14,14,2123ded95659e70a7649ab6acf6dbf463c43bc6847c8f2501f9a3f6a4b8a3371,https://raw.githubusercontent.com/FLCAC-admin/uslci-content/83f722d2c97ca784e3d258ab51ec4f6804625c1f/downloads/uslcy_fy19_q2_01_olca1_8_0_ilcd.zip.zip#ILCD/processes/1e5b1ac8-2464-394e-b20b-b5753fe3ebfb.xml,FY19.Q2.01,2026-10-08,retrieved_not_selected
USLCI,1fe9b61c-f684-3584-a5e9-98677caee0f3,00.00.001,"Soy biodiesel, production, at plant",RNA,2007,"Unit process, black box",8bb065f1-654b-3f5c-b9cf-2d66d92e8c19,3.36,kg,1,14,14,42eab007be459e3566f92a44bb41e4038cadb51e252308ccf38e15377a545cf4,https://raw.githubusercontent.com/FLCAC-admin/uslci-content/83f722d2c97ca784e3d258ab51ec4f6804625c1f/downloads/uslcy_fy19_q2_01_olca1_8_0_ilcd.zip.zip#ILCD/processes/1fe9b61c-f684-3584-a5e9-98677caee0f3.xml,FY19.Q2.01,2026-10-08,retrieved_not_selected
USLCI,1ff386a3-2d0c-3a73-97b1-cf3c6fa10d2c,00.00.001,"Transport, single unit truck, long-haul, diesel powered, Northeast region",RNA,2009,"Unit process, black box",07b22919-ca2e-3cbe-8789-8a05c933ca5c,1.0,t*km,1,24,24,63a1558245ad92c98166607719a1e49dc60f180b83f04f2856fa814b1aee3c3b,https://raw.githubusercontent.com/FLCAC-admin/uslci-content/83f722d2c97ca784e3d258ab51ec4f6804625c1f/downloads/uslcy_fy19_q2_01_olca1_8_0_ilcd.zip.zip#ILCD/processes/1ff386a3-2d0c-3a73-97b1-cf3c6fa10d2c.xml,FY19.Q2.01,2026-10-08,retrieved_not_selected
USLCI,2036751b-b50e-3bbd-8106-6744c4149453,00.00.001,"Transport, single unit truck, long-haul, diesel powered, Southwest",RNA,2009,"Unit process, black box",dfa0a8c8-4f6e-3a6a-b069-0689e5cfc145,1.0,t*km,1,24,24,d2020067ce4b56175c957869ed4ccb2a371d1eafecfe62c8df3daaaffdeadb5a,https://raw.githubusercontent.com/FLCAC-admin/uslci-content/83f722d2c97ca784e3d258ab51ec4f6804625c1f/downloads/uslcy_fy19_q2_01_olca1_8_0_ilcd.zip.zip#ILCD/processes/2036751b-b50e-3bbd-8106-6744c4149453.xml,FY19.Q2.01,2026-10-08,retrieved_not_selected
USLCI,2087543e-37d4-3a37-b351-e134cbe3e538,00.00.001,"Transport, intercity bus, diesel powered",RNA,2009,"Unit process, black box",b235b36a-7ade-3301-acd9-e9a91a8138e8,1.0,p*km,1,24,24,e1fc1047580232d771cd5b06b6e489d7604f75198585179d2a2f8d9bc316d9f4,https://raw.githubusercontent.com/FLCAC-admin/uslci-content/83f722d2c97ca784e3d258ab51ec4f6804625c1f/downloads/uslcy_fy19_q2_01_olca1_8_0_ilcd.zip.zip#ILCD/processes/2087543e-37d4-3a37-b351-e134cbe3e538.xml,FY19.Q2.01,2026-10-08,retrieved_not_selected
USLCI,20892605-0ac1-45a8-847b-e2fa4dbfe317,00.00.001,Land reclamation; Surface coal mine,US,1988,"Unit process, black box",9379792a-be43-4696-b84f-232a859f053c,1.0,Item(s),1,4,4,5350c02050ec278add7dce0a86dcf2f777cc29b59b37e6be231ab852eb8d7b49,https://raw.githubusercontent.com/FLCAC-admin/uslci-content/83f722d2c97ca784e3d258ab51ec4f6804625c1f/downloads/uslcy_fy19_q2_01_olca1_8_0_ilcd.zip.zip#ILCD/processes/20892605-0ac1-45a8-847b-e2fa4dbfe317.xml,FY19.Q2.01,2026-10-08,retrieved_not_selected
USLCI,20b49008-b007-3407-95b0-92b796e5e2c0,00.00.001,"Pulpwood, softwood, national forest, average, at forest road, INW",RNA,1988,"Unit process, black box",bb9e4792-1974-331c-b2d3-0812ccbc67dd,1.0,m3,1,3,3,b812dd91fb3c144df573969a72411725da94c25a7250438b509feabad0a12205,https://raw.githubusercontent.com/FLCAC-admin/uslci-content/83f722d2c97ca784e3d258ab51ec4f6804625c1f/downloads/uslcy_fy19_q2_01_olca1_8_0_ilcd.zip.zip#ILCD/processes/20b49008-b007-3407-95b0-92b796e5e2c0.xml,FY19.Q2.01,2026-10-08,retrieved_not_selected
USLCI,21aeedbf-933a-3570-8b9e-a44dc6fa6637,00.00.001,"Aluminum, primary, ingot, at plant, 1998",RNA,1997,"Unit process, black box",a0fb699f-0085-3ad2-99bf-e4ea891e61ba,1.0,kg,1,39,39,d8710895d8c848bc60bb4e60dcb15ff345fb67a51e761b72bb07cd7c25f024ff,https://raw.githubusercontent.com/FLCAC-admin/uslci-content/83f722d2c97ca784e3d258ab51ec4f6804625c1f/downloads/uslcy_fy19_q2_01_olca1_8_0_ilcd.zip.zip#ILCD/processes/21aeedbf-933a-3570-8b9e-a44dc6fa6637.xml,FY19.Q2.01,2026-10-08,retrieved_not_selected
USLCI,21ca86bd-890c-3ede-a79c-09e42f9b9ca2,00.00.001,"Secondary bonding application, rigid composites part, at plant",US,2010,"Unit process, black box",8bad5285-6bca-380a-89e1-adf554d134f0,1.0,kg,1,8,8,8545d47da74a03a8907c00af3a3e35021c31e01a5451eff360b7821f9e656092,https://raw.githubusercontent.com/FLCAC-admin/uslci-content/83f722d2c97ca784e3d258ab51ec4f6804625c1f/downloads/uslcy_fy19_q2_01_olca1_8_0_ilcd.zip.zip#ILCD/processes/21ca86bd-890c-3ede-a79c-09e42f9b9ca2.xml,FY19.Q2.01,2026-10-08,retrieved_not_selected
USLCI,21ed2ebb-54bf-324d-9865-af8265d2d49c,00.00.001,"Palm kernel oil, processed, at plant",RNA,1988,"Unit process, black box",00de148e-2b26-385c-8ddb-7adb76d6bf61,1.0,kg,1,15,15,eaf8d447129d62882b08be100400cb9ae4c2e1324eefb34f149ced41d2a9a9f0,https://raw.githubusercontent.com/FLCAC-admin/uslci-content/83f722d2c97ca784e3d258ab51ec4f6804625c1f/downloads/uslcy_fy19_q2_01_olca1_8_0_ilcd.zip.zip#ILCD/processes/21ed2ebb-54bf-324d-9865-af8265d2d49c.xml,FY19.Q2.01,2026-10-08,retrieved_not_selected
USLCI,22057e9b-d484-397e-8f63-ceae302f0eb0,00.00.001,"Heat, onsite boiler, softwood mill, average, NE-NC",RNA,2004,"Unit process, black box",be0bd4fa-5b46-30cd-afc0-f0422ad638a5,1.0,MJ,1,6,6,33422121e1fb928baad4b5f313dd705d61eebfbb1ed0102c4c1b7b3e09de6b08,https://raw.githubusercontent.com/FLCAC-admin/uslci-content/83f722d2c97ca784e3d258ab51ec4f6804625c1f/downloads/uslcy_fy19_q2_01_olca1_8_0_ilcd.zip.zip#ILCD/processes/22057e9b-d484-397e-8f63-ceae302f0eb0.xml,FY19.Q2.01,2026-10-08,retrieved_not_selected
USLCI,2250f2f2-7faa-3307-9534-ca78b371b4dd,00.00.002,"Steel, cold-formed studs and track, at plant",RNA,2011,"Unit process, black box",,,,2,12,12,dcdb7d75b3a5270159c9f6055de335a9608bae64810698d27cd244f3015fffd8,https://raw.githubusercontent.com/FLCAC-admin/uslci-content/83f722d2c97ca784e3d258ab51ec4f6804625c1f/downloads/uslcy_fy19_q2_01_olca1_8_0_ilcd.zip.zip#ILCD/processes/2250f2f2-7faa-3307-9534-ca78b371b4dd.xml,FY19.Q2.01,2026-10-08,retrieved_not_selected
USLCI,226ed3c2-e020-4c95-b1fc-4559fc2d18ac,00.00.015,"Corrugated product, average production, at mill",US,2013,"Unit process, black box",,,,2,53,53,2e8a0280844ec468cb7fb98cf7b87d82a9e2faa5162cf81eda6b0a6004123015,https://raw.githubusercontent.com/FLCAC-admin/uslci-content/83f722d2c97ca784e3d258ab51ec4f6804625c1f/downloads/uslcy_fy19_q2_01_olca1_8_0_ilcd.zip.zip#ILCD/processes/226ed3c2-e020-4c95-b1fc-4559fc2d18ac.xml,FY19.Q2.01,2026-10-08,retrieved_not_selected
USLCI,22dfa934-0329-347b-be34-e638548f4ae0,00.00.001,"Transport, motorcycle, gasoline powered",RNA,2009,"Unit process, black box",76c01a96-e065-32ea-be20-43e005fd4086,1.0,p*km,1,24,24,fa8dc308a0adc1277ecedfaa63bd5b6b2fdf6c7cef4b291741e3bb946cafc8dd,https://raw.githubusercontent.com/FLCAC-admin/uslci-content/83f722d2c97ca784e3d258ab51ec4f6804625c1f/downloads/uslcy_fy19_q2_01_olca1_8_0_ilcd.zip.zip#ILCD/processes/22dfa934-0329-347b-be34-e638548f4ae0.xml,FY19.Q2.01,2026-10-08,retrieved_not_selected
USLCI,22ebc7fb-f03f-37dc-be57-b73d2c577414,00.00.001,Recycled postconsumer PET pellet,RNA,2006,"Unit process, black box",0cce541b-c427-3bc0-bc0b-349945225c9c,1.0,kg,1,3,3,61f089f400437500498edf82ec414e546ce8e6cf7c13b116fa82a358f754439b,https://raw.githubusercontent.com/FLCAC-admin/uslci-content/83f722d2c97ca784e3d258ab51ec4f6804625c1f/downloads/uslcy_fy19_q2_01_olca1_8_0_ilcd.zip.zip#ILCD/processes/22ebc7fb-f03f-37dc-be57-b73d2c577414.xml,FY19.Q2.01,2026-10-08,retrieved_not_selected
USLCI,230e8d51-1f4d-3459-be47-429b0b828add,00.00.001,"Zinc, Special High Grade",GLO,2004,"Unit process, black box",23942f4b-21e8-374d-83be-1c799aea1cd4,1000.0,kg,1,496,496,0248189f719de2ee2caa6f7c6def7a067482f2197678ee16a327046b39b1ad21,https://raw.githubusercontent.com/FLCAC-admin/uslci-content/83f722d2c97ca784e3d258ab51ec4f6804625c1f/downloads/uslcy_fy19_q2_01_olca1_8_0_ilcd.zip.zip#ILCD/processes/230e8d51-1f4d-3459-be47-429b0b828add.xml,FY19.Q2.01,2026-10-08,retrieved_not_selected
USLCI,238589f8-deaf-3218-84e9-703a9bd7f3e1,00.00.001,"Fertilizer, stover, 2022",RNA,2009,"Unit process, black box",7047feb8-1c54-3bef-b0ed-e48b2d052bac,1.0,m2,1,12,12,1ab3f03174730a749127a0b3f7524b4944a78410aeae92f23920f1db54510d9e,https://raw.githubusercontent.com/FLCAC-admin/uslci-content/83f722d2c97ca784e3d258ab51ec4f6804625c1f/downloads/uslcy_fy19_q2_01_olca1_8_0_ilcd.zip.zip#ILCD/processes/238589f8-deaf-3218-84e9-703a9bd7f3e1.xml,FY19.Q2.01,2026-10-08,retrieved_not_selected
USLCI,245a3bf4-deee-3f04-9a1c-2e3f64a1da1d,00.00.001,"Transport, school bus, diesel powered, Central",RNA,2009,"Unit process, black box",d78073f6-397e-380f-a10c-1c54b90f34a2,1.0,p*km,1,24,24,80e724ba765b3097ea072155ad1442189209be95d07bfb269304f3e2201d56f2,https://raw.githubusercontent.com/FLCAC-admin/uslci-content/83f722d2c97ca784e3d258ab51ec4f6804625c1f/downloads/uslcy_fy19_q2_01_olca1_8_0_ilcd.zip.zip#ILCD/processes/245a3bf4-deee-3f04-9a1c-2e3f64a1da1d.xml,FY19.Q2.01,2026-10-08,retrieved_not_selected
USLCI,245ddcea-0239-37ac-b4da-8eeebde7932e,00.00.002,"Rough green lumber processing, at sawmill, US SE",RNA,1998,"Unit process, black box",d53ef486-4f8a-393b-9347-c70a58133598,1.0,kg,1,13,13,6d9c96956d5dd78de0d72dfeee1b52534be0f8496e57cce206024b9273b0d8fd,https://raw.githubusercontent.com/FLCAC-admin/uslci-content/83f722d2c97ca784e3d258ab51ec4f6804625c1f/downloads/uslcy_fy19_q2_01_olca1_8_0_ilcd.zip.zip#ILCD/processes/245ddcea-0239-37ac-b4da-8eeebde7932e.xml,FY19.Q2.01,2026-10-08,retrieved_not_selected
USLCI,2468b04f-b9b1-364d-bfbf-8ba12178096e,00.00.002,"Sawn lumber, hardwood, rough, green, at sawmill, NE-NC",RNA,2004,"Unit process, black box",6f256ff4-5121-352a-9b85-7c3a79431d7c,1.0,kg,1,17,17,7f389c1f92937c13f4cbe6326447e56a137386c28c2b6d6d21e20f2d6c6d20cb,https://raw.githubusercontent.com/FLCAC-admin/uslci-content/83f722d2c97ca784e3d258ab51ec4f6804625c1f/downloads/uslcy_fy19_q2_01_olca1_8_0_ilcd.zip.zip#ILCD/processes/2468b04f-b9b1-364d-bfbf-8ba12178096e.xml,FY19.Q2.01,2026-10-08,retrieved_not_selected
USLCI,247aa74a-8368-37b1-a090-96a1428ef30f,00.00.001,"Calcium carbonate, ground, screened grade, at plant",US,2013,"Unit process, black box",b6ea9f73-bb17-3a63-bafd-085daede5007,1.0,kg,1,25,25,da1ac42978511b1c9ff3dbe625f1d2f5c4da4db7e13c0c23c41a11116f78e573,https://raw.githubusercontent.com/FLCAC-admin/uslci-content/83f722d2c97ca784e3d258ab51ec4f6804625c1f/downloads/uslcy_fy19_q2_01_olca1_8_0_ilcd.zip.zip#ILCD/processes/247aa74a-8368-37b1-a090-96a1428ef30f.xml,FY19.Q2.01,2026-10-08,retrieved_not_selected
USLCI,24bc1084-48ba-3b04-8201-2e0b7a2db82a,00.00.001,"Electricity, at eGrid, RFCW, 2008",RNA,2007,"Unit process, black box",6b7be69f-c360-3a11-8281-090bfc0d2a52,1.0,MJ,1,28,28,56b71be1de1736652a9fc5cfce4f25732609dc947a5175962404c26ed276843c,https://raw.githubusercontent.com/FLCAC-admin/uslci-content/83f722d2c97ca784e3d258ab51ec4f6804625c1f/downloads/uslcy_fy19_q2_01_olca1_8_0_ilcd.zip.zip#ILCD/processes/24bc1084-48ba-3b04-8201-2e0b7a2db82a.xml,FY19.Q2.01,2026-10-08,retrieved_not_selected
USLCI,24ccf5c5-25f5-35da-bead-5edf4e14cdc1,00.00.001,"Fertilizer, corn, 2022",RNA,2004,"Unit process, black box",0bd049bd-ec69-31ed-80ef-257682ec0253,1.0,m2,1,11,11,5875655da83017339644f697c1f6f4e48bbafb2095de4e7a29dd974fa9ade603,https://raw.githubusercontent.com/FLCAC-admin/uslci-content/83f722d2c97ca784e3d258ab51ec4f6804625c1f/downloads/uslcy_fy19_q2_01_olca1_8_0_ilcd.zip.zip#ILCD/processes/24ccf5c5-25f5-35da-bead-5edf4e14cdc1.xml,FY19.Q2.01,2026-10-08,retrieved_not_selected
USLCI,25b4ad17-ccd9-36ff-8ed5-4ad7b4814ae3,00.00.001,"Switchgrass, ground and stored, 2022",RNA,2009,"Unit process, black box",db2c1447-2d40-3fa4-83b2-fe2753bbbf6a,1.0,kg,1,11,11,fb00f5d4a3ea7550613e11817fa67cc780f12ae3f83f3e149302fd13454b58ce,https://raw.githubusercontent.com/FLCAC-admin/uslci-content/83f722d2c97ca784e3d258ab51ec4f6804625c1f/downloads/uslcy_fy19_q2_01_olca1_8_0_ilcd.zip.zip#ILCD/processes/25b4ad17-ccd9-36ff-8ed5-4ad7b4814ae3.xml,FY19.Q2.01,2026-10-08,retrieved_not_selected
USLCI,26465530-69ff-3c68-834f-c67ccb6ee1b2,00.00.001,"Bituminous coal, combusted in industrial boiler",RNA,1996,"Unit process, black box",73cd1596-214d-3403-87f1-f69fc3818886,1.0,kg,1,90,90,13b3ea8162c0baa12a5e6c48dc1670dc686d9b064566685c9574fa538e4395ff,https://raw.githubusercontent.com/FLCAC-admin/uslci-content/83f722d2c97ca784e3d258ab51ec4f6804625c1f/downloads/uslcy_fy19_q2_01_olca1_8_0_ilcd.zip.zip#ILCD/processes/26465530-69ff-3c68-834f-c67ccb6ee1b2.xml,FY19.Q2.01,2026-10-08,retrieved_not_selected
USLCI,27087c4f-2ab5-312c-b823-d1e5dfaf9e76,00.00.001,"Electricity, at eGrid, SRTV, 2008",RNA,2007,"Unit process, black box",0a9d0016-6f8a-3268-9409-d989793a4174,1.0,MJ,1,19,19,f07e3bbc4d55b734a51966c50686503e063dfaa850b4dba9c5ab16145c47cae7,https://raw.githubusercontent.com/FLCAC-admin/uslci-content/83f722d2c97ca784e3d258ab51ec4f6804625c1f/downloads/uslcy_fy19_q2_01_olca1_8_0_ilcd.zip.zip#ILCD/processes/27087c4f-2ab5-312c-b823-d1e5dfaf9e76.xml,FY19.Q2.01,2026-10-08,retrieved_not_selected
USLCI,270aeae0-14c8-35fa-9d15-0f0c42fb47ca,00.00.001,"Marine piling, softwood, CCA treated, SE",RNA,2004,"Unit process, black box",eaba51fc-8a92-371f-96ef-6cfeae2a3212,1.0,m3,1,40,40,57ad02b5b0f6d5d9ffd01ec4dae7f9e6b4ce1994c4622860f3c1d2c0f6bda391,https://raw.githubusercontent.com/FLCAC-admin/uslci-content/83f722d2c97ca784e3d258ab51ec4f6804625c1f/downloads/uslcy_fy19_q2_01_olca1_8_0_ilcd.zip.zip#ILCD/processes/270aeae0-14c8-35fa-9d15-0f0c42fb47ca.xml,FY19.Q2.01,2026-10-08,retrieved_not_selected
USLCI,2753c5de-221b-369a-84de-689d354b8b2d,00.00.001,"Forest residue, preprocessed, at conversion facility",RNA,2007,"Unit process, black box",658f8e12-f566-3e01-930c-e95cf9fa2c2b,1.0,kg,1,3,3,e379db41a7e20a8c7c58be60a397ef6910fb508b16e16172d0b08b26e1ca9ed4,https://raw.githubusercontent.com/FLCAC-admin/uslci-content/83f722d2c97ca784e3d258ab51ec4f6804625c1f/downloads/uslcy_fy19_q2_01_olca1_8_0_ilcd.zip.zip#ILCD/processes/2753c5de-221b-369a-84de-689d354b8b2d.xml,FY19.Q2.01,2026-10-08,retrieved_not_selected
USLCI,277ef057-4ad9-3780-a1c0-6d78321131f6,00.00.002,"Veneer, hardwood, dry, at veneer mill, E",RNA,2006,"Unit process, black box",a8c7720c-363e-37c8-a986-6441c1c12771,1.0,kg,1,19,19,7638e26b8db85451592c8cd31c64dc6a770062d1d9182d461c266e474e4e1600,https://raw.githubusercontent.com/FLCAC-admin/uslci-content/83f722d2c97ca784e3d258ab51ec4f6804625c1f/downloads/uslcy_fy19_q2_01_olca1_8_0_ilcd.zip.zip#ILCD/processes/277ef057-4ad9-3780-a1c0-6d78321131f6.xml,FY19.Q2.01,2026-10-08,retrieved_not_selected
USLCI,27cbb14e-8752-4acf-8e0a-56aa835f8bf9,00.00.001,"Dragline; Manufacture; For surface coal mine, at plant; 7,439 metric tonne working weight",US,2007,"Unit process, black box",b8510d02-4ba2-4a6c-9670-738478f57e5d,1.0,Item(s),1,2,2,aa53570f1310d7f5dd0940a2bd04c768018052b78da7bd289a153dc45f5ad65e,https://raw.githubusercontent.com/FLCAC-admin/uslci-content/83f722d2c97ca784e3d258ab51ec4f6804625c1f/downloads/uslcy_fy19_q2_01_olca1_8_0_ilcd.zip.zip#ILCD/processes/27cbb14e-8752-4acf-8e0a-56aa835f8bf9.xml,FY19.Q2.01,2026-10-08,retrieved_not_selected
USLCI,27e8fce4-a5c1-37af-84b9-763582a5ca3e,00.00.001,"Anthracite coal, combusted in industrial boiler",RNA,9998,"Unit process, black box",46495019-6f20-3587-8624-0399a6c016c9,1.0,kg,1,33,33,10af5038846ea26f5992e0b1338a38171378bc9eb0c4b1ab870ad4cb20ef60fe,https://raw.githubusercontent.com/FLCAC-admin/uslci-content/83f722d2c97ca784e3d258ab51ec4f6804625c1f/downloads/uslcy_fy19_q2_01_olca1_8_0_ilcd.zip.zip#ILCD/processes/27e8fce4-a5c1-37af-84b9-763582a5ca3e.xml,FY19.Q2.01,2026-10-08,retrieved_not_selected
USLCI,2813d2f3-6813-34d8-b47b-b464f390bcaf,00.00.001,"Pesticide, corn, 2022",RNA,2009,"Unit process, black box",e49582c6-c84a-3a22-a0b1-50afa207ace3,1.0,m2,1,22,22,156b205171df4692aaee7a19eab952b8c8b82b01e9be99134fb53860ffe74a9d,https://raw.githubusercontent.com/FLCAC-admin/uslci-content/83f722d2c97ca784e3d258ab51ec4f6804625c1f/downloads/uslcy_fy19_q2_01_olca1_8_0_ilcd.zip.zip#ILCD/processes/2813d2f3-6813-34d8-b47b-b464f390bcaf.xml,FY19.Q2.01,2026-10-08,retrieved_not_selected
USLCI,285cfc08-fc23-3bfc-b304-1bb4a60d2f8a,00.00.001,"Paper, mechanical, uncoated, average production, at mill",RNA,2005,"Unit process, black box",3515e633-ae0d-3417-a0ed-496c045476fd,861.83,kg,1,95,95,75e630fe4156a58fef7e95a461b4186672cc026055d159f3e7efe7c6a3d72395,https://raw.githubusercontent.com/FLCAC-admin/uslci-content/83f722d2c97ca784e3d258ab51ec4f6804625c1f/downloads/uslcy_fy19_q2_01_olca1_8_0_ilcd.zip.zip#ILCD/processes/285cfc08-fc23-3bfc-b304-1bb4a60d2f8a.xml,FY19.Q2.01,2026-10-08,retrieved_not_selected
USLCI,2901993d-1852-3184-897e-5a30203714e8,00.00.001,"Transport, light commercial truck, gasoline powered, East North Central",RNA,2009,"Unit process, black box",9a81d1cb-686a-3d0b-8419-00da346f0c17,1.0,t*km,1,24,24,904b2eb2b4f91c2064091b458c1eb9b7ae1c5f17d2f8180a6e91af3ec35d18b1,https://raw.githubusercontent.com/FLCAC-admin/uslci-content/83f722d2c97ca784e3d258ab51ec4f6804625c1f/downloads/uslcy_fy19_q2_01_olca1_8_0_ilcd.zip.zip#ILCD/processes/2901993d-1852-3184-897e-5a30203714e8.xml,FY19.Q2.01,2026-10-08,retrieved_not_selected
USLCI,2962a2fb-4a99-3f77-b999-629bef8eb124,00.00.001,"Transport, single unit truck, short-haul, diesel powered, Northeast",RNA,2009,"Unit process, black box",c33e035f-ab05-300f-b8d8-05e6e3e68f7b,1.0,t*km,1,24,24,23afcc0c73dc4fc2a0c0ccf5c1d99c415dba0db883bf380d1387c897297127a5,https://raw.githubusercontent.com/FLCAC-admin/uslci-content/83f722d2c97ca784e3d258ab51ec4f6804625c1f/downloads/uslcy_fy19_q2_01_olca1_8_0_ilcd.zip.zip#ILCD/processes/2962a2fb-4a99-3f77-b999-629bef8eb124.xml,FY19.Q2.01,2026-10-08,retrieved_not_selected
USLCI,29d771d7-71ec-3a22-bbd0-8709d5a328e2,00.00.001,"Natural gas, combusted in industrial boiler, at hydrocracker, for ethylene",RNA,1997,"Unit process, black box",f179160d-d402-3e37-8d65-93d09f309b99,1.0,m3,1,27,27,2906314ebc7c96cd3e03c380510e41b48f7dfcf93d4465498bbeb5f1fa0ac3fd,https://raw.githubusercontent.com/FLCAC-admin/uslci-content/83f722d2c97ca784e3d258ab51ec4f6804625c1f/downloads/uslcy_fy19_q2_01_olca1_8_0_ilcd.zip.zip#ILCD/processes/29d771d7-71ec-3a22-bbd0-8709d5a328e2.xml,FY19.Q2.01,2026-10-08,retrieved_not_selected
USLCI,2a06be6e-8317-32e0-b5da-0b7b94dc3b15,00.00.001,"Chainsawing, hand felling and delimbing, INW",RNA,1988,"Unit process, black box",44e56fb0-729f-3dc5-bfef-0396c1662ba0,1.0,d,1,3,3,65d644824b0868b0f03bfe4f92206f0c774f227b46c5fa5bd18f73b9d91fe466,https://raw.githubusercontent.com/FLCAC-admin/uslci-content/83f722d2c97ca784e3d258ab51ec4f6804625c1f/downloads/uslcy_fy19_q2_01_olca1_8_0_ilcd.zip.zip#ILCD/processes/2a06be6e-8317-32e0-b5da-0b7b94dc3b15.xml,FY19.Q2.01,2026-10-08,retrieved_not_selected
USLCI,2a658145-f087-4bbb-a8b2-2db697036e48,00.00.001,"Coal mine equipment assembly; Production mix, surface mine",US,2005,"Unit process, black box",b877055b-0dee-4718-ac5a-b6c8dbee3f5f,1.0,Item(s),1,9,9,3c3c93e375ee0ad85f2aaf9cab3f73bde4500b4bb90a237eb1e003b1c8ec6bca,https://raw.githubusercontent.com/FLCAC-admin/uslci-content/83f722d2c97ca784e3d258ab51ec4f6804625c1f/downloads/uslcy_fy19_q2_01_olca1_8_0_ilcd.zip.zip#ILCD/processes/2a658145-f087-4bbb-a8b2-2db697036e48.xml,FY19.Q2.01,2026-10-08,retrieved_not_selected
USLCI,2a9a4868-cf47-3ac8-87a7-d6291290a664,00.00.001,"Roundwood, softwood, green, at logyard, INW",RNA,2005,"Unit process, black box",6b389668-3d89-3840-a8be-24c9f1aa1c87,1.0,kg,1,14,14,1ac51dd3a98e94c69cf9bc6b46fa3c9b882f0cde87cbc79ce16b4d9e95085f20,https://raw.githubusercontent.com/FLCAC-admin/uslci-content/83f722d2c97ca784e3d258ab51ec4f6804625c1f/downloads/uslcy_fy19_q2_01_olca1_8_0_ilcd.zip.zip#ILCD/processes/2a9a4868-cf47-3ac8-87a7-d6291290a664.xml,FY19.Q2.01,2026-10-08,retrieved_not_selected
USLCI,2ad41b7a-ee80-3e8a-946c-b2d06dc532af,00.00.001,"Roundwood, softwood, state-private moist cold forest, gentle slope, at frst rd, INW",RNA,1988,"Unit process, black box",c9661034-b62d-3ffd-8824-75b9957e1315,210.24,m3,1,13,13,f35aaed47b126511ccb43c885723ce0ff93ef2b10310db3848e876488417b53a,https://raw.githubusercontent.com/FLCAC-admin/uslci-content/83f722d2c97ca784e3d258ab51ec4f6804625c1f/downloads/uslcy_fy19_q2_01_olca1_8_0_ilcd.zip.zip#ILCD/processes/2ad41b7a-ee80-3e8a-946c-b2d06dc532af.xml,FY19.Q2.01,2026-10-08,retrieved_not_selected
USLCI,2afa4806-2633-3beb-8842-13326d66ed0a,00.00.001,"Transport, single unit truck, long-haul, diesel powered, West North Central",RNA,2009,"Unit process, black box",dbcbb10a-7eb8-3ebb-982e-09cf1a970323,1.0,t*km,1,24,24,095ccad4be41e52cd78aec1e7075b1135b0ee5ef0b6944fdad291108dab0f90b,https://raw.githubusercontent.com/FLCAC-admin/uslci-content/83f722d2c97ca784e3d258ab51ec4f6804625c1f/downloads/uslcy_fy19_q2_01_olca1_8_0_ilcd.zip.zip#ILCD/processes/2afa4806-2633-3beb-8842-13326d66ed0a.xml,FY19.Q2.01,2026-10-08,retrieved_not_selected
USLCI,2b091e0d-d0de-31a1-89db-3f51a9c5cf12,00.00.001,"Electricity, nuclear, at power plant",RNA,1996,"Unit process, black box",9e321869-bd1f-3c93-8528-8f198de2fa2b,1.0,MJ,1,2,2,d9688439a9edcde11c827aacc15be28127480ff7ff75708084f98f6fbf29c57f,https://raw.githubusercontent.com/FLCAC-admin/uslci-content/83f722d2c97ca784e3d258ab51ec4f6804625c1f/downloads/uslcy_fy19_q2_01_olca1_8_0_ilcd.zip.zip#ILCD/processes/2b091e0d-d0de-31a1-89db-3f51a9c5cf12.xml,FY19.Q2.01,2026-10-08,retrieved_not_selected
USLCI,2b196386-eb1a-352a-aeda-4d003144f6df,00.00.001,"Aluminum, cold rolling, at plant",RNA,2009,"Unit process, black box",e929f473-7780-3eca-94e4-a2d0f7d4b8b0,1000.0,kg,1,604,604,50689a3026582cad88cdab2c1c7f3216168e9f13deffb5851ef8d9cdd06cc8b6,https://raw.githubusercontent.com/FLCAC-admin/uslci-content/83f722d2c97ca784e3d258ab51ec4f6804625c1f/downloads/uslcy_fy19_q2_01_olca1_8_0_ilcd.zip.zip#ILCD/processes/2b196386-eb1a-352a-aeda-4d003144f6df.xml,FY19.Q2.01,2026-10-08,retrieved_not_selected
USLCI,2b35fcd5-6664-3084-b834-6c1f0b919961,00.00.001,"Greenhouse seedling, softwood, INW",RNA,1988,"Unit process, black box",b3e4ded1-d2c5-3098-96cc-76c27ee7a814,1.0,Item(s),1,7,7,4b9c4e9e8f181129bb1f40e5fccbbe1569e927f0e68d0b541694fc254f0ede5d,https://raw.githubusercontent.com/FLCAC-admin/uslci-content/83f722d2c97ca784e3d258ab51ec4f6804625c1f/downloads/uslcy_fy19_q2_01_olca1_8_0_ilcd.zip.zip#ILCD/processes/2b35fcd5-6664-3084-b834-6c1f0b919961.xml,FY19.Q2.01,2026-10-08,retrieved_not_selected
USLCI,2b3fcaef-9b14-3a05-9208-ef23cf7ebdea,00.00.001,"Transport, combination truck, long-haul, diesel powered, Northeast",RNA,2009,"Unit process, black box",686ed1ad-8713-3bb9-9ecc-d8e3832e66d4,1.0,t*km,1,24,24,7e0f6046054438aaa9733eb514b58d6c0480a979ee064fdebbc8fd283349db22,https://raw.githubusercontent.com/FLCAC-admin/uslci-content/83f722d2c97ca784e3d258ab51ec4f6804625c1f/downloads/uslcy_fy19_q2_01_olca1_8_0_ilcd.zip.zip#ILCD/processes/2b3fcaef-9b14-3a05-9208-ef23cf7ebdea.xml,FY19.Q2.01,2026-10-08,retrieved_not_selected
USLCI,2c6df723-416e-3164-a5f1-bb97081fc64f,00.00.001,"Wood fuel, hardwood,gen at flooring prod plant, combusted in industrial boiler, E",RNA,2003,"Unit process, black box",c32b394d-ee04-332c-a310-7b3f17bbb95d,1.0,kg,1,35,35,7f7750bb684822511f43f8e388496ef01c08b241031ba23e7b9909ae4b73d397,https://raw.githubusercontent.com/FLCAC-admin/uslci-content/83f722d2c97ca784e3d258ab51ec4f6804625c1f/downloads/uslcy_fy19_q2_01_olca1_8_0_ilcd.zip.zip#ILCD/processes/2c6df723-416e-3164-a5f1-bb97081fc64f.xml,FY19.Q2.01,2026-10-08,retrieved_not_selected
USLCI,2c79b9d3-e5f9-34a8-990e-b7d6f9e4dd08,00.00.001,"Slack wax, at plant, US SE",RNA,9998,"Unit process, black box",3dd4ac49-3a6e-3886-a04c-b5b95d41b4de,1.0,kg,1,16,16,228d1e64b64bfe1b0b35f7e1992d6e1d603ba675c896c67da027c7d1c94db6ef,https://raw.githubusercontent.com/FLCAC-admin/uslci-content/83f722d2c97ca784e3d258ab51ec4f6804625c1f/downloads/uslcy_fy19_q2_01_olca1_8_0_ilcd.zip.zip#ILCD/processes/2c79b9d3-e5f9-34a8-990e-b7d6f9e4dd08.xml,FY19.Q2.01,2026-10-08,retrieved_not_selected
USLCI,2d27b03c-8760-3c43-b285-4def886a9b46,00.00.001,"Loader operation, large, NE-NC",RNA,2002,"Unit process, black box",f65059cc-1ac7-3a0e-a2e7-c4736dcc6f7e,1.0,d,1,3,3,7c71e3f80dedcc6968b692093a99ab787656ae23a35d6099cb0d987999f65861,https://raw.githubusercontent.com/FLCAC-admin/uslci-content/83f722d2c97ca784e3d258ab51ec4f6804625c1f/downloads/uslcy_fy19_q2_01_olca1_8_0_ilcd.zip.zip#ILCD/processes/2d27b03c-8760-3c43-b285-4def886a9b46.xml,FY19.Q2.01,2026-10-08,retrieved_not_selected
USLCI,2d43bb55-3817-37dc-a7b4-20c3304f07af,00.00.001,"Wood fuel, hardwood, purchased, combusted in industrial boiler, E",RNA,2003,"Unit process, black box",ccf86743-6a0f-39d5-949e-6b2950bae209,1.0,kg,1,36,36,b90cc72d68b03f6024ada5ead3d5d46963303dd1b54bd4f5ba5db0bac67a1eda,https://raw.githubusercontent.com/FLCAC-admin/uslci-content/83f722d2c97ca784e3d258ab51ec4f6804625c1f/downloads/uslcy_fy19_q2_01_olca1_8_0_ilcd.zip.zip#ILCD/processes/2d43bb55-3817-37dc-a7b4-20c3304f07af.xml,FY19.Q2.01,2026-10-08,retrieved_not_selected
USLCI,2d50471f-ae3a-337b-9e53-6ff319e39b55,00.00.001,"E-glass, at plant",US,2010,"Unit process, black box",406c4d5a-ada0-349f-be88-0b9708780f42,1.0,kg,1,34,34,d27a730fdcf9be54008f9627e97fcb2557a5e2680c865b71a86ca33e15faae80,https://raw.githubusercontent.com/FLCAC-admin/uslci-content/83f722d2c97ca784e3d258ab51ec4f6804625c1f/downloads/uslcy_fy19_q2_01_olca1_8_0_ilcd.zip.zip#ILCD/processes/2d50471f-ae3a-337b-9e53-6ff319e39b55.xml,FY19.Q2.01,2026-10-08,retrieved_not_selected
USLCI,2d57ab6d-6b06-32e6-a44b-8ffcd5d94176,00.00.001,"Toluene, at plant",RNA,1991,"Unit process, black box",dc052870-f71b-3775-824c-2936683a57f5,1.0,kg,1,22,22,b710778d0e32c4b0c4031a7f02b2e73dd6a5985162c0012afcb49c854f7873d4,https://raw.githubusercontent.com/FLCAC-admin/uslci-content/83f722d2c97ca784e3d258ab51ec4f6804625c1f/downloads/uslcy_fy19_q2_01_olca1_8_0_ilcd.zip.zip#ILCD/processes/2d57ab6d-6b06-32e6-a44b-8ffcd5d94176.xml,FY19.Q2.01,2026-10-08,retrieved_not_selected
USLCI,2d83b80c-2006-35e6-9c05-532e2c6bc47b,00.00.001,"Electricity, at eGrid, NYLI, 2008",RNA,2007,"Unit process, black box",58fc0915-7310-3d8c-af57-0b1f71e485c3,1.0,MJ,1,8,8,75d7c2cbaf8d4588660e2cdaf5a548f911400ce040d1abccfcad855a9fb17d0c,https://raw.githubusercontent.com/FLCAC-admin/uslci-content/83f722d2c97ca784e3d258ab51ec4f6804625c1f/downloads/uslcy_fy19_q2_01_olca1_8_0_ilcd.zip.zip#ILCD/processes/2d83b80c-2006-35e6-9c05-532e2c6bc47b.xml,FY19.Q2.01,2026-10-08,retrieved_not_selected
USLCI,2dd10864-651b-3b8d-8bd4-4d175fa3a565,00.00.001,"Electricity, at Grid, RFC, 2008",RNA,2007,"Unit process, black box",7eb46ed4-6510-381e-b991-e080c1d5a642,1.0,MJ,1,31,31,ad34baf9e0f0ca411f8567d05323bd28f10e6fe8d3953afe332f8b866728299d,https://raw.githubusercontent.com/FLCAC-admin/uslci-content/83f722d2c97ca784e3d258ab51ec4f6804625c1f/downloads/uslcy_fy19_q2_01_olca1_8_0_ilcd.zip.zip#ILCD/processes/2dd10864-651b-3b8d-8bd4-4d175fa3a565.xml,FY19.Q2.01,2026-10-08,retrieved_not_selected
USLCI,2e14c059-b425-3a39-8647-2b7b329ffad3,00.00.001,"Electricity, at eGrid, ERCT, 2010",RNA,2009,"Unit process, black box",7e065aa9-c8a5-3f6e-9638-69172b664317,1.0,MJ,1,13,13,4d2a4cbec9b7c055cae49bacfc814f7f10bb05889cd9505e803043a18e4d709e,https://raw.githubusercontent.com/FLCAC-admin/uslci-content/83f722d2c97ca784e3d258ab51ec4f6804625c1f/downloads/uslcy_fy19_q2_01_olca1_8_0_ilcd.zip.zip#ILCD/processes/2e14c059-b425-3a39-8647-2b7b329ffad3.xml,FY19.Q2.01,2026-10-08,retrieved_not_selected
USLCI,2e9cfd88-bb2e-36fa-a193-e75c8546e0d7,00.00.001,"Electricity, at Grid, RFC, 2010",RNA,2009,"Unit process, black box",fdd4c760-f729-3d47-b879-0102f856ddea,1.0,MJ,1,16,16,5afa8d0976bcf85d4eac73882a654dbfb281eea4c0d1831dd74d8348a93fb0ad,https://raw.githubusercontent.com/FLCAC-admin/uslci-content/83f722d2c97ca784e3d258ab51ec4f6804625c1f/downloads/uslcy_fy19_q2_01_olca1_8_0_ilcd.zip.zip#ILCD/processes/2e9cfd88-bb2e-36fa-a193-e75c8546e0d7.xml,FY19.Q2.01,2026-10-08,retrieved_not_selected
USLCI,2edb3231-6ac8-3c83-875d-37c41c197e61,00.00.001,"Roundwood, softwood, average, at forest road, NE-NC",RNA,2002,"Unit process, black box",e94f8e0c-ef1a-38a7-af29-a26c283e392a,1.0,m3,1,4,4,ebfd7d7c4c4bc9cd97668fd54425a506074bb35ce839bc985bd817f905fe06a9,https://raw.githubusercontent.com/FLCAC-admin/uslci-content/83f722d2c97ca784e3d258ab51ec4f6804625c1f/downloads/uslcy_fy19_q2_01_olca1_8_0_ilcd.zip.zip#ILCD/processes/2edb3231-6ac8-3c83-875d-37c41c197e61.xml,FY19.Q2.01,2026-10-08,retrieved_not_selected
USLCI,2f115eab-83cd-3f13-89bc-acd5c80f8642,00.00.001,"Transport, single unit truck, long-haul, gasoline powered, Northeast region",RNA,2009,"Unit process, black box",360a474b-7389-333e-b756-fc707a0fb395,1.0,t*km,1,24,24,aa8b8bef2005cae650d7ccdd4419685d1d903b365a4e19369f71bcc0402a9389,https://raw.githubusercontent.com/FLCAC-admin/uslci-content/83f722d2c97ca784e3d258ab51ec4f6804625c1f/downloads/uslcy_fy19_q2_01_olca1_8_0_ilcd.zip.zip#ILCD/processes/2f115eab-83cd-3f13-89bc-acd5c80f8642.xml,FY19.Q2.01,2026-10-08,retrieved_not_selected
USLCI,2fdc10ce-f75d-30d0-b1e7-672af0eb98fe,00.00.001,"Wood fuel, MDF, generated on-site, combusted in industrial boiler",RNA,2003,"Unit process, black box",c2605713-0601-3252-a78d-63d1f9e27936,1.0,kg,1,36,36,50474fa4c4f5c5aa1136316e6375322efb8feb64b2e288d0ff1304f532db1def,https://raw.githubusercontent.com/FLCAC-admin/uslci-content/83f722d2c97ca784e3d258ab51ec4f6804625c1f/downloads/uslcy_fy19_q2_01_olca1_8_0_ilcd.zip.zip#ILCD/processes/2fdc10ce-f75d-30d0-b1e7-672af0eb98fe.xml,FY19.Q2.01,2026-10-08,retrieved_not_selected
USLCI,305caade-c895-33b0-90d7-4641bcf4741e,00.00.001,"Transport, refuse truck, diesel powered, South",RNA,2009,"Unit process, black box",cde299d2-0b5b-3abd-909d-b1e12b09332c,1.0,t*km,1,24,24,d9e52e64ca11c5e701988ad805b41c6048a18a26e6629367b956942909adb13c,https://raw.githubusercontent.com/FLCAC-admin/uslci-content/83f722d2c97ca784e3d258ab51ec4f6804625c1f/downloads/uslcy_fy19_q2_01_olca1_8_0_ilcd.zip.zip#ILCD/processes/305caade-c895-33b0-90d7-4641bcf4741e.xml,FY19.Q2.01,2026-10-08,retrieved_not_selected
USLCI,317adcbc-b3e3-3ec3-80c3-82b18d0f3207,00.00.001,"Bituminous coal, at mine",RNA,1993,"Unit process, black box",55b4aeab-0576-3a9b-b476-b561197ec3f2,1.0,kg,1,15,15,6be6b791b7e081b0d0f739d822e46df73f52977919fca09e99dc66b2fa831463,https://raw.githubusercontent.com/FLCAC-admin/uslci-content/83f722d2c97ca784e3d258ab51ec4f6804625c1f/downloads/uslcy_fy19_q2_01_olca1_8_0_ilcd.zip.zip#ILCD/processes/317adcbc-b3e3-3ec3-80c3-82b18d0f3207.xml,FY19.Q2.01,2026-10-08,retrieved_not_selected
USLCI,31d29142-9e77-3376-84ff-cbe3860ebfd7,00.00.001,"Electricity, at eGrid, SPNO, 2010",RNA,2009,"Unit process, black box",af903949-dcee-3f57-8ab0-ef37d7bdca81,1.0,MJ,1,11,11,5564b0e40d4869134c9e72fccdb4adc346304e6bc004f8dfc7eb352b23a4f462,https://raw.githubusercontent.com/FLCAC-admin/uslci-content/83f722d2c97ca784e3d258ab51ec4f6804625c1f/downloads/uslcy_fy19_q2_01_olca1_8_0_ilcd.zip.zip#ILCD/processes/31d29142-9e77-3376-84ff-cbe3860ebfd7.xml,FY19.Q2.01,2026-10-08,retrieved_not_selected
USLCI,3221bb51-ac5f-36b7-a5c4-d81a5c65ccf0,00.00.001,"Winter wheat straw, carted",RNA,2007,"Unit process, black box",5cc2de60-56a9-31c7-92a7-95eb6bd5c90a,0.476,kg,1,5,5,661605bf03f30939ea3ece9f291cbbfd6906751c8b30fd9306af5c134122e5e5,https://raw.githubusercontent.com/FLCAC-admin/uslci-content/83f722d2c97ca784e3d258ab51ec4f6804625c1f/downloads/uslcy_fy19_q2_01_olca1_8_0_ilcd.zip.zip#ILCD/processes/3221bb51-ac5f-36b7-a5c4-d81a5c65ccf0.xml,FY19.Q2.01,2026-10-08,retrieved_not_selected
USLCI,323a15f8-5c89-3deb-aad5-78133e487bef,00.00.001,"Ethanol, 85%, blended, at service station, 2022",RNA,2021,"Unit process, black box",e3ba395e-fd2f-3668-aee1-311195c02835,1.0,kg,1,6,6,bedd70cab6f94e473f1a979ca54bc2c3c9ae19351a0433cf4ccd1a5cee6114ed,https://raw.githubusercontent.com/FLCAC-admin/uslci-content/83f722d2c97ca784e3d258ab51ec4f6804625c1f/downloads/uslcy_fy19_q2_01_olca1_8_0_ilcd.zip.zip#ILCD/processes/323a15f8-5c89-3deb-aad5-78133e487bef.xml,FY19.Q2.01,2026-10-08,retrieved_not_selected
USLCI,326bcf05-0d02-31b4-ba92-34cf09e61b07,00.00.001,"Electricity, at eGrid, SRSO, 2010",RNA,2009,"Unit process, black box",11f414ef-07c9-3e40-9c55-fc8c6a34e5f3,1.0,MJ,1,15,15,978c45c14566ad406b6c0069dd78f2b889f19e8abd59ad2a54835f5c198e9bcd,https://raw.githubusercontent.com/FLCAC-admin/uslci-content/83f722d2c97ca784e3d258ab51ec4f6804625c1f/downloads/uslcy_fy19_q2_01_olca1_8_0_ilcd.zip.zip#ILCD/processes/326bcf05-0d02-31b4-ba92-34cf09e61b07.xml,FY19.Q2.01,2026-10-08,retrieved_not_selected
USLCI,32a3732b-30c8-3605-8306-ca12599f8e91,00.00.001,"Gasoline, combusted in equipment, at pulp and paper mill (EXCL.)",RNA,1995,"Unit process, black box",a9f20cd5-506f-3e75-b62e-c39872598439,1.0,m3,1,17,17,36b6cbca6a5b5037dec6b07465a693e07685d9a5eed7a7bf53ac8b0ba0edde80,https://raw.githubusercontent.com/FLCAC-admin/uslci-content/83f722d2c97ca784e3d258ab51ec4f6804625c1f/downloads/uslcy_fy19_q2_01_olca1_8_0_ilcd.zip.zip#ILCD/processes/32a3732b-30c8-3605-8306-ca12599f8e91.xml,FY19.Q2.01,2026-10-08,retrieved_not_selected
USLCI,33072bbf-19ee-4ed6-a1eb-b9ad5c4d0d97,00.00.001,"Longwall mining system; Equipment assembly; Production mix, at underground coal mine",US,2007,"Unit process, black box",cbe2bbb2-4102-4b11-bdfd-d38b28033496,1.0,Item(s),1,7,7,847f9076c6df37d6243bbd40ef8f75f031735dde6a77a5d0e9240afbfc6cdfb0,https://raw.githubusercontent.com/FLCAC-admin/uslci-content/83f722d2c97ca784e3d258ab51ec4f6804625c1f/downloads/uslcy_fy19_q2_01_olca1_8_0_ilcd.zip.zip#ILCD/processes/33072bbf-19ee-4ed6-a1eb-b9ad5c4d0d97.xml,FY19.Q2.01,2026-10-08,retrieved_not_selected
USLCI,337a5c11-35d9-358b-8223-e0f4f3d01050,00.00.001,"Chainsawing, hand felling, NE-NC",RNA,2002,"Unit process, black box",5de1c8b3-0866-3541-acc6-7c30812d2e81,1.0,d,1,3,3,1b16408ffad24d84131b31a56ffe1a1faf8db21f7d11cff1bf3f0b1aadb371c8,https://raw.githubusercontent.com/FLCAC-admin/uslci-content/83f722d2c97ca784e3d258ab51ec4f6804625c1f/downloads/uslcy_fy19_q2_01_olca1_8_0_ilcd.zip.zip#ILCD/processes/337a5c11-35d9-358b-8223-e0f4f3d01050.xml,FY19.Q2.01,2026-10-08,retrieved_not_selected
USLCI,338702d3-e953-3dd2-9869-8648f3283e9b,00.00.001,"Site preparation, state or private moist cold softwood forest, steep slope, INW",RNA,1988,"Unit process, black box",73dfc7a0-db62-346b-9e56-3350212c5579,1.0,m2,1,3,3,1976d42e4727487ec214dfb746c778fe288cbcf9568415788657bee91ddc47c7,https://raw.githubusercontent.com/FLCAC-admin/uslci-content/83f722d2c97ca784e3d258ab51ec4f6804625c1f/downloads/uslcy_fy19_q2_01_olca1_8_0_ilcd.zip.zip#ILCD/processes/338702d3-e953-3dd2-9869-8648f3283e9b.xml,FY19.Q2.01,2026-10-08,retrieved_not_selected
USLCI,33f08f48-349e-31f1-b600-aa7e9713ca50,00.00.001,"Ammonia, steam reforming, liquid, at plant",RNA,1972,"Unit process, black box",072a4586-44d6-3428-a15c-8e1e8a0031cc,1.0,kg,1,18,18,64a31fd905897533a9ce84489a2cc0cc21104a06fa4239e36437d4bad4711a8b,https://raw.githubusercontent.com/FLCAC-admin/uslci-content/83f722d2c97ca784e3d258ab51ec4f6804625c1f/downloads/uslcy_fy19_q2_01_olca1_8_0_ilcd.zip.zip#ILCD/processes/33f08f48-349e-31f1-b600-aa7e9713ca50.xml,FY19.Q2.01,2026-10-08,retrieved_not_selected
USLCI,34156f3c-28ef-33db-9ad0-6293a2aa0d52,00.00.001,"Transport, combination truck, diesel powered",RNA,2000,"Unit process, black box",628c07ec-0802-39c1-ab88-1c62848ef436,1.0,t*km,1,10,10,60971b73b601b7ee92918c5a7051e3a0e232cd6c360cf19824828034de919893,https://raw.githubusercontent.com/FLCAC-admin/uslci-content/83f722d2c97ca784e3d258ab51ec4f6804625c1f/downloads/uslcy_fy19_q2_01_olca1_8_0_ilcd.zip.zip#ILCD/processes/34156f3c-28ef-33db-9ad0-6293a2aa0d52.xml,FY19.Q2.01,2026-10-08,retrieved_not_selected
USLCI,3433e67e-014b-3b45-b2c9-5e91c2a1cc51,00.00.002,"Debarking, at plywood plant, US PNW",RNA,1999,"Unit process, black box",70d86b67-6f57-34d8-919d-a0012087913c,0.0598,kg,1,6,6,8c5f820c8adaa563eefd2c691216360ae515e6a402dc0c69e4b874a20520ab16,https://raw.githubusercontent.com/FLCAC-admin/uslci-content/83f722d2c97ca784e3d258ab51ec4f6804625c1f/downloads/uslcy_fy19_q2_01_olca1_8_0_ilcd.zip.zip#ILCD/processes/3433e67e-014b-3b45-b2c9-5e91c2a1cc51.xml,FY19.Q2.01,2026-10-08,retrieved_not_selected
USLCI,34487c89-62dd-3d4e-98dd-06f0c382cc17,00.00.001,"Calcium carbonate, ground, fine treated, 3 micron, at plant",US,2013,"Unit process, black box",3026812e-20e7-3a91-98bb-57ba43ad547b,1.0,kg,1,45,45,3c48e78bc0fb8e6380cc0efffa8a13af2486d71f2cf8b1b819e8eda92ef74b23,https://raw.githubusercontent.com/FLCAC-admin/uslci-content/83f722d2c97ca784e3d258ab51ec4f6804625c1f/downloads/uslcy_fy19_q2_01_olca1_8_0_ilcd.zip.zip#ILCD/processes/34487c89-62dd-3d4e-98dd-06f0c382cc17.xml,FY19.Q2.01,2026-10-08,retrieved_not_selected
USLCI,3455f918-4a43-3b09-b06e-7402c12b8d45,00.00.001,"Wood waste, unspecified, combusted in industrial boiler",RNA,9998,"Unit process, black box",1a76ed77-b97d-3070-85b7-b1f41906cece,1.0,kg,1,35,35,5c200d67c9266066bb47736b0c0d28d1b082488262c371f32d64cb892e93ae7b,https://raw.githubusercontent.com/FLCAC-admin/uslci-content/83f722d2c97ca784e3d258ab51ec4f6804625c1f/downloads/uslcy_fy19_q2_01_olca1_8_0_ilcd.zip.zip#ILCD/processes/3455f918-4a43-3b09-b06e-7402c12b8d45.xml,FY19.Q2.01,2026-10-08,retrieved_not_selected
USLCI,34897ebd-aa3d-347c-91ee-876c3f835fdb,00.00.001,"Steel, stainless 304, scrap",GLO,2009,"Unit process, black box",0178afd7-c74a-3a8f-8f15-d57904d3c377,1.0,kg,1,628,628,fb7969047523d82a22ab7f93b47f3e5b62c3c696fd37fbc870b27b803eb357a1,https://raw.githubusercontent.com/FLCAC-admin/uslci-content/83f722d2c97ca784e3d258ab51ec4f6804625c1f/downloads/uslcy_fy19_q2_01_olca1_8_0_ilcd.zip.zip#ILCD/processes/34897ebd-aa3d-347c-91ee-876c3f835fdb.xml,FY19.Q2.01,2026-10-08,retrieved_not_selected
USLCI,3525fc2c-7317-3436-9eba-b702ba6cfb00,00.00.001,"Roundwood, hardwood, average, Low Intensity Management, NE-NC",RNA,1992,"Unit process, black box",2b91b7a2-457b-314c-b100-5abef149dffe,151.87,m3,1,11,11,743af01fff8e87a4c3f07e56ddd1917a09da572208383cc12ca2f5c4212c8c4b,https://raw.githubusercontent.com/FLCAC-admin/uslci-content/83f722d2c97ca784e3d258ab51ec4f6804625c1f/downloads/uslcy_fy19_q2_01_olca1_8_0_ilcd.zip.zip#ILCD/processes/3525fc2c-7317-3436-9eba-b702ba6cfb00.xml,FY19.Q2.01,2026-10-08,retrieved_not_selected
USLCI,353b477b-8319-3538-b2a4-c771e17424de,00.00.001,"Phenol Resorcinol Formaldehyde resin, neat, 60% solids",RNA,2004,"Unit process, black box",08d86eb7-9bc9-37a5-8700-69cf45f673a8,1.0,kg,1,24,24,8035e35a60bea7c4250fb6e019368da542b5b69cfdb1f5c67d2aa329e3412362,https://raw.githubusercontent.com/FLCAC-admin/uslci-content/83f722d2c97ca784e3d258ab51ec4f6804625c1f/downloads/uslcy_fy19_q2_01_olca1_8_0_ilcd.zip.zip#ILCD/processes/353b477b-8319-3538-b2a4-c771e17424de.xml,FY19.Q2.01,2026-10-08,retrieved_not_selected
USLCI,35a476ea-e49e-3e48-92fb-2134a09a31f2,00.00.001,"Electricity, at eGrid, HIOA, 2008",RNA,2007,"Unit process, black box",75408b61-d310-315d-bde3-8c2fc6f64aea,1.0,MJ,1,11,11,70330302ed19a211e426b37a312151e5fbb809987d4267c8a92da82dd65e3926,https://raw.githubusercontent.com/FLCAC-admin/uslci-content/83f722d2c97ca784e3d258ab51ec4f6804625c1f/downloads/uslcy_fy19_q2_01_olca1_8_0_ilcd.zip.zip#ILCD/processes/35a476ea-e49e-3e48-92fb-2134a09a31f2.xml,FY19.Q2.01,2026-10-08,retrieved_not_selected
USLCI,35bd31d8-b0b1-3da8-a553-df33ccd9e452,00.00.002,"Sawn lumber, hardwood, planed, kiln dried, at planer mill, SE",RNA,2004,"Unit process, black box",dc74c71d-c791-3d74-bc0e-8d7519f5d344,1.0,m3,1,10,10,0c3581af440b5f97c8002cf9190bca077426a705583701430ec5094af55e393a,https://raw.githubusercontent.com/FLCAC-admin/uslci-content/83f722d2c97ca784e3d258ab51ec4f6804625c1f/downloads/uslcy_fy19_q2_01_olca1_8_0_ilcd.zip.zip#ILCD/processes/35bd31d8-b0b1-3da8-a553-df33ccd9e452.xml,FY19.Q2.01,2026-10-08,retrieved_not_selected
USLCI,363e9105-a6ea-356e-a537-06c9facf5b14,00.00.001,"Aniline, at plant",RNA,2002,"Unit process, black box",2293e639-39a3-3cbf-99cc-8cf01797aa99,1.0,kg,1,34,34,6de1c9de6b2a1fc1b516a6041beb3b8a86c064ff8f1e841b82a406af8f92ba0b,https://raw.githubusercontent.com/FLCAC-admin/uslci-content/83f722d2c97ca784e3d258ab51ec4f6804625c1f/downloads/uslcy_fy19_q2_01_olca1_8_0_ilcd.zip.zip#ILCD/processes/363e9105-a6ea-356e-a537-06c9facf5b14.xml,FY19.Q2.01,2026-10-08,retrieved_not_selected
USLCI,37e105da-2559-3d50-a090-b75a18408184,00.00.001,"Roundwood, softwood, green, at mill, INW",RNA,2005,"Unit process, black box",92a5812c-8007-3614-97f8-d3a8f8c3b689,1.0,kg,1,6,6,f6c091661358dbdcddab85716876c1eb5536e07d1aeb77837e3973519cde9b8d,https://raw.githubusercontent.com/FLCAC-admin/uslci-content/83f722d2c97ca784e3d258ab51ec4f6804625c1f/downloads/uslcy_fy19_q2_01_olca1_8_0_ilcd.zip.zip#ILCD/processes/37e105da-2559-3d50-a090-b75a18408184.xml,FY19.Q2.01,2026-10-08,retrieved_not_selected
USLCI,381d3e3d-29ae-3101-a95b-56a4cec08486,00.00.001,"Aluminum, hot rolling, at plant",RNA,2009,"Unit process, black box",dc4d39f5-33ce-3633-8b50-0ebd40aa06cf,1000.0,kg,1,601,601,06a19d3c3ca9c22017ae6e185d80bf2ddd9a4d94e88557bdb613cee18259bae0,https://raw.githubusercontent.com/FLCAC-admin/uslci-content/83f722d2c97ca784e3d258ab51ec4f6804625c1f/downloads/uslcy_fy19_q2_01_olca1_8_0_ilcd.zip.zip#ILCD/processes/381d3e3d-29ae-3101-a95b-56a4cec08486.xml,FY19.Q2.01,2026-10-08,retrieved_not_selected
USLCI,391ccf45-4b61-37e9-a2f2-3e19afc0d4ef,00.00.001,"Enzyme, Alpha-amylase, Novozyme Liquozyme",RER,2003,"Unit process, black box",00b5c8b4-682d-3000-a2df-246e333f6344,1.0,kg,1,9,9,4ab2b6a5909bf2807cce45d19397c4f25c95fea68b7773e0a7f017b9b0415cc1,https://raw.githubusercontent.com/FLCAC-admin/uslci-content/83f722d2c97ca784e3d258ab51ec4f6804625c1f/downloads/uslcy_fy19_q2_01_olca1_8_0_ilcd.zip.zip#ILCD/processes/391ccf45-4b61-37e9-a2f2-3e19afc0d4ef.xml,FY19.Q2.01,2026-10-08,retrieved_not_selected
USLCI,396f5200-0194-30c3-8b5f-96a33bde9c6c,00.00.002,"Heat, drying veneer, hardwood, at veneer mill, E",RNA,2006,"Unit process, black box",b88f08c0-f5b8-3fa8-bdd3-476e04d19ea0,3770.5,MJ,1,8,8,9e7f4aa3548571e1ffb58ff82c10ed82b3752f53bf2e40013f3a465ea7a71b2f,https://raw.githubusercontent.com/FLCAC-admin/uslci-content/83f722d2c97ca784e3d258ab51ec4f6804625c1f/downloads/uslcy_fy19_q2_01_olca1_8_0_ilcd.zip.zip#ILCD/processes/396f5200-0194-30c3-8b5f-96a33bde9c6c.xml,FY19.Q2.01,2026-10-08,retrieved_not_selected
USLCI,39abf743-0b9e-33e3-8752-b418609504f1,00.00.001,"Natural gas, combusted in industrial boiler, at hydrocracker, for butadiene",RNA,1997,"Unit process, black box",61eecbb0-064b-314d-ac7a-2a2d374ccf25,1.0,m3,1,27,27,1c56a4bb7db7b3a77878676ed9420ef691fb604c6024d735643c6ea66c552828,https://raw.githubusercontent.com/FLCAC-admin/uslci-content/83f722d2c97ca784e3d258ab51ec4f6804625c1f/downloads/uslcy_fy19_q2_01_olca1_8_0_ilcd.zip.zip#ILCD/processes/39abf743-0b9e-33e3-8752-b418609504f1.xml,FY19.Q2.01,2026-10-08,retrieved_not_selected
USLCI,39e53764-c1ec-38ff-a539-3af6b4cb44de,00.00.001,"Electricity, at Grid, TRE, 2010",RNA,2009,"Unit process, black box",2ff794f8-8f24-3ccf-8386-686d2c21e1ba,1.0,MJ,1,13,13,55ec3ed86965815d3ed9146c2aae5929c2c084bce70c86587169b2fdc8780975,https://raw.githubusercontent.com/FLCAC-admin/uslci-content/83f722d2c97ca784e3d258ab51ec4f6804625c1f/downloads/uslcy_fy19_q2_01_olca1_8_0_ilcd.zip.zip#ILCD/processes/39e53764-c1ec-38ff-a539-3af6b4cb44de.xml,FY19.Q2.01,2026-10-08,retrieved_not_selected
USLCI,39ed6465-2011-3119-8d81-df93767acb0d,00.00.001,"Transport, refuse truck, diesel powered, West region",RNA,2009,"Unit process, black box",b8031415-563d-3228-a436-26cfc15ca32b,1.0,t*km,1,24,24,541c68bb19e10d1f414d843c3560a64b5e9b545cc9a5bc7c964c569b09d80b0b,https://raw.githubusercontent.com/FLCAC-admin/uslci-content/83f722d2c97ca784e3d258ab51ec4f6804625c1f/downloads/uslcy_fy19_q2_01_olca1_8_0_ilcd.zip.zip#ILCD/processes/39ed6465-2011-3119-8d81-df93767acb0d.xml,FY19.Q2.01,2026-10-08,retrieved_not_selected
USLCI,3a287ab1-de41-3e89-bf5a-be7f3b97281b,00.00.001,"Melamine urea formaldehyde hardener, at plant",RNA,9998,"Unit process, black box",1161a48b-0650-3b74-9c13-09e121281ed8,1.0,kg,1,35,35,43011a55f51f3e2b793f1337d602fa4bdc408a67cda9e46a12b5175ff10818e8,https://raw.githubusercontent.com/FLCAC-admin/uslci-content/83f722d2c97ca784e3d258ab51ec4f6804625c1f/downloads/uslcy_fy19_q2_01_olca1_8_0_ilcd.zip.zip#ILCD/processes/3a287ab1-de41-3e89-bf5a-be7f3b97281b.xml,FY19.Q2.01,2026-10-08,retrieved_not_selected
USLCI,3a98c0e1-2ba4-33f1-8d88-35b7f92af534,00.00.001,"Wood fuel, softwood, purchased, combusted in industrial boiler, NE-NC",RNA,2003,"Unit process, black box",eb188759-a3a8-35f9-8827-bccffc0a68eb,1.0,kg,1,36,36,074d6dbdc16bbec49408a77cd1a2104ebb0fc4cf54011daf66602a060c04371e,https://raw.githubusercontent.com/FLCAC-admin/uslci-content/83f722d2c97ca784e3d258ab51ec4f6804625c1f/downloads/uslcy_fy19_q2_01_olca1_8_0_ilcd.zip.zip#ILCD/processes/3a98c0e1-2ba4-33f1-8d88-35b7f92af534.xml,FY19.Q2.01,2026-10-08,retrieved_not_selected
USLCI,3ab17655-0bcd-32ec-ad90-0225568b23c3,00.00.001,"Skidding, grapple skidder, >140 HP",RNA,2002,"Unit process, black box",e901509a-1575-334e-83a6-703276d9248e,1.0,d,1,3,3,a45b3bfe3d09f2587e1111f1e183536a9128547c8dce140da07aabf12716db88,https://raw.githubusercontent.com/FLCAC-admin/uslci-content/83f722d2c97ca784e3d258ab51ec4f6804625c1f/downloads/uslcy_fy19_q2_01_olca1_8_0_ilcd.zip.zip#ILCD/processes/3ab17655-0bcd-32ec-ad90-0225568b23c3.xml,FY19.Q2.01,2026-10-08,retrieved_not_selected
USLCI,3b1cd62b-7788-3096-8b6e-9cb6cdc359f2,00.00.002,"Engineered flooring, hardwood, unfinished, E",RNA,2006,"Unit process, black box",765ec5e3-20b0-3d0d-8d3f-75f42b37efc6,1.0,m3,1,11,11,a36962084bca4711522e7462a017eafcf9c8b3b5aa766802ff882318f9011a38,https://raw.githubusercontent.com/FLCAC-admin/uslci-content/83f722d2c97ca784e3d258ab51ec4f6804625c1f/downloads/uslcy_fy19_q2_01_olca1_8_0_ilcd.zip.zip#ILCD/processes/3b1cd62b-7788-3096-8b6e-9cb6cdc359f2.xml,FY19.Q2.01,2026-10-08,retrieved_not_selected
USLCI,3b8f9374-31f3-3e8b-9149-062f8f6511f0,00.00.002,"Composite wood I-joist processing, at plant, US PNW",RNA,1999,"Unit process, black box",f40be501-9f1c-3158-8f6a-082cb19b8bd2,1.0,kg,1,15,15,2731ec634ac4ef56231d18ac1a854fca5dd8c8700c939a45b010b386095471c4,https://raw.githubusercontent.com/FLCAC-admin/uslci-content/83f722d2c97ca784e3d258ab51ec4f6804625c1f/downloads/uslcy_fy19_q2_01_olca1_8_0_ilcd.zip.zip#ILCD/processes/3b8f9374-31f3-3e8b-9149-062f8f6511f0.xml,FY19.Q2.01,2026-10-08,retrieved_not_selected
USLCI,3c044349-dcb5-310b-94df-d01e28b33a45,00.00.001,"Electricity, at Grid, FRCC, 2008",RNA,2007,"Unit process, black box",825ff2f7-ae6b-307f-8124-52bc04f6d2ba,1.0,MJ,1,22,22,e0c7cdf976282a15c58d295ef0f3ff304a99fa654fb863b6ef712743e92fe95c,https://raw.githubusercontent.com/FLCAC-admin/uslci-content/83f722d2c97ca784e3d258ab51ec4f6804625c1f/downloads/uslcy_fy19_q2_01_olca1_8_0_ilcd.zip.zip#ILCD/processes/3c044349-dcb5-310b-94df-d01e28b33a45.xml,FY19.Q2.01,2026-10-08,retrieved_not_selected
USLCI,3c2655c9-bc5c-35cb-a7be-d6834a46a425,00.00.001,"Electricity, at Grid, NPCC, 2010",RNA,2009,"Unit process, black box",487e702e-00d5-3689-aab5-abddf30f31e3,1.0,MJ,1,16,16,98740c141ad44e0c689398dea970516c2965d9785e0ffbace991a4b8548c9964,https://raw.githubusercontent.com/FLCAC-admin/uslci-content/83f722d2c97ca784e3d258ab51ec4f6804625c1f/downloads/uslcy_fy19_q2_01_olca1_8_0_ilcd.zip.zip#ILCD/processes/3c2655c9-bc5c-35cb-a7be-d6834a46a425.xml,FY19.Q2.01,2026-10-08,retrieved_not_selected
USLCI,3ca2d4df-c3d1-320a-a25d-5498ae069a6c,00.00.001,"Fuels, burned at coated mechanical paper, average production, at mill",RNA,2005,"Unit process, black box",632b1fc8-e674-3717-8407-9088e8857281,10691.0,MJ,1,66,66,05d79ba324b3647ebd867279ef088775b40a4cbd4423ed0031f8654446a7c9da,https://raw.githubusercontent.com/FLCAC-admin/uslci-content/83f722d2c97ca784e3d258ab51ec4f6804625c1f/downloads/uslcy_fy19_q2_01_olca1_8_0_ilcd.zip.zip#ILCD/processes/3ca2d4df-c3d1-320a-a25d-5498ae069a6c.xml,FY19.Q2.01,2026-10-08,retrieved_not_selected
USLCI,3cfa52ac-c3d6-3ce2-b8f4-211bf63d7088,00.00.001,"Spring wheat straw, ground and stored, 2022",RNA,2007,"Unit process, black box",c2974ad6-41e4-3222-990a-2fe51d5ba682,1.0,kg,1,14,14,3bff0c8708b135111ec98883a2e798bad9f28a50ddd9fe34d91ad557260c2991,https://raw.githubusercontent.com/FLCAC-admin/uslci-content/83f722d2c97ca784e3d258ab51ec4f6804625c1f/downloads/uslcy_fy19_q2_01_olca1_8_0_ilcd.zip.zip#ILCD/processes/3cfa52ac-c3d6-3ce2-b8f4-211bf63d7088.xml,FY19.Q2.01,2026-10-08,retrieved_not_selected
USLCI,3d53c055-f03b-381f-966e-6d61abbe88a0,00.00.001,"Aluminum, secondary, ingot, from automotive scrap, at plant",RNA,1997,"Unit process, black box",90c60c75-922b-392d-8f83-072da6aabf41,1.0,kg,1,25,25,d3afa4ad084fbf38f0f609352242e8e6325439636746b56115ce1e958dc1ab1a,https://raw.githubusercontent.com/FLCAC-admin/uslci-content/83f722d2c97ca784e3d258ab51ec4f6804625c1f/downloads/uslcy_fy19_q2_01_olca1_8_0_ilcd.zip.zip#ILCD/processes/3d53c055-f03b-381f-966e-6d61abbe88a0.xml,FY19.Q2.01,2026-10-08,retrieved_not_selected
USLCI,3dd59224-ecba-3fb1-a2c9-9c01947b08b1,00.00.001,"Enzyme, Cellulase, Novozyme Celluclast",RER,2003,"Unit process, black box",644ee222-fe19-3f61-a4ed-5258d34ff2eb,1.0,kg,1,9,9,381b20277978917150dab8cf4f205f45186ecfffe20beceea404c1aa8a26dd10,https://raw.githubusercontent.com/FLCAC-admin/uslci-content/83f722d2c97ca784e3d258ab51ec4f6804625c1f/downloads/uslcy_fy19_q2_01_olca1_8_0_ilcd.zip.zip#ILCD/processes/3dd59224-ecba-3fb1-a2c9-9c01947b08b1.xml,FY19.Q2.01,2026-10-08,retrieved_not_selected
USLCI,3f888c9f-35e2-3162-bc14-49700cff888c,00.00.001,"Aluminum, secondary, rolled",RNA,1997,"Unit process, black box",09744a4a-5791-3218-afef-bc6ad0253d67,1.0,kg,1,28,28,f043ec06b75141b2b85db6582dc29aba24f8c2d0702b20d2f6f71cb580d8c446,https://raw.githubusercontent.com/FLCAC-admin/uslci-content/83f722d2c97ca784e3d258ab51ec4f6804625c1f/downloads/uslcy_fy19_q2_01_olca1_8_0_ilcd.zip.zip#ILCD/processes/3f888c9f-35e2-3162-bc14-49700cff888c.xml,FY19.Q2.01,2026-10-08,retrieved_not_selected
USLCI,3fa61250-2a76-30f5-aa5e-267f99ca3ee5,00.00.001,"Paper, mechanical, coated, average production, at mill",RNA,2005,"Unit process, black box",7c08fe4d-f534-3bca-94fb-ed2b3e48e142,861.83,kg,1,103,103,b5850278d37da1876704f77563b1d04d3eea1202ed8227bea3ed355a3f8577f8,https://raw.githubusercontent.com/FLCAC-admin/uslci-content/83f722d2c97ca784e3d258ab51ec4f6804625c1f/downloads/uslcy_fy19_q2_01_olca1_8_0_ilcd.zip.zip#ILCD/processes/3fa61250-2a76-30f5-aa5e-267f99ca3ee5.xml,FY19.Q2.01,2026-10-08,retrieved_not_selected
USLCI,3ffdd525-d623-363f-8876-1999b0f5130f,00.00.001,"Cotton, whole plant, at field",RNA,1996,"Unit process, black box",8517bbb8-f754-3ad5-bace-edaa0743b9ff,4.5,kg,1,89,89,8ac1247e3e7e79b5b5c930331eeb7ef0ff4d41ccc8b87a29033670bfaddc88c7,https://raw.githubusercontent.com/FLCAC-admin/uslci-content/83f722d2c97ca784e3d258ab51ec4f6804625c1f/downloads/uslcy_fy19_q2_01_olca1_8_0_ilcd.zip.zip#ILCD/processes/3ffdd525-d623-363f-8876-1999b0f5130f.xml,FY19.Q2.01,2026-10-08,retrieved_not_selected
USLCI,4003dd6e-cf85-3ff0-9f96-ebe38a304669,00.00.001,"Reforesting, medium intensity site, US PNW",RNA,9998,"Unit process, black box",516ae4b4-c944-3ecf-8406-35dd9f4dd059,1.0,m2,1,5,5,f5ba036c56d06c3727970a34d5fdd17df062eb2fcb2465144979cbd230bce502,https://raw.githubusercontent.com/FLCAC-admin/uslci-content/83f722d2c97ca784e3d258ab51ec4f6804625c1f/downloads/uslcy_fy19_q2_01_olca1_8_0_ilcd.zip.zip#ILCD/processes/4003dd6e-cf85-3ff0-9f96-ebe38a304669.xml,FY19.Q2.01,2026-10-08,retrieved_not_selected
USLCI,401862df-2017-386b-807e-5892047e02be,00.00.001,"Phenol resorcinol formaldehyde resin, at plant",RNA,9998,"Unit process, black box",00b08f68-2fb1-3f4f-bef3-e6f3f4d70de3,1.0,kg,1,48,48,82431706b2e707d0c909df05bc6612d0d78664dec24042ed47cb29a54cf4146b,https://raw.githubusercontent.com/FLCAC-admin/uslci-content/83f722d2c97ca784e3d258ab51ec4f6804625c1f/downloads/uslcy_fy19_q2_01_olca1_8_0_ilcd.zip.zip#ILCD/processes/401862df-2017-386b-807e-5892047e02be.xml,FY19.Q2.01,2026-10-08,retrieved_not_selected
USLCI,41c595b2-230b-3303-ac12-e059acd6312f,00.00.001,"Fuels, burned at bleached kraft market pulp mill, average production, at mill",RNA,2005,"Unit process, black box",0890c0a7-d074-3730-822f-d7895d64b8c7,10867.0,MJ,1,67,67,98392d0bfa6356428874654dc03d9046d55d32f869886808198104d2103ebee5,https://raw.githubusercontent.com/FLCAC-admin/uslci-content/83f722d2c97ca784e3d258ab51ec4f6804625c1f/downloads/uslcy_fy19_q2_01_olca1_8_0_ilcd.zip.zip#ILCD/processes/41c595b2-230b-3303-ac12-e059acd6312f.xml,FY19.Q2.01,2026-10-08,retrieved_not_selected
USLCI,41c80922-054f-3534-8c76-6bdd341b0038,00.00.001,"Softwood logs with bark, harvested at high intensity site, at mill, US PNW",RNA,2002,"Unit process, black box",a1e0971c-9275-3f1b-a205-18357c20ab6f,1.0,m3,1,5,5,cffb2a2912be389d56a8dd652ae2d161853f250eaf43903bea279d673c23bde4,https://raw.githubusercontent.com/FLCAC-admin/uslci-content/83f722d2c97ca784e3d258ab51ec4f6804625c1f/downloads/uslcy_fy19_q2_01_olca1_8_0_ilcd.zip.zip#ILCD/processes/41c80922-054f-3534-8c76-6bdd341b0038.xml,FY19.Q2.01,2026-10-08,retrieved_not_selected
USLCI,41ecdfe1-8026-3373-96c4-ee1921f2525c,00.00.001,"Galvanized steel coil, coated, at plant",RNA,2013,"Unit process, black box",55725953-49d5-3d31-97ab-40077034f62d,5.8256312303985,kg,1,4,4,95ec1a2a4a6f5d3c831db93f0c889217491183a690292ade2865d87d3f621198,https://raw.githubusercontent.com/FLCAC-admin/uslci-content/83f722d2c97ca784e3d258ab51ec4f6804625c1f/downloads/uslcy_fy19_q2_01_olca1_8_0_ilcd.zip.zip#ILCD/processes/41ecdfe1-8026-3373-96c4-ee1921f2525c.xml,FY19.Q2.01,2026-10-08,retrieved_not_selected
USLCI,424444d2-67d5-3052-a42e-dde74b5dad37,00.00.002,"Trim and saw process, at plywood plant, US PNW",RNA,1999,"Unit process, black box",ea72f92a-274c-380d-834a-01752bd795e7,1.0,kg,1,8,8,b4a68d4a04305a19a87e0918b34da6bde1d0b1b557d9f80dec7c41385ca2ed4a,https://raw.githubusercontent.com/FLCAC-admin/uslci-content/83f722d2c97ca784e3d258ab51ec4f6804625c1f/downloads/uslcy_fy19_q2_01_olca1_8_0_ilcd.zip.zip#ILCD/processes/424444d2-67d5-3052-a42e-dde74b5dad37.xml,FY19.Q2.01,2026-10-08,retrieved_not_selected
USLCI,426fb3f3-87cb-38a1-b4dd-9da869db0067,00.00.001,"Scanner, department, i5800",GLO,2003,"Unit process, black box",eeb535fb-9ac1-3db7-bad5-50a7c0aa884a,1.0,Item(s),1,35,35,4f2667c77a83e2333d01d6117a1914c6b73a81719dbfff992085516641c2aabc,https://raw.githubusercontent.com/FLCAC-admin/uslci-content/83f722d2c97ca784e3d258ab51ec4f6804625c1f/downloads/uslcy_fy19_q2_01_olca1_8_0_ilcd.zip.zip#ILCD/processes/426fb3f3-87cb-38a1-b4dd-9da869db0067.xml,FY19.Q2.01,2026-10-08,retrieved_not_selected
USLCI,428e0fa8-88bc-3c04-b793-179db3a02f66,00.00.001,"Transport, single unit truck, long-haul, gasoline powered, East North Central",RNA,2009,"Unit process, black box",cf7a7ade-2e61-3c3e-973f-8426db65f4cf,1.0,t*km,1,24,24,0d9d6400aee69b4b15e6190d8d5d6b004e556a0648f99b844960afd2671dfd43,https://raw.githubusercontent.com/FLCAC-admin/uslci-content/83f722d2c97ca784e3d258ab51ec4f6804625c1f/downloads/uslcy_fy19_q2_01_olca1_8_0_ilcd.zip.zip#ILCD/processes/428e0fa8-88bc-3c04-b793-179db3a02f66.xml,FY19.Q2.01,2026-10-08,retrieved_not_selected
USLCI,42b327de-ca61-3440-9f87-1a9dd6343993,00.00.001,"Site preparation, state or private dry softwood forest, gentle slope, INW",RNA,1988,"Unit process, black box",a0700dec-7a7b-34db-b23a-81fe018423a8,1.0,m2,1,3,3,783a884376ca470ef1e92583221d95e9ad56713172ab466b7acf3f11b2f51954,https://raw.githubusercontent.com/FLCAC-admin/uslci-content/83f722d2c97ca784e3d258ab51ec4f6804625c1f/downloads/uslcy_fy19_q2_01_olca1_8_0_ilcd.zip.zip#ILCD/processes/42b327de-ca61-3440-9f87-1a9dd6343993.xml,FY19.Q2.01,2026-10-08,retrieved_not_selected
USLCI,43dc823c-09c5-34c3-ae26-a4bc4bcbc751,00.00.001,"Poles, softwood, PCP treated",RNA,2004,"Unit process, black box",3f3441c3-ae50-31a6-a846-3b1a6108f0b7,1.0,m3,1,40,40,b48f556ba0e5fe3f2ccb1eab079cc4d0fb262a3ab3b72f09b70aee2ca5220058,https://raw.githubusercontent.com/FLCAC-admin/uslci-content/83f722d2c97ca784e3d258ab51ec4f6804625c1f/downloads/uslcy_fy19_q2_01_olca1_8_0_ilcd.zip.zip#ILCD/processes/43dc823c-09c5-34c3-ae26-a4bc4bcbc751.xml,FY19.Q2.01,2026-10-08,retrieved_not_selected
USLCI,43ec3512-f8e1-3fba-84ea-5db46f154cd4,00.00.001,"Transport, single unit truck, long-haul, gasoline powered, Southeast",RNA,2009,"Unit process, black box",82d14740-0fec-3a35-9b53-0a7dd76f2f7e,1.0,t*km,1,24,24,72b13868659e838f14471b493eaf1db0b1514b21bf749ae7b3217f60e3b877fc,https://raw.githubusercontent.com/FLCAC-admin/uslci-content/83f722d2c97ca784e3d258ab51ec4f6804625c1f/downloads/uslcy_fy19_q2_01_olca1_8_0_ilcd.zip.zip#ILCD/processes/43ec3512-f8e1-3fba-84ea-5db46f154cd4.xml,FY19.Q2.01,2026-10-08,retrieved_not_selected
USLCI,441443ec-84df-332a-b09a-afaf0b23bc4e,00.00.001,"Electricity, at eGrid, SRTV, 2010",RNA,2009,"Unit process, black box",4e713ba5-c5af-322d-9b89-d91e657de1b5,1.0,MJ,1,14,14,d76da29df8b67adaa22cd7ef43903e8a2433436cb3662017da8577569d2b4f68,https://raw.githubusercontent.com/FLCAC-admin/uslci-content/83f722d2c97ca784e3d258ab51ec4f6804625c1f/downloads/uslcy_fy19_q2_01_olca1_8_0_ilcd.zip.zip#ILCD/processes/441443ec-84df-332a-b09a-afaf0b23bc4e.xml,FY19.Q2.01,2026-10-08,retrieved_not_selected
USLCI,44757f0f-dde7-3b14-a8ac-a017ee01808e,00.00.001,"Transport, single unit truck, short-haul, diesel powered, Southeast",RNA,2009,"Unit process, black box",9391ff08-0e1c-3401-87a9-7dd8ffb87fd4,1.0,t*km,1,24,24,8414fa56e29b87c7d14d7be0562a5e4d37679bf7b61fde89011f4478894470b5,https://raw.githubusercontent.com/FLCAC-admin/uslci-content/83f722d2c97ca784e3d258ab51ec4f6804625c1f/downloads/uslcy_fy19_q2_01_olca1_8_0_ilcd.zip.zip#ILCD/processes/44757f0f-dde7-3b14-a8ac-a017ee01808e.xml,FY19.Q2.01,2026-10-08,retrieved_not_selected
USLCI,44a82a4a-95fd-3c31-9829-cf0763dd3a93,00.00.001,"Polyol ether, for flexible foam polyurethane production, at plant, CTR",RNA,2002,"Unit process, black box",31acefd1-bc9d-3a41-9e87-7feea920ebe4,0.1861,MJ,1,243,243,d0b1e98c9c0a5799aefb189cf3763b83105e4c24851a465fc6a003d2c08c8834,https://raw.githubusercontent.com/FLCAC-admin/uslci-content/83f722d2c97ca784e3d258ab51ec4f6804625c1f/downloads/uslcy_fy19_q2_01_olca1_8_0_ilcd.zip.zip#ILCD/processes/44a82a4a-95fd-3c31-9829-cf0763dd3a93.xml,FY19.Q2.01,2026-10-08,retrieved_not_selected
USLCI,44bcc72b-3c48-3918-973f-ea2e0b43c4b4,00.00.001,"Electricity, at Grid, HICC, 2010",RNA,2009,"Unit process, black box",13213796-0b04-315e-b114-22b74188466a,1.0,MJ,1,12,12,196d76f7ff4c6705eaa3f006a24ba5460aadce02cd823efa9853a630305cd678,https://raw.githubusercontent.com/FLCAC-admin/uslci-content/83f722d2c97ca784e3d258ab51ec4f6804625c1f/downloads/uslcy_fy19_q2_01_olca1_8_0_ilcd.zip.zip#ILCD/processes/44bcc72b-3c48-3918-973f-ea2e0b43c4b4.xml,FY19.Q2.01,2026-10-08,retrieved_not_selected
USLCI,455aaab0-af29-3bcf-8316-5aed18d9b7c2,00.00.001,"Conditioned log, at plywood plant, US PNW",RNA,1999,"Unit process, black box",361b85cc-3b28-3055-a081-62921e2ab619,1.0,kg,1,6,6,9784356a3a3f179f9c506fc808ce68b57f95b630054635c2969ddbe6d674abd7,https://raw.githubusercontent.com/FLCAC-admin/uslci-content/83f722d2c97ca784e3d258ab51ec4f6804625c1f/downloads/uslcy_fy19_q2_01_olca1_8_0_ilcd.zip.zip#ILCD/processes/455aaab0-af29-3bcf-8316-5aed18d9b7c2.xml,FY19.Q2.01,2026-10-08,retrieved_not_selected
USLCI,4560367f-14b4-3dff-a0eb-52e9d22d37cc,00.00.001,"Electricity, at Grid, NPCC, 2008",RNA,2007,"Unit process, black box",be0e2b02-a421-3e8f-86f4-591cc8146d9f,1.0,MJ,1,27,27,39ee72f04889c16312506f3942b0b3a9076269f551ac210e014616b157ba939d,https://raw.githubusercontent.com/FLCAC-admin/uslci-content/83f722d2c97ca784e3d258ab51ec4f6804625c1f/downloads/uslcy_fy19_q2_01_olca1_8_0_ilcd.zip.zip#ILCD/processes/4560367f-14b4-3dff-a0eb-52e9d22d37cc.xml,FY19.Q2.01,2026-10-08,retrieved_not_selected
USLCI,45b70b50-20a0-341b-8e2f-c196974d1541,00.00.001,"Transport, single unit truck, diesel powered",RNA,2000,"Unit process, black box",bbcd8095-e1d5-3762-aa08-3efc8d1d2ec4,1.0,t*km,1,10,10,ecab348bba43bdae4404f2ec63f38218ec1ee49e111e21bea3f6fbfb44d3d28e,https://raw.githubusercontent.com/FLCAC-admin/uslci-content/83f722d2c97ca784e3d258ab51ec4f6804625c1f/downloads/uslcy_fy19_q2_01_olca1_8_0_ilcd.zip.zip#ILCD/processes/45b70b50-20a0-341b-8e2f-c196974d1541.xml,FY19.Q2.01,2026-10-08,retrieved_not_selected
USLCI,463d05c9-8c19-3030-8b9f-380c098f5116,00.00.001,"Transport, combination truck, gasoline powered",RNA,2000,"Unit process, black box",9b20d581-cc62-3313-9412-0855be3ee7c2,1.0,t*km,1,10,10,c7c956bf1b5f88758a2512781aed87e2b4ba7095c537921468130e30cf33af9e,https://raw.githubusercontent.com/FLCAC-admin/uslci-content/83f722d2c97ca784e3d258ab51ec4f6804625c1f/downloads/uslcy_fy19_q2_01_olca1_8_0_ilcd.zip.zip#ILCD/processes/463d05c9-8c19-3030-8b9f-380c098f5116.xml,FY19.Q2.01,2026-10-08,retrieved_not_selected
USLCI,465aca90-3640-3851-a864-01b1c1b247d0,00.00.001,"Transport, school bus, diesel powered, Northwest",RNA,2009,"Unit process, black box",1afc4964-b63e-34b6-adf1-041c97789073,1.0,p*km,1,24,24,40e8809aba455a3a789f096d9474b006f9b9940920c792f458240742afcb019f,https://raw.githubusercontent.com/FLCAC-admin/uslci-content/83f722d2c97ca784e3d258ab51ec4f6804625c1f/downloads/uslcy_fy19_q2_01_olca1_8_0_ilcd.zip.zip#ILCD/processes/465aca90-3640-3851-a864-01b1c1b247d0.xml,FY19.Q2.01,2026-10-08,retrieved_not_selected
USLCI,479b53e0-11f5-3e27-8b8b-a12493c8064f,00.00.001,"Electricity, at eGrid, AZNM, 2008",RNA,2007,"Unit process, black box",28b04d87-e257-3378-b0ed-9ad5162bc878,1.0,MJ,1,15,15,c317e0aac3f51a25d987fb1621ed7d52e53ed3faec86db3d12e03f7286f591f3,https://raw.githubusercontent.com/FLCAC-admin/uslci-content/83f722d2c97ca784e3d258ab51ec4f6804625c1f/downloads/uslcy_fy19_q2_01_olca1_8_0_ilcd.zip.zip#ILCD/processes/479b53e0-11f5-3e27-8b8b-a12493c8064f.xml,FY19.Q2.01,2026-10-08,retrieved_not_selected
USLCI,4805457e-a1c3-36c4-a526-b2a26779155c,00.00.001,"Transport, school bus, diesel powered, Northeast",RNA,2009,"Unit process, black box",804085ba-c123-3d09-9c11-569a8319b430,1.0,p*km,1,24,24,ac1ea166520f400956d85bf9d0a820c3717b5d08f7cb57ba527fec24040dcd02,https://raw.githubusercontent.com/FLCAC-admin/uslci-content/83f722d2c97ca784e3d258ab51ec4f6804625c1f/downloads/uslcy_fy19_q2_01_olca1_8_0_ilcd.zip.zip#ILCD/processes/4805457e-a1c3-36c4-a526-b2a26779155c.xml,FY19.Q2.01,2026-10-08,retrieved_not_selected
USLCI,489c875b-7e8d-3cd7-a9ef-82f71a8bdb69,00.00.001,"Transport, light commercial truck, gasoline powered, Hawaii",RNA,2009,"Unit process, black box",e09f26ce-bff2-326c-9c07-5ee0e37f7100,1.0,t*km,1,24,24,ce036aed2f2b1dbd09425edc2daf11840bdf03dff1b5ea97f6b8ebe3be128ced,https://raw.githubusercontent.com/FLCAC-admin/uslci-content/83f722d2c97ca784e3d258ab51ec4f6804625c1f/downloads/uslcy_fy19_q2_01_olca1_8_0_ilcd.zip.zip#ILCD/processes/489c875b-7e8d-3cd7-a9ef-82f71a8bdb69.xml,FY19.Q2.01,2026-10-08,retrieved_not_selected
USLCI,48be22f1-e30c-3e4a-8832-a9c5ed32350b,00.00.001,"Calcium carbonate, ground, fine slurry, 3 micron, at plant",US,2013,"Unit process, black box",73813ba0-6ce1-3516-8bc1-0a802c002f2a,1.0,kg,1,41,41,c255b32f0a81c8550cd842310335958bef9a77bf65260f86ba752fdbd1b9a012,https://raw.githubusercontent.com/FLCAC-admin/uslci-content/83f722d2c97ca784e3d258ab51ec4f6804625c1f/downloads/uslcy_fy19_q2_01_olca1_8_0_ilcd.zip.zip#ILCD/processes/48be22f1-e30c-3e4a-8832-a9c5ed32350b.xml,FY19.Q2.01,2026-10-08,retrieved_not_selected
USLCI,49e563d8-0cea-3f97-96b8-15787be48b91,00.00.001,"Limestone, at mine",RNA,1991,"Unit process, black box",8fe57bef-7504-3270-8dbd-13c0df6ddaac,1.0,kg,1,8,8,b7b1d57e8740e205d1f2b77f5be60b5dabbc5623292d5b009a21d0d3f97eb3df,https://raw.githubusercontent.com/FLCAC-admin/uslci-content/83f722d2c97ca784e3d258ab51ec4f6804625c1f/downloads/uslcy_fy19_q2_01_olca1_8_0_ilcd.zip.zip#ILCD/processes/49e563d8-0cea-3f97-96b8-15787be48b91.xml,FY19.Q2.01,2026-10-08,retrieved_not_selected
USLCI,49ecf1ea-a971-3332-9c6a-9f8d1153d62e,00.00.001,"Transport, single unit truck, long-haul, gasoline powered, Southwest",RNA,2009,"Unit process, black box",2ce120a3-e336-3977-abc5-433a6b79130f,1.0,t*km,1,24,24,ff40799f4afb9e1b9ed47d3fdaa70a62dca61eefc608e75b13d8beb41a502d5f,https://raw.githubusercontent.com/FLCAC-admin/uslci-content/83f722d2c97ca784e3d258ab51ec4f6804625c1f/downloads/uslcy_fy19_q2_01_olca1_8_0_ilcd.zip.zip#ILCD/processes/49ecf1ea-a971-3332-9c6a-9f8d1153d62e.xml,FY19.Q2.01,2026-10-08,retrieved_not_selected
USLCI,49f5324b-fc33-36e9-b5af-3c80d73492bd,00.00.001,"Steel, stainless 304, flat rolled coil",RNA,2007,"Unit process, black box",3f2fed05-f530-32e9-b0f9-0dcb5280aa9d,1.0,kg,1,631,631,5c7189ac4c2539d29e26a3949ac7dcf7c5c1066a2997dc3a20aa7db91c137a2b,https://raw.githubusercontent.com/FLCAC-admin/uslci-content/83f722d2c97ca784e3d258ab51ec4f6804625c1f/downloads/uslcy_fy19_q2_01_olca1_8_0_ilcd.zip.zip#ILCD/processes/49f5324b-fc33-36e9-b5af-3c80d73492bd.xml,FY19.Q2.01,2026-10-08,retrieved_not_selected
USLCI,4a3c05d5-e252-3aa7-8e22-1852933b7615,00.00.001,"Softwood logs with bark, harvested at low intensity site, at mill, US PNW",RNA,2002,"Unit process, black box",7537385e-93ba-3974-a1cb-a06382154155,1.0,m3,1,5,5,23699bad6de4e83ad93c0a9768fb3a9dac1fa35633e5ba9a86d683e9d53f1f8a,https://raw.githubusercontent.com/FLCAC-admin/uslci-content/83f722d2c97ca784e3d258ab51ec4f6804625c1f/downloads/uslcy_fy19_q2_01_olca1_8_0_ilcd.zip.zip#ILCD/processes/4a3c05d5-e252-3aa7-8e22-1852933b7615.xml,FY19.Q2.01,2026-10-08,retrieved_not_selected
USLCI,4a42fda8-640a-3152-9741-f64c558be34d,00.00.002,"Roundwood, hardwood, green, at logyard, SE",RNA,2004,"Unit process, black box",86313deb-8b04-3f3e-b983-2b9896a410a6,1.0,m3,1,10,10,c387770bef2b5ab6f4edf2eea71d5378e7951c39b2974db7ccd95083395d2c0e,https://raw.githubusercontent.com/FLCAC-admin/uslci-content/83f722d2c97ca784e3d258ab51ec4f6804625c1f/downloads/uslcy_fy19_q2_01_olca1_8_0_ilcd.zip.zip#ILCD/processes/4a42fda8-640a-3152-9741-f64c558be34d.xml,FY19.Q2.01,2026-10-08,retrieved_not_selected
USLCI,4a8e5076-be9b-37a6-8cc1-70ef1c80fce3,00.00.001,"Pulpwood, softwood, average, at forest road, INW",RNA,1988,"Unit process, black box",a75c0045-05c6-3d81-8894-607c5e9d2f74,1.0,m3,1,4,4,ee44b23c5c8dd43efb9863b91d0ef26daf5cd549f8ecd2af89f0ecdf2c078f10,https://raw.githubusercontent.com/FLCAC-admin/uslci-content/83f722d2c97ca784e3d258ab51ec4f6804625c1f/downloads/uslcy_fy19_q2_01_olca1_8_0_ilcd.zip.zip#ILCD/processes/4a8e5076-be9b-37a6-8cc1-70ef1c80fce3.xml,FY19.Q2.01,2026-10-08,retrieved_not_selected
USLCI,4b01543f-29f1-3797-a8d7-5957d97a7fd3,00.00.001,"Methylene diphenyl diisocyanate resin, at plant, US SE",RNA,9998,"Unit process, black box",90203b24-a98a-30f4-9530-8dc988da41e4,1.0,kg,1,34,34,19a2299223236595e67dd34b69f6fb4fa3404a383bcb1e02c84aa054bde0f7d6,https://raw.githubusercontent.com/FLCAC-admin/uslci-content/83f722d2c97ca784e3d258ab51ec4f6804625c1f/downloads/uslcy_fy19_q2_01_olca1_8_0_ilcd.zip.zip#ILCD/processes/4b01543f-29f1-3797-a8d7-5957d97a7fd3.xml,FY19.Q2.01,2026-10-08,retrieved_not_selected
USLCI,4b0fe164-84c7-31e2-a3fc-ff570cd264e1,00.00.001,"Aluminum, primary, smelt, at plant",RNA,1997,"Unit process, black box",5fabff2e-1d64-35e7-9528-7ff23586c5e9,1000.0,kg,1,42,42,25897a2eb3ccf6502d12b7ab001b3194c09aaa550423c10b8791643cab15e17f,https://raw.githubusercontent.com/FLCAC-admin/uslci-content/83f722d2c97ca784e3d258ab51ec4f6804625c1f/downloads/uslcy_fy19_q2_01_olca1_8_0_ilcd.zip.zip#ILCD/processes/4b0fe164-84c7-31e2-a3fc-ff570cd264e1.xml,FY19.Q2.01,2026-10-08,retrieved_not_selected
USLCI,4b3de918-4d30-3184-bdaa-60d8575c5af4,00.00.001,"Electricity, diesel, at power plant",RNA,9998,"Unit process, black box",1e68baef-0ed7-37bb-9919-61963f9fbd08,1.0,MJ,1,38,38,8df5df2264a4474c2f91bca914ef8b093c958d47db450be48126cf4ca7715aa2,https://raw.githubusercontent.com/FLCAC-admin/uslci-content/83f722d2c97ca784e3d258ab51ec4f6804625c1f/downloads/uslcy_fy19_q2_01_olca1_8_0_ilcd.zip.zip#ILCD/processes/4b3de918-4d30-3184-bdaa-60d8575c5af4.xml,FY19.Q2.01,2026-10-08,retrieved_not_selected
USLCI,4b4bf45b-2bfd-3e0f-bdde-bae1bd5d7c41,00.00.001,"Pressed raw panels, hardwood, at engineered wood flooring plant, E",RNA,2006,"Unit process, black box",249e7a19-e940-32c5-9591-4cc0a06d53c6,1.0,kg,1,19,19,c8aefc6e15063beebfe2a0e21fe0d5f4a135e9a36b7684300d0daca165dc0e94,https://raw.githubusercontent.com/FLCAC-admin/uslci-content/83f722d2c97ca784e3d258ab51ec4f6804625c1f/downloads/uslcy_fy19_q2_01_olca1_8_0_ilcd.zip.zip#ILCD/processes/4b4bf45b-2bfd-3e0f-bdde-bae1bd5d7c41.xml,FY19.Q2.01,2026-10-08,retrieved_not_selected
USLCI,4b4db9ff-6ce1-4b10-9353-baae83afbee1,00.00.001,Coal extraction; Underground mine,US,1988,"Unit process, black box",31c2fb00-53ac-4ab1-984d-dd9791b7ca0f,1.0,kg,1,14,14,a4152ccd71af613f93113cd6c16e5354170886801bce5e9bc95b0be748994553,https://raw.githubusercontent.com/FLCAC-admin/uslci-content/83f722d2c97ca784e3d258ab51ec4f6804625c1f/downloads/uslcy_fy19_q2_01_olca1_8_0_ilcd.zip.zip#ILCD/processes/4b4db9ff-6ce1-4b10-9353-baae83afbee1.xml,FY19.Q2.01,2026-10-08,retrieved_not_selected
USLCI,4b57d09d-8c3d-3fb6-b0b8-10a20ce8f92f,00.00.001,"Pressed raw plywood, from lay-up, at plywood plant, US PNW",RNA,1999,"Unit process, black box",6fc4d235-3e37-32ef-9326-d46ef4000cdf,1.0,kg,1,19,19,cb6a5ea109e89ca9b11871e65c120e74b73c6235dbaf181a529df81bf425f044,https://raw.githubusercontent.com/FLCAC-admin/uslci-content/83f722d2c97ca784e3d258ab51ec4f6804625c1f/downloads/uslcy_fy19_q2_01_olca1_8_0_ilcd.zip.zip#ILCD/processes/4b57d09d-8c3d-3fb6-b0b8-10a20ce8f92f.xml,FY19.Q2.01,2026-10-08,retrieved_not_selected
USLCI,4b835425-fd68-337c-8e35-a4ddfb5b628a,00.00.001,"Urea formaldehyde resin, neat, 65% solids",RNA,2004,"Unit process, black box",3c6ecea9-ce37-3aa8-829b-f2f163d33d84,1.0,kg,1,25,25,bf841360c7f3acf0508baa7adb46255d60339cb708966eaa902df1fb01ddc887,https://raw.githubusercontent.com/FLCAC-admin/uslci-content/83f722d2c97ca784e3d258ab51ec4f6804625c1f/downloads/uslcy_fy19_q2_01_olca1_8_0_ilcd.zip.zip#ILCD/processes/4b835425-fd68-337c-8e35-a4ddfb5b628a.xml,FY19.Q2.01,2026-10-08,retrieved_not_selected
USLCI,4be84642-28cb-3508-9189-d8afcec42d92,00.00.001,"Corn stover, ground and stored",RNA,2009,"Unit process, black box",765bab27-83e7-3751-a489-085ad54393c6,1.0,kg,1,11,11,77f8ee1180901fe272dd862ffcf3543a04043a6fce2d336011ab08858bb71787,https://raw.githubusercontent.com/FLCAC-admin/uslci-content/83f722d2c97ca784e3d258ab51ec4f6804625c1f/downloads/uslcy_fy19_q2_01_olca1_8_0_ilcd.zip.zip#ILCD/processes/4be84642-28cb-3508-9189-d8afcec42d92.xml,FY19.Q2.01,2026-10-08,retrieved_not_selected
USLCI,4c6eed4c-5f5e-30c7-8948-956c79c4806d,00.00.001,"Rice, at field",RNA,1996,"Unit process, black box",13ecfdb9-d784-3cd2-8662-32b2eb662162,1.22,kg,1,56,56,388ad036ba448c1e0f926edfae1b2185645804a78fa16982bc4adbec9a481cb2,https://raw.githubusercontent.com/FLCAC-admin/uslci-content/83f722d2c97ca784e3d258ab51ec4f6804625c1f/downloads/uslcy_fy19_q2_01_olca1_8_0_ilcd.zip.zip#ILCD/processes/4c6eed4c-5f5e-30c7-8948-956c79c4806d.xml,FY19.Q2.01,2026-10-08,retrieved_not_selected
USLCI,4c6f7612-c4b8-36d1-803a-8fb067b1b319,00.00.001,"Switchgrass, at conversion plant, 2022",RNA,2007,"Unit process, black box",fcca6571-d78a-36ad-812a-9b55de1565d8,1.0,kg,1,5,5,43ce136c41740fa679f5c55444ceedab5cd27bcd330388704d27bc1f139e8fc1,https://raw.githubusercontent.com/FLCAC-admin/uslci-content/83f722d2c97ca784e3d258ab51ec4f6804625c1f/downloads/uslcy_fy19_q2_01_olca1_8_0_ilcd.zip.zip#ILCD/processes/4c6f7612-c4b8-36d1-803a-8fb067b1b319.xml,FY19.Q2.01,2026-10-08,retrieved_not_selected
USLCI,4cb0c558-b0ac-3656-bc1f-95b477c14921,00.00.001,"Soda powder, at plant",RNA,2002,"Unit process, black box",0f797f27-2207-3571-84cc-0835a943be09,1.0,kg,1,9,9,d8e44a5ffc2856f11102117b638be793bbb58b0c4caabaac20b507d38244512d,https://raw.githubusercontent.com/FLCAC-admin/uslci-content/83f722d2c97ca784e3d258ab51ec4f6804625c1f/downloads/uslcy_fy19_q2_01_olca1_8_0_ilcd.zip.zip#ILCD/processes/4cb0c558-b0ac-3656-bc1f-95b477c14921.xml,FY19.Q2.01,2026-10-08,retrieved_not_selected
USLCI,4d09380a-6297-392c-b1bb-74534b4d3d8e,00.00.001,"Corn stover, production, average, US, 2022",RNA,2009,"Unit process, black box",6dd94277-87e0-32e8-bfe7-628e6db871a0,3290.0,kg,1,7,7,cef27623696ed037125ec610617bc0a42a966400e9b26a828c1375ffb897bec2,https://raw.githubusercontent.com/FLCAC-admin/uslci-content/83f722d2c97ca784e3d258ab51ec4f6804625c1f/downloads/uslcy_fy19_q2_01_olca1_8_0_ilcd.zip.zip#ILCD/processes/4d09380a-6297-392c-b1bb-74534b4d3d8e.xml,FY19.Q2.01,2026-10-08,retrieved_not_selected
USLCI,4d0f1e04-2c5f-37c7-9a81-ec1bcdb4daec,00.00.001,"Crew to Burn Bole Only slash in the Woods, INW",RNA,1988,"Unit process, black box",90cabdd9-c513-3f64-b595-62b37ae50aab,1.0,m2,1,3,3,af816313756c19df67a4f39be708ba24aaab0a9fb909617d63618fb8efba6927,https://raw.githubusercontent.com/FLCAC-admin/uslci-content/83f722d2c97ca784e3d258ab51ec4f6804625c1f/downloads/uslcy_fy19_q2_01_olca1_8_0_ilcd.zip.zip#ILCD/processes/4d0f1e04-2c5f-37c7-9a81-ec1bcdb4daec.xml,FY19.Q2.01,2026-10-08,retrieved_not_selected
USLCI,4d21df14-9a73-31ce-9a5f-dee0cd2a2aed,00.00.001,"Electricity, aluminum smelting and ingot casting regions",RNA,2003,"Unit process, black box",0ac2e099-0ddb-3a50-a06a-f4d9adbad07e,1.0,MJ,1,6,6,aef87b09c40d864bdb72919fa7a588d456393c3990534712cae5ecceb86116b1,https://raw.githubusercontent.com/FLCAC-admin/uslci-content/83f722d2c97ca784e3d258ab51ec4f6804625c1f/downloads/uslcy_fy19_q2_01_olca1_8_0_ilcd.zip.zip#ILCD/processes/4d21df14-9a73-31ce-9a5f-dee0cd2a2aed.xml,FY19.Q2.01,2026-10-08,retrieved_not_selected
USLCI,4d7e8233-af87-31fc-b497-592383d4008a,00.00.001,"Natural gas, combusted in industrial boiler, at pulp and paper mill (EXCL.)",RNA,1997,"Unit process, black box",88cece78-622d-322a-9bae-dab8e4183545,1.0,m3,1,22,22,5f697484bac5a889f3c1990354dfb8f260a7ebf8557fa1732cce6a64c393f24b,https://raw.githubusercontent.com/FLCAC-admin/uslci-content/83f722d2c97ca784e3d258ab51ec4f6804625c1f/downloads/uslcy_fy19_q2_01_olca1_8_0_ilcd.zip.zip#ILCD/processes/4d7e8233-af87-31fc-b497-592383d4008a.xml,FY19.Q2.01,2026-10-08,retrieved_not_selected
USLCI,4d8aed7f-9f6b-48d1-bdac-cee6d83bbd35,00.00.001,Continuous coal miner; Manufacture; At underground mine; 563 kW,US,2007,"Unit process, black box",1441bee2-63f1-45b3-add2-3476bd85ca7e,1.0,Item(s),1,2,2,0dcd3eab0f276d6308462955219d3b12ee383cfb539856cb8efb0fc8d6d95612,https://raw.githubusercontent.com/FLCAC-admin/uslci-content/83f722d2c97ca784e3d258ab51ec4f6804625c1f/downloads/uslcy_fy19_q2_01_olca1_8_0_ilcd.zip.zip#ILCD/processes/4d8aed7f-9f6b-48d1-bdac-cee6d83bbd35.xml,FY19.Q2.01,2026-10-08,retrieved_not_selected
USLCI,4e01da4a-71e5-3d9d-93c3-0f0a230f2735,00.00.002,"Medium density fiberboard (MDF), at MDF mill",RNA,2003,"Unit process, black box",7f72d860-0e4a-3686-a262-7c045b862d37,1.0,m3,1,41,41,0eddfde45d1fcb460dd5420e3a0f6ccdc98e876068f55a228c5e3a5a8a2bd481,https://raw.githubusercontent.com/FLCAC-admin/uslci-content/83f722d2c97ca784e3d258ab51ec4f6804625c1f/downloads/uslcy_fy19_q2_01_olca1_8_0_ilcd.zip.zip#ILCD/processes/4e01da4a-71e5-3d9d-93c3-0f0a230f2735.xml,FY19.Q2.01,2026-10-08,retrieved_not_selected
USLCI,4e38a874-76e2-3c20-bc6a-eea62883ebaa,00.00.001,"Winter wheat straw, ground and stored",RNA,2009,"Unit process, black box",c5d010a0-82a0-3e65-81bb-4e46e73dd5e3,1.0,kg,1,11,11,b7dab41560ae6a9aceef589fff7b3206f938e59ec50dd5ffdcf328fb66d75254,https://raw.githubusercontent.com/FLCAC-admin/uslci-content/83f722d2c97ca784e3d258ab51ec4f6804625c1f/downloads/uslcy_fy19_q2_01_olca1_8_0_ilcd.zip.zip#ILCD/processes/4e38a874-76e2-3c20-bc6a-eea62883ebaa.xml,FY19.Q2.01,2026-10-08,retrieved_not_selected
USLCI,4eaec911-05e8-304e-b7a6-98ce06fc9820,00.00.002,"Hydrogen, liquid, synthesis gas, at plant",RNA,1992,"Unit process, black box",3a8cda88-d05e-3a52-82ff-e7aa2caefd0d,1.0,kg,1,12,12,4ff88156c6a3f800e8fb6a452f9ff4f56a99f5d3adaab80772f89f62f8246a40,https://raw.githubusercontent.com/FLCAC-admin/uslci-content/83f722d2c97ca784e3d258ab51ec4f6804625c1f/downloads/uslcy_fy19_q2_01_olca1_8_0_ilcd.zip.zip#ILCD/processes/4eaec911-05e8-304e-b7a6-98ce06fc9820.xml,FY19.Q2.01,2026-10-08,retrieved_not_selected
USLCI,4eec7a31-b920-3f91-b7c3-924f2aa92ecc,00.00.001,"Liquefied petroleum gas, combusted in industrial boiler",RNA,2000,"Unit process, black box",f77da622-e84d-3639-8917-fcf792aaee13,1.0,m3,1,13,13,db067a11a919e3797f0b8a02eed1857ad752ac77e49432bd79e9900bbf781144,https://raw.githubusercontent.com/FLCAC-admin/uslci-content/83f722d2c97ca784e3d258ab51ec4f6804625c1f/downloads/uslcy_fy19_q2_01_olca1_8_0_ilcd.zip.zip#ILCD/processes/4eec7a31-b920-3f91-b7c3-924f2aa92ecc.xml,FY19.Q2.01,2026-10-08,retrieved_not_selected
USLCI,50356d14-b626-4a38-babf-bf5657d08358,00.00.013,"Printer, AltaLink B8045/55 multi-functional device (MFD)",US,2013,LCI result,de1939e8-b259-4d41-8d1c-588ebaa174b6,1.0,Item(s),1,2037,2037,00230a79e21e7402a785377932c0e5bc92159bd44a6cfcd5c733fffc71de14fa,https://raw.githubusercontent.com/FLCAC-admin/uslci-content/83f722d2c97ca784e3d258ab51ec4f6804625c1f/downloads/uslcy_fy19_q2_01_olca1_8_0_ilcd.zip.zip#ILCD/processes/50356d14-b626-4a38-babf-bf5657d08358.xml,FY19.Q2.01,2026-10-08,retrieved_not_selected
USLCI,515c5359-a186-3394-b849-8676652228db,00.00.001,"Forest residue, processed and loaded, at landing system",RNA,2009,LCI result,28a1f858-bf65-35b1-ae67-2acb9d16698d,1.0,kg,1,1201,1201,9c5150716daa4f48f401f985fd08dd6bbb6a239e26e1b16e953870d0dd5de25e,https://raw.githubusercontent.com/FLCAC-admin/uslci-content/83f722d2c97ca784e3d258ab51ec4f6804625c1f/downloads/uslcy_fy19_q2_01_olca1_8_0_ilcd.zip.zip#ILCD/processes/515c5359-a186-3394-b849-8676652228db.xml,FY19.Q2.01,2026-10-08,retrieved_not_selected
USLCI,5198d618-7bc8-3639-b4a1-de71d6d5f49a,00.00.001,"Combustion, wet wood residue, AP-42",RNA,1994,"Unit process, black box",e76b9e39-7437-3612-98bc-6940592ebf2a,1055.87,MJ,1,12,12,b27c7a08ec1a8fa40d2463971495a27e78bae5deb6994670893342fed7ddf3b9,https://raw.githubusercontent.com/FLCAC-admin/uslci-content/83f722d2c97ca784e3d258ab51ec4f6804625c1f/downloads/uslcy_fy19_q2_01_olca1_8_0_ilcd.zip.zip#ILCD/processes/5198d618-7bc8-3639-b4a1-de71d6d5f49a.xml,FY19.Q2.01,2026-10-08,retrieved_not_selected
USLCI,51cb18c8-eb65-36b7-a20a-bc1ed819ff88,00.00.001,"Paper, freesheet, coated, average production, at mill",RNA,2005,"Unit process, black box",171c5462-de33-38ad-8de6-0d026ed2b051,861.83,kg,1,104,104,e3c461c687cba4aaa0865644cdb2f57a252dd736d6f1193dc26a275199e7b5b5,https://raw.githubusercontent.com/FLCAC-admin/uslci-content/83f722d2c97ca784e3d258ab51ec4f6804625c1f/downloads/uslcy_fy19_q2_01_olca1_8_0_ilcd.zip.zip#ILCD/processes/51cb18c8-eb65-36b7-a20a-bc1ed819ff88.xml,FY19.Q2.01,2026-10-08,retrieved_not_selected
USLCI,5291fc77-bbb9-3917-83e7-6b456506e229,00.00.002,"Planed dried lumber processing, at planer mill, US PNW",RNA,1998,"Unit process, black box",91c0f74d-2ce7-3ae0-8216-7a78568f949d,1.0,kg,1,11,11,99bc33ad993b009771eaa1c256228412e8345ef3d410baa92d50d12cfd3a3ec3,https://raw.githubusercontent.com/FLCAC-admin/uslci-content/83f722d2c97ca784e3d258ab51ec4f6804625c1f/downloads/uslcy_fy19_q2_01_olca1_8_0_ilcd.zip.zip#ILCD/processes/5291fc77-bbb9-3917-83e7-6b456506e229.xml,FY19.Q2.01,2026-10-08,retrieved_not_selected
USLCI,5338cf67-3f06-3a0f-81ab-1f7ee8d449f7,00.00.001,"Transport, transit bus, diesel powered, Alaska",RNA,2009,"Unit process, black box",50e30920-a9c0-3915-8db1-31c794c5bc24,1.0,p*km,1,24,24,e761897f0a145000155f5db015feffdd8065b65e01c3694c438eb2e493210f4f,https://raw.githubusercontent.com/FLCAC-admin/uslci-content/83f722d2c97ca784e3d258ab51ec4f6804625c1f/downloads/uslcy_fy19_q2_01_olca1_8_0_ilcd.zip.zip#ILCD/processes/5338cf67-3f06-3a0f-81ab-1f7ee8d449f7.xml,FY19.Q2.01,2026-10-08,retrieved_not_selected
USLCI,53804132-4bd6-3b18-bfbd-14ac762431ef,00.00.001,"Diesel, combusted in industrial boiler",RNA,1997,"Unit process, black box",e04995fa-935b-316c-b112-5b436c8ea3d6,1.0,m3,1,36,36,1603d25e622653a69f4a7f73ce6ea3ff69388f6cf686df315f0cbf3eda9834fe,https://raw.githubusercontent.com/FLCAC-admin/uslci-content/83f722d2c97ca784e3d258ab51ec4f6804625c1f/downloads/uslcy_fy19_q2_01_olca1_8_0_ilcd.zip.zip#ILCD/processes/53804132-4bd6-3b18-bfbd-14ac762431ef.xml,FY19.Q2.01,2026-10-08,retrieved_not_selected
USLCI,53ffa5d2-4622-30c8-8135-e1eac2d0b268,00.00.001,"Transport, refuse truck, gasoline powered",RNA,2009,"Unit process, black box",7d9ed48b-6627-3b70-a84b-b16dbf9fbf4f,1.0,t*km,1,24,24,d1092428c6def8cbbae851020c8783d26e34f3d03d4e7daac6f6b458f83efc8a,https://raw.githubusercontent.com/FLCAC-admin/uslci-content/83f722d2c97ca784e3d258ab51ec4f6804625c1f/downloads/uslcy_fy19_q2_01_olca1_8_0_ilcd.zip.zip#ILCD/processes/53ffa5d2-4622-30c8-8135-e1eac2d0b268.xml,FY19.Q2.01,2026-10-08,retrieved_not_selected
USLCI,5492bd04-0aa4-4885-aaa4-3257e10a5982,00.00.001,"Electric head drive; Manufacture; For underground coal mine, at plant",US,2007,"Unit process, black box",6dc31dc8-4a61-45ef-9b10-c60b79b1ecdc,1.0,Item(s),1,2,2,ff8d90c27224a228ae855fb30795e5b69ede54626060d5116568222818d558d8,https://raw.githubusercontent.com/FLCAC-admin/uslci-content/83f722d2c97ca784e3d258ab51ec4f6804625c1f/downloads/uslcy_fy19_q2_01_olca1_8_0_ilcd.zip.zip#ILCD/processes/5492bd04-0aa4-4885-aaa4-3257e10a5982.xml,FY19.Q2.01,2026-10-08,retrieved_not_selected
USLCI,553fff99-b003-39a4-b53e-a9b3da050c71,00.00.001,"Transport, passenger car, gasoline powered",RNA,2009,"Unit process, black box",cf8a98c5-aa26-3276-9e95-09baf279e190,1.0,p*km,1,24,24,e487b86b413cd3e5948388b1808c751f4e0f795de6b519f1886b048048e7b042,https://raw.githubusercontent.com/FLCAC-admin/uslci-content/83f722d2c97ca784e3d258ab51ec4f6804625c1f/downloads/uslcy_fy19_q2_01_olca1_8_0_ilcd.zip.zip#ILCD/processes/553fff99-b003-39a4-b53e-a9b3da050c71.xml,FY19.Q2.01,2026-10-08,retrieved_not_selected
USLCI,5561eac2-101e-3277-9dc5-40e52b077c8f,00.00.001,"Reforesting, low intensity site, US SE",RNA,9998,"Unit process, black box",40da9cf2-3f8f-3e29-b187-db5ce3057fb3,1.0,m2,1,6,6,ae0ed9d1173bcc448322eb58f4c82716305a27815c97acef54cce9adef66ca78,https://raw.githubusercontent.com/FLCAC-admin/uslci-content/83f722d2c97ca784e3d258ab51ec4f6804625c1f/downloads/uslcy_fy19_q2_01_olca1_8_0_ilcd.zip.zip#ILCD/processes/5561eac2-101e-3277-9dc5-40e52b077c8f.xml,FY19.Q2.01,2026-10-08,retrieved_not_selected
USLCI,55d8bf4f-025a-3927-bb96-235d37ba79fc,00.00.001,"Lime, agricultural, corn production",RNA,2004,"Unit process, black box",3e769f61-d317-3070-9801-9ea491b2edc5,1.0,m2,1,6,6,4ef051b58091600a719045ab585c430dacfb8ef84c0447d78e895f8a380061a0,https://raw.githubusercontent.com/FLCAC-admin/uslci-content/83f722d2c97ca784e3d258ab51ec4f6804625c1f/downloads/uslcy_fy19_q2_01_olca1_8_0_ilcd.zip.zip#ILCD/processes/55d8bf4f-025a-3927-bb96-235d37ba79fc.xml,FY19.Q2.01,2026-10-08,retrieved_not_selected
USLCI,56287b68-7130-3856-802f-572699013145,00.00.001,"Roundwood, softwood, national forest, steep slope, at forest road, INW",RNA,1988,"Unit process, black box",d9ba1cbd-4fd1-38a1-b9e4-a32ee1dda1d7,34.0922800351258,m3,1,12,12,9af7c641e35c07885cd58fa868f96bb7bbf91f32c71f2a5b6a16c6845bc9d57e,https://raw.githubusercontent.com/FLCAC-admin/uslci-content/83f722d2c97ca784e3d258ab51ec4f6804625c1f/downloads/uslcy_fy19_q2_01_olca1_8_0_ilcd.zip.zip#ILCD/processes/56287b68-7130-3856-802f-572699013145.xml,FY19.Q2.01,2026-10-08,retrieved_not_selected
USLCI,563c9d42-ae65-3751-800a-5e0505265b35,00.00.001,"Scanner, department, i4200, i4600",GLO,2003,"Unit process, black box",0e111ee2-6bf1-38dc-811a-17d8f5f5eeab,1.0,Item(s),1,35,35,e06c8767e2bb844a46517a8f7df6b4ff57b32a399662f6556c86f3324df299d2,https://raw.githubusercontent.com/FLCAC-admin/uslci-content/83f722d2c97ca784e3d258ab51ec4f6804625c1f/downloads/uslcy_fy19_q2_01_olca1_8_0_ilcd.zip.zip#ILCD/processes/563c9d42-ae65-3751-800a-5e0505265b35.xml,FY19.Q2.01,2026-10-08,retrieved_not_selected
USLCI,5665942b-95cc-3aa8-911f-e794905ef044,00.00.002,"Dry veneer processing, at plywood  plant, US PNW",RNA,1999,"Unit process, black box",492eaafe-94d8-3132-8e63-94685ce43ebc,1.0,kg,1,14,14,0fda66adc26d2ae320ce23c8d6730a8573719f993aace565a611ff5d529812c4,https://raw.githubusercontent.com/FLCAC-admin/uslci-content/83f722d2c97ca784e3d258ab51ec4f6804625c1f/downloads/uslcy_fy19_q2_01_olca1_8_0_ilcd.zip.zip#ILCD/processes/5665942b-95cc-3aa8-911f-e794905ef044.xml,FY19.Q2.01,2026-10-08,retrieved_not_selected
USLCI,56e338fc-c62e-33f6-bb51-f7096504cf90,00.00.001,"Electricity, at eGrid, HIMS, 2008",RNA,2007,"Unit process, black box",036ac6b1-9cb7-316e-968e-63409f631ce0,1.0,MJ,1,11,11,939820b5087b9877b3824e32be078bf9483bf7cfcc5d2b6c7e1a53b7a723e10d,https://raw.githubusercontent.com/FLCAC-admin/uslci-content/83f722d2c97ca784e3d258ab51ec4f6804625c1f/downloads/uslcy_fy19_q2_01_olca1_8_0_ilcd.zip.zip#ILCD/processes/56e338fc-c62e-33f6-bb51-f7096504cf90.xml,FY19.Q2.01,2026-10-08,retrieved_not_selected
USLCI,57686507-ed6b-3e06-906e-c28a7c6fb8bc,00.00.002,"Particleboard, average, softwood, particleboard mill",RNA,2003,"Unit process, black box",ea677467-e6eb-3369-b47d-b09edad21f04,1.0,m3,1,41,41,d33ba460b109b59fdbc03e7af339baae427b33b8b980f97d9b1b10174542d354,https://raw.githubusercontent.com/FLCAC-admin/uslci-content/83f722d2c97ca784e3d258ab51ec4f6804625c1f/downloads/uslcy_fy19_q2_01_olca1_8_0_ilcd.zip.zip#ILCD/processes/57686507-ed6b-3e06-906e-c28a7c6fb8bc.xml,FY19.Q2.01,2026-10-08,retrieved_not_selected
USLCI,57cdac3b-a289-330e-8e55-6b7e2c6885fb,00.00.001,"Transport, pipeline, natural gas",RNA,2002,"Unit process, black box",057a281a-908b-3adf-8f51-ed79fe5c5a9b,1.0,t*km,1,4,4,b9cbf16f344be82836c4216adb2b6f0727f6c963fc2d8d8e9b595eaf2e40dbe7,https://raw.githubusercontent.com/FLCAC-admin/uslci-content/83f722d2c97ca784e3d258ab51ec4f6804625c1f/downloads/uslcy_fy19_q2_01_olca1_8_0_ilcd.zip.zip#ILCD/processes/57cdac3b-a289-330e-8e55-6b7e2c6885fb.xml,FY19.Q2.01,2026-10-08,retrieved_not_selected
USLCI,57daae53-7301-327d-9a32-b3b3ce19e04f,00.00.001,"Transport, refuse truck, diesel powered, Southwest",RNA,2009,"Unit process, black box",ee0c661e-0aa2-3ea9-ba05-6c7cc5394bd4,1.0,t*km,1,24,24,0fb9c236d88b22e1ebaf49e29b2bbf91de9b46e0ceba5f165c4983ffac68ea72,https://raw.githubusercontent.com/FLCAC-admin/uslci-content/83f722d2c97ca784e3d258ab51ec4f6804625c1f/downloads/uslcy_fy19_q2_01_olca1_8_0_ilcd.zip.zip#ILCD/processes/57daae53-7301-327d-9a32-b3b3ce19e04f.xml,FY19.Q2.01,2026-10-08,retrieved_not_selected
USLCI,58227725-ebea-3452-87e0-6f414aa20e57,00.00.001,"Electricity, at eGrid, SPSO, 2010",RNA,2009,"Unit process, black box",6f3a25b5-7efd-3259-88a5-5622e9a811de,1.0,MJ,1,15,15,689391ba926317017e203cdb0d0385b0fbe974f297f15f44a9166a503120b420,https://raw.githubusercontent.com/FLCAC-admin/uslci-content/83f722d2c97ca784e3d258ab51ec4f6804625c1f/downloads/uslcy_fy19_q2_01_olca1_8_0_ilcd.zip.zip#ILCD/processes/58227725-ebea-3452-87e0-6f414aa20e57.xml,FY19.Q2.01,2026-10-08,retrieved_not_selected
USLCI,58268158-109e-3b3d-8b06-880f3cf422fc,00.00.001,"Softwood logs with bark, harvested at average intensity site, at mill, US SE",RNA,2002,"Unit process, black box",c0e3d540-a27d-3cf0-a53b-9b2273ab99b1,1.0,m3,1,4,4,dc73822a4bdfc2d1611e314c324b4884ed6f63ffba88e79db722a7b5943d8018,https://raw.githubusercontent.com/FLCAC-admin/uslci-content/83f722d2c97ca784e3d258ab51ec4f6804625c1f/downloads/uslcy_fy19_q2_01_olca1_8_0_ilcd.zip.zip#ILCD/processes/58268158-109e-3b3d-8b06-880f3cf422fc.xml,FY19.Q2.01,2026-10-08,retrieved_not_selected
USLCI,58970ce4-bbba-3dee-a141-30e534e8ac1b,00.00.001,"Chainsawing, delimbing, NE-NC",RNA,2002,"Unit process, black box",e79403ad-5432-3976-aee5-0f3e7101b779,1.0,d,1,3,3,8ed41247656fda8faa72012c3580832060e1dc65041dc676b11406290340d68c,https://raw.githubusercontent.com/FLCAC-admin/uslci-content/83f722d2c97ca784e3d258ab51ec4f6804625c1f/downloads/uslcy_fy19_q2_01_olca1_8_0_ilcd.zip.zip#ILCD/processes/58970ce4-bbba-3dee-a141-30e534e8ac1b.xml,FY19.Q2.01,2026-10-08,retrieved_not_selected
USLCI,58d87aee-291c-3c61-9d6f-e8ba8dba94cc,00.00.001,"Transport, school bus, gasoline powered",RNA,2009,"Unit process, black box",ab10ce80-b5a6-39c7-b09f-a8891da7f908,1.0,p*km,1,24,24,439100450c65a124a82c00925f072ade064ec2c7d8722d1da54c3bee159a2271,https://raw.githubusercontent.com/FLCAC-admin/uslci-content/83f722d2c97ca784e3d258ab51ec4f6804625c1f/downloads/uslcy_fy19_q2_01_olca1_8_0_ilcd.zip.zip#ILCD/processes/58d87aee-291c-3c61-9d6f-e8ba8dba94cc.xml,FY19.Q2.01,2026-10-08,retrieved_not_selected
USLCI,5a2563bd-09a6-39dd-8123-a1c684384362,00.00.001,"Electricity, at eGrid, NWPP, 2010",RNA,2009,"Unit process, black box",6600f0fc-31df-303b-a60a-1d895a3c1bf8,1.0,MJ,1,18,18,5ac9a47511d1f7af983af0e5ef21208c65f37c4a297ef7288c7e8f191d654ccc,https://raw.githubusercontent.com/FLCAC-admin/uslci-content/83f722d2c97ca784e3d258ab51ec4f6804625c1f/downloads/uslcy_fy19_q2_01_olca1_8_0_ilcd.zip.zip#ILCD/processes/5a2563bd-09a6-39dd-8123-a1c684384362.xml,FY19.Q2.01,2026-10-08,retrieved_not_selected
USLCI,5a425809-27f8-33f5-acc7-ffd017af43b6,00.00.002,"Debarking, at plywood plant, US SE",RNA,1999,"Unit process, black box",5eb82d4e-52ed-3882-87c4-cfaeb2f54f49,0.134,kg,1,6,6,5f96251219a339ea428352afefd9efc265ae5c3d5dcff8cd40ace6aa78e1848e,https://raw.githubusercontent.com/FLCAC-admin/uslci-content/83f722d2c97ca784e3d258ab51ec4f6804625c1f/downloads/uslcy_fy19_q2_01_olca1_8_0_ilcd.zip.zip#ILCD/processes/5a425809-27f8-33f5-acc7-ffd017af43b6.xml,FY19.Q2.01,2026-10-08,retrieved_not_selected
USLCI,5a782377-d196-304c-baec-fea559a4dfe2,00.00.001,"Enzyme, Glucoamylase, Novozyme Spirizyme",RER,2003,"Unit process, black box",d818c190-7b73-33b1-b0d4-9f4339e3b117,1.0,kg,1,9,9,93ccc27961c51b01bf6741d8e96f7c4b805c9046e45d2eb2648fc8e548a6afb3,https://raw.githubusercontent.com/FLCAC-admin/uslci-content/83f722d2c97ca784e3d258ab51ec4f6804625c1f/downloads/uslcy_fy19_q2_01_olca1_8_0_ilcd.zip.zip#ILCD/processes/5a782377-d196-304c-baec-fea559a4dfe2.xml,FY19.Q2.01,2026-10-08,retrieved_not_selected
USLCI,5abfba66-c3cb-38f2-8b01-9f566c5ab656,00.00.001,"Rapeseed, whole plant, at field",US,1989,"Unit process, black box",15a4d63d-6c88-3196-a2cc-471e1313a399,5.0,kg,1,32,32,9d61c924d6890de1b8ea14d7149013a60e6580bf5e9174df0ef4d1b8a697f012,https://raw.githubusercontent.com/FLCAC-admin/uslci-content/83f722d2c97ca784e3d258ab51ec4f6804625c1f/downloads/uslcy_fy19_q2_01_olca1_8_0_ilcd.zip.zip#ILCD/processes/5abfba66-c3cb-38f2-8b01-9f566c5ab656.xml,FY19.Q2.01,2026-10-08,retrieved_not_selected
USLCI,5b12a6bf-921f-3e80-9bd4-1c250a6696fb,00.00.001,"Wood fuel, hardwood, gen at lumber mill, combusted in industrial boiler, NE-NC",RNA,2003,"Unit process, black box",75c3bc19-9aeb-30a9-a43f-c862c7354c85,1.0,kg,1,36,36,7917fc6411c62cc160e5bfbeed22cc9c6ae65a7014168ba693f0be84f4a1d1cf,https://raw.githubusercontent.com/FLCAC-admin/uslci-content/83f722d2c97ca784e3d258ab51ec4f6804625c1f/downloads/uslcy_fy19_q2_01_olca1_8_0_ilcd.zip.zip#ILCD/processes/5b12a6bf-921f-3e80-9bd4-1c250a6696fb.xml,FY19.Q2.01,2026-10-08,retrieved_not_selected
USLCI,5b26dd62-5ab0-3822-b39c-6aa187efc9e5,00.00.001,"Electricity, lignite coal, at power plant",RNA,2001,"Unit process, black box",a9f6971f-58a0-30b0-af5c-a36d11fe487f,1.0,MJ,1,57,57,686935033dd74636edb54fe459f4e9f4b6a607fc7fa8278ed6598c65c90dfc3e,https://raw.githubusercontent.com/FLCAC-admin/uslci-content/83f722d2c97ca784e3d258ab51ec4f6804625c1f/downloads/uslcy_fy19_q2_01_olca1_8_0_ilcd.zip.zip#ILCD/processes/5b26dd62-5ab0-3822-b39c-6aa187efc9e5.xml,FY19.Q2.01,2026-10-08,retrieved_not_selected
USLCI,5b7f889a-84d1-3e4d-9dd1-367c58f8a343,00.00.001,Coal mine water use and quality; Surface mine,US,2007,"Unit process, black box",c4d3dac4-5661-4997-8f9d-bf9f7b07041d,1.0,Item(s),1,35,35,3226d5a3b8c23b2814bc13acc94e051521c3fe5cc2f70f932044ce4a7e67c092,https://raw.githubusercontent.com/FLCAC-admin/uslci-content/83f722d2c97ca784e3d258ab51ec4f6804625c1f/downloads/uslcy_fy19_q2_01_olca1_8_0_ilcd.zip.zip#ILCD/processes/5b7f889a-84d1-3e4d-9dd1-367c58f8a343.xml,FY19.Q2.01,2026-10-08,retrieved_not_selected
USLCI,5b81b61c-4d10-3bed-9926-8a5f868f5174,00.00.001,"Natural gas, combusted in industrial boiler",RNA,1997,"Unit process, black box",bb1dc159-fe13-3f8e-8197-361e8c770ba3,1.0,m3,1,27,27,d8ef47dff6bd1c7a4c5abf4439b4c2a576f8906f5c991b3a8a4c536e21fa7b2c,https://raw.githubusercontent.com/FLCAC-admin/uslci-content/83f722d2c97ca784e3d258ab51ec4f6804625c1f/downloads/uslcy_fy19_q2_01_olca1_8_0_ilcd.zip.zip#ILCD/processes/5b81b61c-4d10-3bed-9926-8a5f868f5174.xml,FY19.Q2.01,2026-10-08,retrieved_not_selected
USLCI,5b9b5e04-3bc6-3de4-b933-b9463a525a54,00.00.001,"Electricity, at Grid, FRCC, 2010",RNA,2009,"Unit process, black box",5c81c68e-e60a-3b62-893b-f5b025c1a71e,1.0,MJ,1,12,12,c84eb06dcc9427202423032006eb1e8630d374956fce3c03204f38a84a689bac,https://raw.githubusercontent.com/FLCAC-admin/uslci-content/83f722d2c97ca784e3d258ab51ec4f6804625c1f/downloads/uslcy_fy19_q2_01_olca1_8_0_ilcd.zip.zip#ILCD/processes/5b9b5e04-3bc6-3de4-b933-b9463a525a54.xml,FY19.Q2.01,2026-10-08,retrieved_not_selected
USLCI,5ba6a086-dc74-3b94-918e-f09e9e8a6aae,00.00.001,"Transport, transit bus, diesel powered, Central",RNA,2009,"Unit process, black box",1be014b8-ddeb-3a9e-bbcb-3d404bd5a280,1.0,p*km,1,24,24,319f190cd4f77447c2df3ef7936ac1e32cddaba0ac29315e8a72196676ac619b,https://raw.githubusercontent.com/FLCAC-admin/uslci-content/83f722d2c97ca784e3d258ab51ec4f6804625c1f/downloads/uslcy_fy19_q2_01_olca1_8_0_ilcd.zip.zip#ILCD/processes/5ba6a086-dc74-3b94-918e-f09e9e8a6aae.xml,FY19.Q2.01,2026-10-08,retrieved_not_selected
USLCI,5c8a1525-9788-373b-9c4a-e26ba39f2442,00.00.001,"Transport, combination truck, short-haul, diesel powered, Southwest",RNA,2009,"Unit process, black box",33dc2bd6-d517-3d9f-94c0-901445f6bb99,1.0,t*km,1,24,24,71a244c0494733edf109a1249964f05bbe34c78ba7140e37ed6a99d8a3e57f21,https://raw.githubusercontent.com/FLCAC-admin/uslci-content/83f722d2c97ca784e3d258ab51ec4f6804625c1f/downloads/uslcy_fy19_q2_01_olca1_8_0_ilcd.zip.zip#ILCD/processes/5c8a1525-9788-373b-9c4a-e26ba39f2442.xml,FY19.Q2.01,2026-10-08,retrieved_not_selected
USLCI,5d00446b-12c1-4bcc-8fc5-30989621ccb6,00.00.001,"Coal shuttle car; Manufacture; For underground mine, at plant; 28.6 metric tonnes",US,2006,"Unit process, black box",e6d050ce-8a42-413a-a901-63911e9c15c8,1.0,Item(s),1,2,2,fe39af8f7bd9c295a7142342bdb44f422dd7b4e055f5f739992a7da962ef0474,https://raw.githubusercontent.com/FLCAC-admin/uslci-content/83f722d2c97ca784e3d258ab51ec4f6804625c1f/downloads/uslcy_fy19_q2_01_olca1_8_0_ilcd.zip.zip#ILCD/processes/5d00446b-12c1-4bcc-8fc5-30989621ccb6.xml,FY19.Q2.01,2026-10-08,retrieved_not_selected
USLCI,5d274fc8-65f3-3f3a-a583-f12cace7c494,00.00.001,"Butadiene, at plant",RNA,2002,"Unit process, black box",73397897-35ba-3539-b474-d4a12f1628d0,1.0,kg,1,42,42,3b413d2ee501c4cd2694db1223a34d148e1fca2afd9d14a9cc83fe01d7e38194,https://raw.githubusercontent.com/FLCAC-admin/uslci-content/83f722d2c97ca784e3d258ab51ec4f6804625c1f/downloads/uslcy_fy19_q2_01_olca1_8_0_ilcd.zip.zip#ILCD/processes/5d274fc8-65f3-3f3a-a583-f12cace7c494.xml,FY19.Q2.01,2026-10-08,retrieved_not_selected
USLCI,5dacfb93-571f-3502-bf9e-1ce678de151d,00.00.001,"Sodium chloride, at plant",RNA,2002,"Unit process, black box",c28f9211-98eb-3509-95cc-771d8fefae51,1.0,kg,1,6,6,3dfa9b9053c4b5bb14a32811928d27178f34131a8a0ff10f07222251edf7ce5b,https://raw.githubusercontent.com/FLCAC-admin/uslci-content/83f722d2c97ca784e3d258ab51ec4f6804625c1f/downloads/uslcy_fy19_q2_01_olca1_8_0_ilcd.zip.zip#ILCD/processes/5dacfb93-571f-3502-bf9e-1ce678de151d.xml,FY19.Q2.01,2026-10-08,retrieved_not_selected
USLCI,5dd973e3-0fc2-38d8-a25b-51b82ee2c2de,00.00.001,"Wood fuel, unspecified",RNA,1994,"Unit process, black box",ba4fbc4f-a9ab-387c-8bdd-9308dc19f404,1.0,kg,1,13,13,cc6282d6e0457041f05026dedb9070a2ec8aea4f753a8aad3e7ad893ffde26bd,https://raw.githubusercontent.com/FLCAC-admin/uslci-content/83f722d2c97ca784e3d258ab51ec4f6804625c1f/downloads/uslcy_fy19_q2_01_olca1_8_0_ilcd.zip.zip#ILCD/processes/5dd973e3-0fc2-38d8-a25b-51b82ee2c2de.xml,FY19.Q2.01,2026-10-08,retrieved_not_selected
USLCI,5e318a04-0d93-316a-9ec6-25e4ed8ea521,00.00.001,"Dry veneer, at plywood plant, US SE",RNA,1999,"Unit process, black box",4ba5bb1f-488f-377c-8898-213890c229ec,1.0,kg,1,11,11,6c5c5468d3cfa1d671f6be0d646ee00d8319dc9140653e8ce184bf4299efe8b9,https://raw.githubusercontent.com/FLCAC-admin/uslci-content/83f722d2c97ca784e3d258ab51ec4f6804625c1f/downloads/uslcy_fy19_q2_01_olca1_8_0_ilcd.zip.zip#ILCD/processes/5e318a04-0d93-316a-9ec6-25e4ed8ea521.xml,FY19.Q2.01,2026-10-08,retrieved_not_selected
USLCI,5eff00a9-58ca-322a-b951-07c86d7fd9fa,00.00.001,"Mixed recyclables, at collection, curbside, volume basis",RNA,2006,"Unit process, black box",27a6e1c4-521c-3cdb-9a43-3b8827599651,1.0,m3,1,3,3,749bce0bbbd20a78571176ce45c62ef4ee845ef56072bb76ef4aff6c290aed11,https://raw.githubusercontent.com/FLCAC-admin/uslci-content/83f722d2c97ca784e3d258ab51ec4f6804625c1f/downloads/uslcy_fy19_q2_01_olca1_8_0_ilcd.zip.zip#ILCD/processes/5eff00a9-58ca-322a-b951-07c86d7fd9fa.xml,FY19.Q2.01,2026-10-08,retrieved_not_selected
USLCI,5f23939e-be70-364e-95c2-baef329a95fe,00.00.001,"Steel, liquid, at plant",RNA,1992,"Unit process, black box",2593a8b8-4eff-373f-b50c-cb4cf610ecb7,1.0,kg,1,98,98,3388d7777d9cd2fbe09c6c0489b04b80638d1cf902edd82ccf8b8ca25fb1b402,https://raw.githubusercontent.com/FLCAC-admin/uslci-content/83f722d2c97ca784e3d258ab51ec4f6804625c1f/downloads/uslcy_fy19_q2_01_olca1_8_0_ilcd.zip.zip#ILCD/processes/5f23939e-be70-364e-95c2-baef329a95fe.xml,FY19.Q2.01,2026-10-08,retrieved_not_selected
USLCI,5faf03a2-ab55-3768-a625-4c2a246a9a4d,00.00.001,"Transport, single unit truck, long-haul, gasoline powered, West",RNA,2009,"Unit process, black box",d2c5a0fd-2cd2-34df-acc6-4985383041bf,1.0,t*km,1,24,24,e020a0da479dd575b5f74f75b0499ee531cafb191836eaedc0be88a6d6f1903e,https://raw.githubusercontent.com/FLCAC-admin/uslci-content/83f722d2c97ca784e3d258ab51ec4f6804625c1f/downloads/uslcy_fy19_q2_01_olca1_8_0_ilcd.zip.zip#ILCD/processes/5faf03a2-ab55-3768-a625-4c2a246a9a4d.xml,FY19.Q2.01,2026-10-08,retrieved_not_selected
USLCI,5fe5e137-8172-48c7-9807-708c90121236,00.00.001,"Electric stage loader; Manufacture; For underground coal mine, at plant",US,2007,"Unit process, black box",0391748e-38d3-4e0c-aa4b-9f5ca637e007,1.0,Item(s),1,2,2,6ea7783938d0621d21073b5551ff722576c7d232e88fae18ff39cc1ee2df6325,https://raw.githubusercontent.com/FLCAC-admin/uslci-content/83f722d2c97ca784e3d258ab51ec4f6804625c1f/downloads/uslcy_fy19_q2_01_olca1_8_0_ilcd.zip.zip#ILCD/processes/5fe5e137-8172-48c7-9807-708c90121236.xml,FY19.Q2.01,2026-10-08,retrieved_not_selected
USLCI,60157c4b-2824-34d2-9c23-291728d3b01e,00.00.001,"Transport, combination truck, short-haul, diesel powered, Central",RNA,2009,"Unit process, black box",c31b9613-cae5-3685-8143-f25ae268a55b,1.0,t*km,1,24,24,fdf231aeeeb6e5d0ad49445370b888e55c0dc092d05dc6495af3a41e86a4f94d,https://raw.githubusercontent.com/FLCAC-admin/uslci-content/83f722d2c97ca784e3d258ab51ec4f6804625c1f/downloads/uslcy_fy19_q2_01_olca1_8_0_ilcd.zip.zip#ILCD/processes/60157c4b-2824-34d2-9c23-291728d3b01e.xml,FY19.Q2.01,2026-10-08,retrieved_not_selected
USLCI,6023a2bf-2d42-348b-bee7-caae15319edb,00.00.001,"Electricity, bauxite mining regions",GLO,2003,"Unit process, black box",34477c97-cd27-366c-a5e7-17ebd2127b9f,1.0,MJ,1,7,7,e4522fad89d7488e1156118e39d530c8099c5f4ca830fff2141e91ac835ed31f,https://raw.githubusercontent.com/FLCAC-admin/uslci-content/83f722d2c97ca784e3d258ab51ec4f6804625c1f/downloads/uslcy_fy19_q2_01_olca1_8_0_ilcd.zip.zip#ILCD/processes/6023a2bf-2d42-348b-bee7-caae15319edb.xml,FY19.Q2.01,2026-10-08,retrieved_not_selected
USLCI,60785dad-585a-3fe9-ae8e-507f0cbc7f6f,00.00.001,"Transport, combination truck, short-haul, gasoline powered",RNA,2009,"Unit process, black box",41361da6-313c-3621-bbe6-3a792f3dab6b,1.0,t*km,1,24,24,f581f39111a2aec377f67d679a5183a0077cc2f416b769b87d069ffc86657d04,https://raw.githubusercontent.com/FLCAC-admin/uslci-content/83f722d2c97ca784e3d258ab51ec4f6804625c1f/downloads/uslcy_fy19_q2_01_olca1_8_0_ilcd.zip.zip#ILCD/processes/60785dad-585a-3fe9-ae8e-507f0cbc7f6f.xml,FY19.Q2.01,2026-10-08,retrieved_not_selected
USLCI,60b5e1ee-3f9c-39e4-ad2f-68cfe3a71956,00.00.001,"Steel product, primary structural, beams and columns, at plant",RNA,2010,"Unit process, black box",51447292-5c8a-3369-8ab1-092bdaf61c38,1.0,kg,1,738,738,19340ac4cfc6615b8ab656151aede4faa3ffae7f6e9605a8fff5a98f81bc9e51,https://raw.githubusercontent.com/FLCAC-admin/uslci-content/83f722d2c97ca784e3d258ab51ec4f6804625c1f/downloads/uslcy_fy19_q2_01_olca1_8_0_ilcd.zip.zip#ILCD/processes/60b5e1ee-3f9c-39e4-ad2f-68cfe3a71956.xml,FY19.Q2.01,2026-10-08,retrieved_not_selected
USLCI,60e51fc8-f71e-329e-9e27-4313105cc465,00.00.001,"Crude oil, at production",RNA,1996,"Unit process, black box",efeff2cc-8166-3237-b6a5-5fbf2cb1ffe1,1.0,kg,1,93,93,4721c9b7009bda4e3a2b48d0dc4415d1c1ded93e31ed00ba8a8af4639f079678,https://raw.githubusercontent.com/FLCAC-admin/uslci-content/83f722d2c97ca784e3d258ab51ec4f6804625c1f/downloads/uslcy_fy19_q2_01_olca1_8_0_ilcd.zip.zip#ILCD/processes/60e51fc8-f71e-329e-9e27-4313105cc465.xml,FY19.Q2.01,2026-10-08,retrieved_not_selected
USLCI,61122645-ec94-414f-b4b2-3be671493468,00.00.001,Coal cleaning facility; Construction; At mine,US,2008,"Unit process, black box",cf767556-0b2e-4f29-ad94-fefe2093ff92,1.0,Item(s),1,5,5,5da2d71abb1791f0979af1f222051e3775e5a421e043d8e8d095895a08ab593e,https://raw.githubusercontent.com/FLCAC-admin/uslci-content/83f722d2c97ca784e3d258ab51ec4f6804625c1f/downloads/uslcy_fy19_q2_01_olca1_8_0_ilcd.zip.zip#ILCD/processes/61122645-ec94-414f-b4b2-3be671493468.xml,FY19.Q2.01,2026-10-08,retrieved_not_selected
USLCI,61d04f2c-c8df-3b9c-8def-60328506efd2,00.00.001,"Wood fuel, hardwood, purchased, combusted in industrial boiler, NE-NC",RNA,2003,"Unit process, black box",02c0cb72-4af1-3aa4-921a-0270c2e7debe,1.0,kg,1,36,36,292304160cd79a2a3a1e7599736c20a0d510d2e21f484c0fb113b06b65dec53f,https://raw.githubusercontent.com/FLCAC-admin/uslci-content/83f722d2c97ca784e3d258ab51ec4f6804625c1f/downloads/uslcy_fy19_q2_01_olca1_8_0_ilcd.zip.zip#ILCD/processes/61d04f2c-c8df-3b9c-8def-60328506efd2.xml,FY19.Q2.01,2026-10-08,retrieved_not_selected
USLCI,61f86f6a-63bd-3e94-ba1b-317849b03e46,00.00.001,"Transport, light commercial truck, diesel powered, Northeast",RNA,2009,"Unit process, black box",a6404785-214e-37b2-b033-70cec3c433e1,1.0,t*km,1,24,24,ccf67babda9aca848a07d1b75677b71e96a020c12a1e1bdc97116b79969f912f,https://raw.githubusercontent.com/FLCAC-admin/uslci-content/83f722d2c97ca784e3d258ab51ec4f6804625c1f/downloads/uslcy_fy19_q2_01_olca1_8_0_ilcd.zip.zip#ILCD/processes/61f86f6a-63bd-3e94-ba1b-317849b03e46.xml,FY19.Q2.01,2026-10-08,retrieved_not_selected
USLCI,61ff7eba-1846-30cb-9840-33939ee0dc26,00.00.001,"Transport, aircraft, freight",RNA,2002,"Unit process, black box",6a71f6df-1df1-32f0-b926-6e9b932a7fe9,1.0,t*km,1,6,6,002f32d30b513e2dd61b0669aed0be19bd71bd758991258776ec41aed2c76348,https://raw.githubusercontent.com/FLCAC-admin/uslci-content/83f722d2c97ca784e3d258ab51ec4f6804625c1f/downloads/uslcy_fy19_q2_01_olca1_8_0_ilcd.zip.zip#ILCD/processes/61ff7eba-1846-30cb-9840-33939ee0dc26.xml,FY19.Q2.01,2026-10-08,retrieved_not_selected
USLCI,62993671-574c-3fc5-b66a-6be3bb21ad3d,00.00.001,"Portland cement, at plant",RNA,1992,"Unit process, black box",277959d5-1a12-33d4-9d7f-1604f2227c09,1.0,kg,1,64,64,edf03573eb9fc5f4241b4c3247242d504909fd9acfbc7022697ad9e6f385927b,https://raw.githubusercontent.com/FLCAC-admin/uslci-content/83f722d2c97ca784e3d258ab51ec4f6804625c1f/downloads/uslcy_fy19_q2_01_olca1_8_0_ilcd.zip.zip#ILCD/processes/62993671-574c-3fc5-b66a-6be3bb21ad3d.xml,FY19.Q2.01,2026-10-08,retrieved_not_selected
USLCI,630010e9-27e1-3ea8-9845-b87832b536f4,00.00.001,"Harvest, corn, single pass",RNA,2009,"Unit process, black box",673f1eb9-e51c-3e65-a4d6-cff86326989e,1.0,m2,1,2,2,7491610edaee5561557a25a5dc4545a0530a64eca2f7d448c2c6d1d2aa97f114,https://raw.githubusercontent.com/FLCAC-admin/uslci-content/83f722d2c97ca784e3d258ab51ec4f6804625c1f/downloads/uslcy_fy19_q2_01_olca1_8_0_ilcd.zip.zip#ILCD/processes/630010e9-27e1-3ea8-9845-b87832b536f4.xml,FY19.Q2.01,2026-10-08,retrieved_not_selected
USLCI,632c4a92-987f-3675-8ebd-5c7f2a730875,00.00.001,"Reforesting, high intensity site, US PNW",RNA,9998,"Unit process, black box",260f2de6-891d-3e14-bcf1-4ea6a2151c28,1.0,m2,1,7,7,f61f72c4dbe07ca13428c26945c0b4f240cc5f59da161238b6bc7ba2661924bf,https://raw.githubusercontent.com/FLCAC-admin/uslci-content/83f722d2c97ca784e3d258ab51ec4f6804625c1f/downloads/uslcy_fy19_q2_01_olca1_8_0_ilcd.zip.zip#ILCD/processes/632c4a92-987f-3675-8ebd-5c7f2a730875.xml,FY19.Q2.01,2026-10-08,retrieved_not_selected
USLCI,640186a9-d4e0-39cd-9c23-95c215738edd,00.00.002,"Roundwood, hardwood, green, at mill, E",RNA,2006,"Unit process, black box",6ce8c09f-8a15-3d59-a868-8093b62c4ff4,1.0,m3,1,9,9,dbe8e3deda425ac8d1cb936b0b1a035beb98c8b5b3cf83cc84d0f52eafd10213,https://raw.githubusercontent.com/FLCAC-admin/uslci-content/83f722d2c97ca784e3d258ab51ec4f6804625c1f/downloads/uslcy_fy19_q2_01_olca1_8_0_ilcd.zip.zip#ILCD/processes/640186a9-d4e0-39cd-9c23-95c215738edd.xml,FY19.Q2.01,2026-10-08,retrieved_not_selected
USLCI,64268081-0e35-398b-aa66-c9150f3fd3e5,00.00.001,"Scanner, i1150 desktop and i1190 desktop",GLO,2014,"Unit process, black box",7d60a38e-39ab-327d-92d3-c1e4012ac0ee,1.0,Item(s),1,26,26,407d62951cb9e5e6b36b00745a1a9f8c2402ddeb24ed3eccd0df801c6abf8335,https://raw.githubusercontent.com/FLCAC-admin/uslci-content/83f722d2c97ca784e3d258ab51ec4f6804625c1f/downloads/uslcy_fy19_q2_01_olca1_8_0_ilcd.zip.zip#ILCD/processes/64268081-0e35-398b-aa66-c9150f3fd3e5.xml,FY19.Q2.01,2026-10-08,retrieved_not_selected
USLCI,648ab051-f062-3090-aa14-8e1a42150eee,00.00.001,"Roundwood, hardwood, average, Med Intensity Management, NE-NC",RNA,1992,"Unit process, black box",fdae50d6-3ee0-388a-99c1-c403507fb644,138.09,m3,1,11,11,a3767ec96940e3344d7f45d805b30d2b3118f28e7ea0ec8ee45624db415342e0,https://raw.githubusercontent.com/FLCAC-admin/uslci-content/83f722d2c97ca784e3d258ab51ec4f6804625c1f/downloads/uslcy_fy19_q2_01_olca1_8_0_ilcd.zip.zip#ILCD/processes/648ab051-f062-3090-aa14-8e1a42150eee.xml,FY19.Q2.01,2026-10-08,retrieved_not_selected
USLCI,64c379de-b24a-36d0-9170-d61d9d9d7278,00.00.001,"Ethanol, 85%, at blending terminal, 2022",RNA,2007,"Unit process, black box",ec45ebbc-909d-347c-b810-ad895485bcba,1.0,kg,1,6,6,d68243ecdc4faa44f0aa71fdcf69bd0cfccf0edd6bc942bf39f3e733f6e10868,https://raw.githubusercontent.com/FLCAC-admin/uslci-content/83f722d2c97ca784e3d258ab51ec4f6804625c1f/downloads/uslcy_fy19_q2_01_olca1_8_0_ilcd.zip.zip#ILCD/processes/64c379de-b24a-36d0-9170-d61d9d9d7278.xml,FY19.Q2.01,2026-10-08,retrieved_not_selected
USLCI,655c14ed-5b78-3e50-96e5-e21f710143fe,00.00.001,"Roundwood, hardwood, green, at mill, NE-NC",RNA,2004,"Unit process, black box",6aa6dbfe-1550-3b22-8047-feade688efa2,1.0,m3,1,6,6,c56bd55ccd1ee6e71ff1beea5e2e6efc816c3dbdd2707d96469633d19294265b,https://raw.githubusercontent.com/FLCAC-admin/uslci-content/83f722d2c97ca784e3d258ab51ec4f6804625c1f/downloads/uslcy_fy19_q2_01_olca1_8_0_ilcd.zip.zip#ILCD/processes/655c14ed-5b78-3e50-96e5-e21f710143fe.xml,FY19.Q2.01,2026-10-08,retrieved_not_selected
USLCI,659d5d48-92b7-3b01-aa2f-4da4c69811c9,00.00.001,"Roundwood, softwood, green, at mill, NE-NC",RNA,2005,"Unit process, black box",3074e72a-b2ab-3ce7-a014-c2dc554c4b5f,1.0,m3,1,6,6,c313b095dc9fbdb2633c7c5f3fac13429f2dac0e41f0371c333aaa0598285600,https://raw.githubusercontent.com/FLCAC-admin/uslci-content/83f722d2c97ca784e3d258ab51ec4f6804625c1f/downloads/uslcy_fy19_q2_01_olca1_8_0_ilcd.zip.zip#ILCD/processes/659d5d48-92b7-3b01-aa2f-4da4c69811c9.xml,FY19.Q2.01,2026-10-08,retrieved_not_selected
USLCI,65a8c07e-4e93-35e9-a159-b26192873417,00.00.002,"Laminated veneer lumber processing, at plant, US SE",RNA,1999,"Unit process, black box",2548b131-3c39-30d6-b3c1-6af382e7786f,1.0,kg,1,14,14,37c2e46d0f6550ab7f8800d75d315f042a0c11f2607e06ffc98089df81dd2b54,https://raw.githubusercontent.com/FLCAC-admin/uslci-content/83f722d2c97ca784e3d258ab51ec4f6804625c1f/downloads/uslcy_fy19_q2_01_olca1_8_0_ilcd.zip.zip#ILCD/processes/65a8c07e-4e93-35e9-a159-b26192873417.xml,FY19.Q2.01,2026-10-08,retrieved_not_selected
USLCI,65c1eb74-6e07-3e75-8702-81ac26ce6f0e,00.00.001,"Roundwood, softwd, state or private dry forest, steep slope, at forest rd, INW",RNA,1988,"Unit process, black box",67ac2db2-dc05-3d14-93c2-da9c813a9937,174.41,m3,1,12,12,842dc9e1cf5573270344a9cf1465ed21acac2dc5ae3092d05d6aa4158fb56a9a,https://raw.githubusercontent.com/FLCAC-admin/uslci-content/83f722d2c97ca784e3d258ab51ec4f6804625c1f/downloads/uslcy_fy19_q2_01_olca1_8_0_ilcd.zip.zip#ILCD/processes/65c1eb74-6e07-3e75-8702-81ac26ce6f0e.xml,FY19.Q2.01,2026-10-08,retrieved_not_selected
USLCI,65d88b9a-d73a-354d-b9ff-c8503ec42c78,00.00.001,"Automotive painting, electrocoating, per m2",RNA,2004,"Unit process, black box",d53a4cf5-d6ae-3f33-b897-975d6ba2eb11,1.0,m2,1,10,10,e3de33de5d972ba94f32c1260030463e3408c691ea22bfa4bb25a5a8a0441e3a,https://raw.githubusercontent.com/FLCAC-admin/uslci-content/83f722d2c97ca784e3d258ab51ec4f6804625c1f/downloads/uslcy_fy19_q2_01_olca1_8_0_ilcd.zip.zip#ILCD/processes/65d88b9a-d73a-354d-b9ff-c8503ec42c78.xml,FY19.Q2.01,2026-10-08,retrieved_not_selected
USLCI,66280f03-b26f-35c4-bda2-3d4a8652943a,00.00.001,"Electricity, bituminous coal, at power plant",RNA,2001,"Unit process, black box",737e3efb-29d4-3b9d-8d78-6269508c1f59,1.0,MJ,1,60,60,0f4ed175d7cf69bda496af9ab6010179559ad89cdcb7d938207c556d765e1050,https://raw.githubusercontent.com/FLCAC-admin/uslci-content/83f722d2c97ca784e3d258ab51ec4f6804625c1f/downloads/uslcy_fy19_q2_01_olca1_8_0_ilcd.zip.zip#ILCD/processes/66280f03-b26f-35c4-bda2-3d4a8652943a.xml,FY19.Q2.01,2026-10-08,retrieved_not_selected
USLCI,66691548-5be9-3c87-bf87-2f38136bc7bf,00.00.001,"EPS insulation board, at plant",RNA,2004,"Unit process, black box",34c5d9a7-8301-3088-9f4f-ee200cdccdf3,1.0,kg,1,24,24,c83273733b950081f8ea45f17f5439e452fcf903a12bab8e342ebb3714850872,https://raw.githubusercontent.com/FLCAC-admin/uslci-content/83f722d2c97ca784e3d258ab51ec4f6804625c1f/downloads/uslcy_fy19_q2_01_olca1_8_0_ilcd.zip.zip#ILCD/processes/66691548-5be9-3c87-bf87-2f38136bc7bf.xml,FY19.Q2.01,2026-10-08,retrieved_not_selected
USLCI,6693689e-5b52-3a89-8d2b-370235bafbed,00.00.002,"Planed dried lumber processing, at planer mill, US SE",RNA,1998,"Unit process, black box",42f408e1-26cd-3ed2-9bdb-d406ec7b968d,1.0,kg,1,7,7,21bfe399560f163814e443627c2a59f49d635de0bbc62de38e6980c6488de5c1,https://raw.githubusercontent.com/FLCAC-admin/uslci-content/83f722d2c97ca784e3d258ab51ec4f6804625c1f/downloads/uslcy_fy19_q2_01_olca1_8_0_ilcd.zip.zip#ILCD/processes/6693689e-5b52-3a89-8d2b-370235bafbed.xml,FY19.Q2.01,2026-10-08,retrieved_not_selected
USLCI,66cf43e1-e3fe-36b4-8653-bb5b739b0f5e,00.00.001,"Wood fuel, softwood, gen at lumber mill, combusted in industrial boiler, NE-NC",RNA,2003,"Unit process, black box",7790c31b-ad49-308e-8909-f1af0931f198,1.0,kg,1,36,36,12bca9bdd5228bde775a2fa88defd2b772d0341560e6e79cd664dfbd7d1a46b9,https://raw.githubusercontent.com/FLCAC-admin/uslci-content/83f722d2c97ca784e3d258ab51ec4f6804625c1f/downloads/uslcy_fy19_q2_01_olca1_8_0_ilcd.zip.zip#ILCD/processes/66cf43e1-e3fe-36b4-8653-bb5b739b0f5e.xml,FY19.Q2.01,2026-10-08,retrieved_not_selected
USLCI,67759511-8607-395d-8d34-8636b1e47754,00.00.001,"Transport, combination truck, long-haul, diesel powered, Alaska",RNA,2009,"Unit process, black box",761ee8ec-533b-3533-99af-793473d36350,1.0,t*km,1,24,24,b12b975ed59da2001bb9a6aa6b7d22a4c7fe0a78460d33c8b19f6a1eed273ff3,https://raw.githubusercontent.com/FLCAC-admin/uslci-content/83f722d2c97ca784e3d258ab51ec4f6804625c1f/downloads/uslcy_fy19_q2_01_olca1_8_0_ilcd.zip.zip#ILCD/processes/67759511-8607-395d-8d34-8636b1e47754.xml,FY19.Q2.01,2026-10-08,retrieved_not_selected
USLCI,68f4d066-5043-34cc-a944-5041732f8e7a,00.00.001,Corn steep liquor,RNA,2002,"Unit process, black box",96adbc9c-2708-34ab-86af-18ae6560f616,1.0,kg,1,62,62,47f96a323b4368f0307d7870ac04d6e93dc38ebaaba22a05763b1fbe71e7c3d8,https://raw.githubusercontent.com/FLCAC-admin/uslci-content/83f722d2c97ca784e3d258ab51ec4f6804625c1f/downloads/uslcy_fy19_q2_01_olca1_8_0_ilcd.zip.zip#ILCD/processes/68f4d066-5043-34cc-a944-5041732f8e7a.xml,FY19.Q2.01,2026-10-08,retrieved_not_selected
USLCI,6925a6ca-e60a-302a-b521-650ff9a1c64a,00.00.001,"Electricity, at eGrid, RFCE, 2010",RNA,2009,"Unit process, black box",eb20f543-52b4-3506-924c-e09c4c291667,1.0,MJ,1,16,16,90901b6fed756f5fabe840f2d923e7e731704140d87083cdcd66a4c77599fa18,https://raw.githubusercontent.com/FLCAC-admin/uslci-content/83f722d2c97ca784e3d258ab51ec4f6804625c1f/downloads/uslcy_fy19_q2_01_olca1_8_0_ilcd.zip.zip#ILCD/processes/6925a6ca-e60a-302a-b521-650ff9a1c64a.xml,FY19.Q2.01,2026-10-08,retrieved_not_selected
USLCI,6951704b-be4b-313d-9965-8561760f733f,00.00.004,"Dry rough lumber, at kiln, US PNW",RNA,1998,"Unit process, black box",78fd643e-4bcc-3372-8703-ade5d6b1fc04,1.0,kg,1,10,10,49cfd3d8606f7b29df214372184462e243650c8391a4726d69b00d0a0e02ae65,https://raw.githubusercontent.com/FLCAC-admin/uslci-content/83f722d2c97ca784e3d258ab51ec4f6804625c1f/downloads/uslcy_fy19_q2_01_olca1_8_0_ilcd.zip.zip#ILCD/processes/6951704b-be4b-313d-9965-8561760f733f.xml,FY19.Q2.01,2026-10-08,retrieved_not_selected
USLCI,6a01cdd9-09e7-32e8-b32f-2e85b8cd1590,00.00.001,"Transport, single unit truck, long-haul, diesel powered, Central",RNA,2009,"Unit process, black box",48e62384-f1e4-3e18-a9ec-32c8bd2f6786,1.0,t*km,1,24,24,b6bd3fdad48bd329e42bc04f80af1d800b1a8e3fb0f716fc85d6b89169b8aa60,https://raw.githubusercontent.com/FLCAC-admin/uslci-content/83f722d2c97ca784e3d258ab51ec4f6804625c1f/downloads/uslcy_fy19_q2_01_olca1_8_0_ilcd.zip.zip#ILCD/processes/6a01cdd9-09e7-32e8-b32f-2e85b8cd1590.xml,FY19.Q2.01,2026-10-08,retrieved_not_selected
USLCI,6a7f6ad7-02b8-3d41-a800-1cad098783c5,00.00.001,"Transport, combination truck, short-haul, diesel powered, Northwest",RNA,2009,"Unit process, black box",156967a6-7879-3229-a3b1-c8e6455bbe5f,1.0,t*km,1,24,24,aab5140eb733e11211b987d41f24babda0881b7822da24cb2fcbb66180248a05,https://raw.githubusercontent.com/FLCAC-admin/uslci-content/83f722d2c97ca784e3d258ab51ec4f6804625c1f/downloads/uslcy_fy19_q2_01_olca1_8_0_ilcd.zip.zip#ILCD/processes/6a7f6ad7-02b8-3d41-a800-1cad098783c5.xml,FY19.Q2.01,2026-10-08,retrieved_not_selected
USLCI,6b80eeee-54ed-3f0f-82cd-8c29e3aa5d24,00.00.001,"Heat, onsite boiler, hardwood mill average, NE-NC",RNA,2004,"Unit process, black box",97624ce0-6d6a-3376-bfa7-c663b3c7e48d,4.97E-4,MJ,1,8,8,5c4b1075d0d6af7a1d243d3136363269faa9f7ed308a76fcb4b4c955954d85fb,https://raw.githubusercontent.com/FLCAC-admin/uslci-content/83f722d2c97ca784e3d258ab51ec4f6804625c1f/downloads/uslcy_fy19_q2_01_olca1_8_0_ilcd.zip.zip#ILCD/processes/6b80eeee-54ed-3f0f-82cd-8c29e3aa5d24.xml,FY19.Q2.01,2026-10-08,retrieved_not_selected
USLCI,6baa9816-6151-3af1-b230-d28bebfb5227,00.00.002,"Roundwood, hardwood, green, at mill, SE",RNA,2004,"Unit process, black box",d134b25b-dfb0-3414-b9d3-41e551537734,1.0,m3,1,6,6,8485c3fb4b91717ba0b8da02828d26cb0a6d0bce028c23b749c67c091a8095e3,https://raw.githubusercontent.com/FLCAC-admin/uslci-content/83f722d2c97ca784e3d258ab51ec4f6804625c1f/downloads/uslcy_fy19_q2_01_olca1_8_0_ilcd.zip.zip#ILCD/processes/6baa9816-6151-3af1-b230-d28bebfb5227.xml,FY19.Q2.01,2026-10-08,retrieved_not_selected
USLCI,6c0996a5-8104-3770-ae44-aba5a65fa3c3,00.00.001,"Packaging, Production Scanners",GLO,2003,"Unit process, black box",cc3c0e1a-8425-3bd9-ad9a-d4fc62032589,15.766,kg,1,6,6,35d28158dd68d06b65fcdf3c1033805497cfe91a1cb5eaf8a1d7665d8c9abe1e,https://raw.githubusercontent.com/FLCAC-admin/uslci-content/83f722d2c97ca784e3d258ab51ec4f6804625c1f/downloads/uslcy_fy19_q2_01_olca1_8_0_ilcd.zip.zip#ILCD/processes/6c0996a5-8104-3770-ae44-aba5a65fa3c3.xml,FY19.Q2.01,2026-10-08,retrieved_not_selected
USLCI,6c1fba5b-f109-3535-8e27-a8634f64b441,00.00.001,"Transport, light commercial truck, gasoline powered, South",RNA,2009,"Unit process, black box",bfa8509d-276e-3deb-aab4-d96c53aa646f,1.0,t*km,1,24,24,213b434c67a00b301cbcab5bf3fc14fb3d119d9663d9fb24ea75ffac7dfc66d9,https://raw.githubusercontent.com/FLCAC-admin/uslci-content/83f722d2c97ca784e3d258ab51ec4f6804625c1f/downloads/uslcy_fy19_q2_01_olca1_8_0_ilcd.zip.zip#ILCD/processes/6c1fba5b-f109-3535-8e27-a8634f64b441.xml,FY19.Q2.01,2026-10-08,retrieved_not_selected
USLCI,6c96a609-cd7e-3f19-a151-27deb823d3e4,00.00.001,"Combustion, dry wood residue, AP-42",RNA,1994,"Unit process, black box",405b0729-a9a8-308e-8f24-c6610f59b351,1055.87,MJ,1,13,13,115f638fa97a657fe8535fba539c19d3552abd0d4a51c773129dc0db8b67e2ce,https://raw.githubusercontent.com/FLCAC-admin/uslci-content/83f722d2c97ca784e3d258ab51ec4f6804625c1f/downloads/uslcy_fy19_q2_01_olca1_8_0_ilcd.zip.zip#ILCD/processes/6c96a609-cd7e-3f19-a151-27deb823d3e4.xml,FY19.Q2.01,2026-10-08,retrieved_not_selected
USLCI,6ce2af92-11dd-3e96-8f77-4d215ac13b96,00.00.001,"Melamine urea formaldehyde resin, neat, 60% solids",RNA,2004,"Unit process, black box",cfbc5b82-c59c-330b-a12a-134699842889,1.0,kg,1,26,26,fd5ac80b9283a5f7a388c7a464a04b586e93698ba497ae8f5c3e7afcdedf7f36,https://raw.githubusercontent.com/FLCAC-admin/uslci-content/83f722d2c97ca784e3d258ab51ec4f6804625c1f/downloads/uslcy_fy19_q2_01_olca1_8_0_ilcd.zip.zip#ILCD/processes/6ce2af92-11dd-3e96-8f77-4d215ac13b96.xml,FY19.Q2.01,2026-10-08,retrieved_not_selected
USLCI,6d0fc48d-a8d0-3d87-b337-d7fabf9767bc,00.00.001,"Transport, light commercial truck, gasoline powered",RNA,2009,"Unit process, black box",0614f894-cf10-307e-bd58-ac507face752,1.0,t*km,1,24,24,5ba99596a8d1d16f5ca485c7ab069a151e6b58dfe9a905a7246781f3f7d57b44,https://raw.githubusercontent.com/FLCAC-admin/uslci-content/83f722d2c97ca784e3d258ab51ec4f6804625c1f/downloads/uslcy_fy19_q2_01_olca1_8_0_ilcd.zip.zip#ILCD/processes/6d0fc48d-a8d0-3d87-b337-d7fabf9767bc.xml,FY19.Q2.01,2026-10-08,retrieved_not_selected
USLCI,6d60445d-fe08-3328-9757-6c63f96bf05b,00.00.001,"Transport, single unit truck, long-haul, gasoline powered, Northwest",RNA,2009,"Unit process, black box",be1af04a-7fec-3c70-a201-793228fd4126,1.0,t*km,1,24,24,bb70fdc6ffd7f9325f81b9836e6f1662c6264768b54055a9c42db786440a0bec,https://raw.githubusercontent.com/FLCAC-admin/uslci-content/83f722d2c97ca784e3d258ab51ec4f6804625c1f/downloads/uslcy_fy19_q2_01_olca1_8_0_ilcd.zip.zip#ILCD/processes/6d60445d-fe08-3328-9757-6c63f96bf05b.xml,FY19.Q2.01,2026-10-08,retrieved_not_selected
USLCI,6e19103d-ed39-3b71-8c51-0c65b85002a4,00.00.001,"Corn, decomposition, 15.5% moisture",RNA,2009,"Unit process, black box",a3e87cf9-1690-3d33-b60e-695150337e42,1.0,kg,1,2,2,2548bb6ece146fd4507b3aee1fefafbacdf5ae39fb0e89cb1c3ab8daab99d869,https://raw.githubusercontent.com/FLCAC-admin/uslci-content/83f722d2c97ca784e3d258ab51ec4f6804625c1f/downloads/uslcy_fy19_q2_01_olca1_8_0_ilcd.zip.zip#ILCD/processes/6e19103d-ed39-3b71-8c51-0c65b85002a4.xml,FY19.Q2.01,2026-10-08,retrieved_not_selected
USLCI,6ef61870-e92e-34e0-97ba-d62962f70b3e,00.00.001,"Transport, single unit truck, long-haul, diesel powered, Alaska",RNA,2009,"Unit process, black box",cbcc2b6b-b4bc-389e-b529-0e19e5d682df,1.0,t*km,1,24,24,b05ea80e40af0402dd428674f3a4f096a63cc6687aa467811a67b63bf96a7db4,https://raw.githubusercontent.com/FLCAC-admin/uslci-content/83f722d2c97ca784e3d258ab51ec4f6804625c1f/downloads/uslcy_fy19_q2_01_olca1_8_0_ilcd.zip.zip#ILCD/processes/6ef61870-e92e-34e0-97ba-d62962f70b3e.xml,FY19.Q2.01,2026-10-08,retrieved_not_selected
USLCI,6f2532e9-d9c0-368e-89a2-0bd48adb4dab,00.00.001,"Toluene diisocyanate, at plant, CTR",RNA,2002,"Unit process, black box",178c0a07-27f6-3f39-94cd-dc10874c8560,1.0,kg,1,236,236,a6b9df3f33dd141c99790c22c0269d22839c2003e7eb04606fc252e4413732ce,https://raw.githubusercontent.com/FLCAC-admin/uslci-content/83f722d2c97ca784e3d258ab51ec4f6804625c1f/downloads/uslcy_fy19_q2_01_olca1_8_0_ilcd.zip.zip#ILCD/processes/6f2532e9-d9c0-368e-89a2-0bd48adb4dab.xml,FY19.Q2.01,2026-10-08,retrieved_not_selected
USLCI,6f680c13-c0b1-39f1-9496-93c1d6e045d3,00.00.002,"Green veneer processing, at plywood plant, US SE",RNA,1999,"Unit process, black box",6390e841-8d76-3bf4-ac1f-5dd5def6ff08,1.0,kg,1,7,7,d4641beae9cf8103021ea48ce84cc69b39b7fdfa8439e8c14d53fca5f1d577e0,https://raw.githubusercontent.com/FLCAC-admin/uslci-content/83f722d2c97ca784e3d258ab51ec4f6804625c1f/downloads/uslcy_fy19_q2_01_olca1_8_0_ilcd.zip.zip#ILCD/processes/6f680c13-c0b1-39f1-9496-93c1d6e045d3.xml,FY19.Q2.01,2026-10-08,retrieved_not_selected
USLCI,6fb1fcd5-2eab-4e77-9f47-7a557526bb0a,00.00.001,"Blasthole drill; Manufacture; For surface coal mine, at plant",US,2008,"Unit process, black box",d9bc10e1-3bf6-4b60-9baf-6c595e21d041,1.0,Item(s),1,2,2,a85f43f98622ab551dd367fadde7f1302cff7c1844bb28c21151cfa34fa54249,https://raw.githubusercontent.com/FLCAC-admin/uslci-content/83f722d2c97ca784e3d258ab51ec4f6804625c1f/downloads/uslcy_fy19_q2_01_olca1_8_0_ilcd.zip.zip#ILCD/processes/6fb1fcd5-2eab-4e77-9f47-7a557526bb0a.xml,FY19.Q2.01,2026-10-08,retrieved_not_selected
USLCI,6fbf3e05-14c1-39a2-a317-f68bbc2b83c3,00.00.001,"Piling, whole tree slash, at landing, gentle slope forest, INW",RNA,1988,"Unit process, black box",66320316-0018-351f-aacd-863d3d6baac5,1.0,m2,1,3,3,209b7846c1383e19893c4f47607dcd571b03c830553ff755b840f0f8f976df79,https://raw.githubusercontent.com/FLCAC-admin/uslci-content/83f722d2c97ca784e3d258ab51ec4f6804625c1f/downloads/uslcy_fy19_q2_01_olca1_8_0_ilcd.zip.zip#ILCD/processes/6fbf3e05-14c1-39a2-a317-f68bbc2b83c3.xml,FY19.Q2.01,2026-10-08,retrieved_not_selected
USLCI,704d1ff7-6f9e-3f8c-84c3-b8340c3bccad,00.00.001,"Metal panels, roof, at plant",RNA,2010,"Unit process, black box",b68a47d0-a96b-3d15-801d-6d1a41338394,1.0,kg,1,660,660,2151fb3b233efbd25a9819e113e57ab393042490225e32a5464ce31a6bd3e350,https://raw.githubusercontent.com/FLCAC-admin/uslci-content/83f722d2c97ca784e3d258ab51ec4f6804625c1f/downloads/uslcy_fy19_q2_01_olca1_8_0_ilcd.zip.zip#ILCD/processes/704d1ff7-6f9e-3f8c-84c3-b8340c3bccad.xml,FY19.Q2.01,2026-10-08,retrieved_not_selected
USLCI,707525a6-c6e4-31e0-a728-5685f0133b9c,00.00.001,"Transport, single unit truck, long-haul, gasoline powered",RNA,2009,"Unit process, black box",9f52f8d9-5c7c-3d35-a912-376b70769a26,1.0,t*km,1,24,24,1a0cd1f8da62f7b17b54a92e1c0d76c05b1592e30bc157f02755129f0001a77d,https://raw.githubusercontent.com/FLCAC-admin/uslci-content/83f722d2c97ca784e3d258ab51ec4f6804625c1f/downloads/uslcy_fy19_q2_01_olca1_8_0_ilcd.zip.zip#ILCD/processes/707525a6-c6e4-31e0-a728-5685f0133b9c.xml,FY19.Q2.01,2026-10-08,retrieved_not_selected
USLCI,7095d0dc-7ae2-3d72-845e-9158ad075fc1,00.00.001,"Polyol ether, for rigid foam polyurethane production, at plant, CTR",RNA,2002,"Unit process, black box",e13ff3f2-a570-31c8-8355-a6e31eb92ed8,0.23311,MJ,1,235,235,d6851cf2a89f111af1320e105a077221b3e8c1cd5765e18ed3e281b238fa4206,https://raw.githubusercontent.com/FLCAC-admin/uslci-content/83f722d2c97ca784e3d258ab51ec4f6804625c1f/downloads/uslcy_fy19_q2_01_olca1_8_0_ilcd.zip.zip#ILCD/processes/7095d0dc-7ae2-3d72-845e-9158ad075fc1.xml,FY19.Q2.01,2026-10-08,retrieved_not_selected
USLCI,70bfc14c-0e69-36e9-918a-908cc713f7f8,00.00.002,"Oriented strand board processsing, at plant, US SE",RNA,1998,"Unit process, black box",74b5de55-91a1-3edc-99d4-bac3b6da2b2a,1.0,kg,1,24,24,31a61c6d350866ac8aa4c88b53ceb0d5daa8e1bf0c500e2560d7822890714d51,https://raw.githubusercontent.com/FLCAC-admin/uslci-content/83f722d2c97ca784e3d258ab51ec4f6804625c1f/downloads/uslcy_fy19_q2_01_olca1_8_0_ilcd.zip.zip#ILCD/processes/70bfc14c-0e69-36e9-918a-908cc713f7f8.xml,FY19.Q2.01,2026-10-08,retrieved_not_selected
USLCI,711ab26a-94a2-33f9-89da-560c55808297,00.00.001,"Transport, single unit truck, short-haul, diesel powered",RNA,2009,"Unit process, black box",20567d69-c8ee-325c-a98c-43c35b8eb9f4,1.0,t*km,1,24,24,fb7c0ea12530cc46b10f68637eb6464ed853b8a9e0b15bb0a5053dc38544fe15,https://raw.githubusercontent.com/FLCAC-admin/uslci-content/83f722d2c97ca784e3d258ab51ec4f6804625c1f/downloads/uslcy_fy19_q2_01_olca1_8_0_ilcd.zip.zip#ILCD/processes/711ab26a-94a2-33f9-89da-560c55808297.xml,FY19.Q2.01,2026-10-08,retrieved_not_selected
USLCI,71b5dcdf-bdc9-3033-a08c-4186b675de31,00.00.001,"Transport, transit bus, diesel powered, West",RNA,2009,"Unit process, black box",121d7256-c766-3c1a-9505-656c0d1cfb10,1.0,p*km,1,24,24,7995348595e1c42508c039eeccf455d291c1405e271539efcee73acb7d038a8b,https://raw.githubusercontent.com/FLCAC-admin/uslci-content/83f722d2c97ca784e3d258ab51ec4f6804625c1f/downloads/uslcy_fy19_q2_01_olca1_8_0_ilcd.zip.zip#ILCD/processes/71b5dcdf-bdc9-3033-a08c-4186b675de31.xml,FY19.Q2.01,2026-10-08,retrieved_not_selected
USLCI,71f1affd-f714-35df-8899-bd516a989f2a,00.00.001,"Ethylene glycol, at plant",RNA,2002,"Unit process, black box",4dbab98f-d541-3140-886d-3b4aaaa3e749,1.0,kg,1,225,225,01191c077ea4662667573ca816c168a0eb91b0f74c65f52491dc1692fafab5c9,https://raw.githubusercontent.com/FLCAC-admin/uslci-content/83f722d2c97ca784e3d258ab51ec4f6804625c1f/downloads/uslcy_fy19_q2_01_olca1_8_0_ilcd.zip.zip#ILCD/processes/71f1affd-f714-35df-8899-bd516a989f2a.xml,FY19.Q2.01,2026-10-08,retrieved_not_selected
USLCI,726dea3f-ddee-3b80-89d9-a86dc464308d,00.00.001,"Scanner, packaging and information sheets",GLO,2009,"Unit process, black box",38d31926-8577-36d0-8c3b-d152010c9af8,1.88,kg,1,7,7,9a321eae27edd0eceb1f2223b7316e8392cfa3891493011edb924c526983c2f3,https://raw.githubusercontent.com/FLCAC-admin/uslci-content/83f722d2c97ca784e3d258ab51ec4f6804625c1f/downloads/uslcy_fy19_q2_01_olca1_8_0_ilcd.zip.zip#ILCD/processes/726dea3f-ddee-3b80-89d9-a86dc464308d.xml,FY19.Q2.01,2026-10-08,retrieved_not_selected
USLCI,727c4049-41db-3645-a4f9-af66fa92dee0,00.00.001,"Switchgrass, carted, 2022",RNA,1899,"Unit process, black box",360f513b-5196-32f6-83d0-4effb21b0297,9.07,kg,1,4,4,1d397b1d55695833c573ee57921a2902d7921fe14644150b82006bf1cdca6c0c,https://raw.githubusercontent.com/FLCAC-admin/uslci-content/83f722d2c97ca784e3d258ab51ec4f6804625c1f/downloads/uslcy_fy19_q2_01_olca1_8_0_ilcd.zip.zip#ILCD/processes/727c4049-41db-3645-a4f9-af66fa92dee0.xml,FY19.Q2.01,2026-10-08,retrieved_not_selected
USLCI,732a5578-1750-3738-b0f2-607106574358,00.00.001,"Paper, freesheet, uncoated, average production, at mill, 2006",RNA,2005,"Unit process, black box",60ecb9c4-23ed-3332-8693-d13a4d279bb4,21.818,kg,1,103,103,eb51b70a6140517a63fe7f69e8624e1b245a538b4b5d2d24b793b2b41ae13f52,https://raw.githubusercontent.com/FLCAC-admin/uslci-content/83f722d2c97ca784e3d258ab51ec4f6804625c1f/downloads/uslcy_fy19_q2_01_olca1_8_0_ilcd.zip.zip#ILCD/processes/732a5578-1750-3738-b0f2-607106574358.xml,FY19.Q2.01,2026-10-08,retrieved_not_selected
USLCI,73b0cd92-2167-3036-b1bc-df05a09828fc,00.00.001,"Open mold casting, rigid composites part, at plant",RNA,2010,"Unit process, black box",8bbd0d6c-f221-3c28-ab31-021e4dc68d9e,1.0,kg,1,22,22,e3a1465d58e726b30bbb69fabd5ee6da564289066da55bb42807c6a577bc3ae1,https://raw.githubusercontent.com/FLCAC-admin/uslci-content/83f722d2c97ca784e3d258ab51ec4f6804625c1f/downloads/uslcy_fy19_q2_01_olca1_8_0_ilcd.zip.zip#ILCD/processes/73b0cd92-2167-3036-b1bc-df05a09828fc.xml,FY19.Q2.01,2026-10-08,retrieved_not_selected
USLCI,7423f694-8370-3bac-8937-f07e9edf8b68,00.00.001,"Sawn lumber, hardwood, rough, kiln dried, at kiln, SE",RNA,2004,"Unit process, black box",f6d2d323-e3d6-3eda-a615-25122849659c,1.0,m3,1,10,10,3b693ada3de997b3eb4df7969f03bec009aa8798d8846611c0ebb77817421045,https://raw.githubusercontent.com/FLCAC-admin/uslci-content/83f722d2c97ca784e3d258ab51ec4f6804625c1f/downloads/uslcy_fy19_q2_01_olca1_8_0_ilcd.zip.zip#ILCD/processes/7423f694-8370-3bac-8937-f07e9edf8b68.xml,FY19.Q2.01,2026-10-08,retrieved_not_selected
USLCI,743dd072-f828-38a7-9215-0a3d99e104b9,00.00.001,"Electricity, at Grid, TRE, 2008",RNA,2007,"Unit process, black box",97822492-7919-3b0e-bf7c-5ec52de2de1c,1.0,MJ,1,20,20,948881db4cb85f969ee5177f7f6e7c7b20380d7314f623bf679946859438e33d,https://raw.githubusercontent.com/FLCAC-admin/uslci-content/83f722d2c97ca784e3d258ab51ec4f6804625c1f/downloads/uslcy_fy19_q2_01_olca1_8_0_ilcd.zip.zip#ILCD/processes/743dd072-f828-38a7-9215-0a3d99e104b9.xml,FY19.Q2.01,2026-10-08,retrieved_not_selected
USLCI,75b40b26-f169-34f0-9991-c617151c7665,00.00.001,"Transport, light commercial truck, diesel powered, East North Central",RNA,2009,"Unit process, black box",4ef06c8b-ab3b-3419-9a4f-5a949364f0e0,1.0,t*km,1,24,24,ed4f84fb95d99c2aec2822f06529387c612de13a979202aef7e69f9c8892090e,https://raw.githubusercontent.com/FLCAC-admin/uslci-content/83f722d2c97ca784e3d258ab51ec4f6804625c1f/downloads/uslcy_fy19_q2_01_olca1_8_0_ilcd.zip.zip#ILCD/processes/75b40b26-f169-34f0-9991-c617151c7665.xml,FY19.Q2.01,2026-10-08,retrieved_not_selected
USLCI,7666dfe2-42e7-32b1-865c-ad7abef41db3,00.00.001,"Transport, light commercial truck, diesel powered, West",RNA,2009,"Unit process, black box",0de55d26-41a3-3dd4-b6c8-82eecba36c50,1.0,t*km,1,24,24,c6597b23c9d4fb5cafc35af79dc5853d00bb68dc0af3e00f963c018c112b02d4,https://raw.githubusercontent.com/FLCAC-admin/uslci-content/83f722d2c97ca784e3d258ab51ec4f6804625c1f/downloads/uslcy_fy19_q2_01_olca1_8_0_ilcd.zip.zip#ILCD/processes/7666dfe2-42e7-32b1-865c-ad7abef41db3.xml,FY19.Q2.01,2026-10-08,retrieved_not_selected
USLCI,7687e959-9eed-3227-9fe9-29173b951f34,00.00.001,"Transport, motor home, diesel powered",RNA,2009,"Unit process, black box",adadf282-2c56-365f-a20d-29411260d5c5,1.0,p*km,1,24,24,42a4362dd5ab14aff7a9bfbf4c259ace1966d71f0150e0496791e47149765c26,https://raw.githubusercontent.com/FLCAC-admin/uslci-content/83f722d2c97ca784e3d258ab51ec4f6804625c1f/downloads/uslcy_fy19_q2_01_olca1_8_0_ilcd.zip.zip#ILCD/processes/7687e959-9eed-3227-9fe9-29173b951f34.xml,FY19.Q2.01,2026-10-08,retrieved_not_selected
USLCI,76a47261-8a9c-30a2-93a6-f5a029aded6f,00.00.001,"Bauxite, at mine",GLO,1997,"Unit process, black box",3ca71da3-edfd-3ad6-b756-f08a12542156,1.0,kg,1,24,24,708ba5c899db1e9e1954360423500f0ef7b868d637fd6707e5aa21e7452508b0,https://raw.githubusercontent.com/FLCAC-admin/uslci-content/83f722d2c97ca784e3d258ab51ec4f6804625c1f/downloads/uslcy_fy19_q2_01_olca1_8_0_ilcd.zip.zip#ILCD/processes/76a47261-8a9c-30a2-93a6-f5a029aded6f.xml,FY19.Q2.01,2026-10-08,retrieved_not_selected
USLCI,76c3919e-b238-3345-810b-c1734513a6a9,00.00.001,"Post, softwood, CCA treated, SE",RNA,2004,"Unit process, black box",414990c2-6fa8-385d-bb1d-afa84566d33a,1.0,m3,1,37,37,b19286ea277257600d0334f8b3b9537255f880699cadefa5167076675cf44131,https://raw.githubusercontent.com/FLCAC-admin/uslci-content/83f722d2c97ca784e3d258ab51ec4f6804625c1f/downloads/uslcy_fy19_q2_01_olca1_8_0_ilcd.zip.zip#ILCD/processes/76c3919e-b238-3345-810b-c1734513a6a9.xml,FY19.Q2.01,2026-10-08,retrieved_not_selected
USLCI,7768953f-3c60-3024-88f8-e3806a578197,00.00.001,"Electricity, at eGrid, RFCW, 2010",RNA,2009,"Unit process, black box",ce5017f6-ed2d-3b76-99ff-d858f6449649,1.0,MJ,1,15,15,2a36cdd987d33d442aec99291e69b1385fe330be611a677b8066abd893b9a825,https://raw.githubusercontent.com/FLCAC-admin/uslci-content/83f722d2c97ca784e3d258ab51ec4f6804625c1f/downloads/uslcy_fy19_q2_01_olca1_8_0_ilcd.zip.zip#ILCD/processes/7768953f-3c60-3024-88f8-e3806a578197.xml,FY19.Q2.01,2026-10-08,retrieved_not_selected
USLCI,779492b1-344a-3b99-8edd-eaa8244a653c,00.00.001,"Sawn lumber, softwood, rough, kiln dried, at kiln, NE-NC",RNA,2005,"Unit process, black box",a0f02461-4325-3d6b-a0c2-086bbf6c1e29,1.0,m3,1,8,8,466eac7f8af193aa2e0fb0c555caee6060668650dc3bdf742d0926c868c96fbf,https://raw.githubusercontent.com/FLCAC-admin/uslci-content/83f722d2c97ca784e3d258ab51ec4f6804625c1f/downloads/uslcy_fy19_q2_01_olca1_8_0_ilcd.zip.zip#ILCD/processes/779492b1-344a-3b99-8edd-eaa8244a653c.xml,FY19.Q2.01,2026-10-08,retrieved_not_selected
USLCI,77b42094-983d-38b5-bb10-90ae9b5f598c,00.00.001,"Transport, passenger truck, gasoline powered",RNA,2009,"Unit process, black box",46b4563c-a86b-391a-9529-597ddfc479da,1.0,p*km,1,24,24,8b7c57e08e0968c181e38a19af9edffa09c509f99bfa6ce8ca12999ba8fe55bc,https://raw.githubusercontent.com/FLCAC-admin/uslci-content/83f722d2c97ca784e3d258ab51ec4f6804625c1f/downloads/uslcy_fy19_q2_01_olca1_8_0_ilcd.zip.zip#ILCD/processes/77b42094-983d-38b5-bb10-90ae9b5f598c.xml,FY19.Q2.01,2026-10-08,retrieved_not_selected
USLCI,77c9afda-47ba-4e8b-8035-1d627ea8cdcd,00.00.001,"Coal mine methane emissions; Production mix, underground mine",US,2008,"Unit process, black box",75851c42-093d-423a-947d-359780a2359d,1.0,Item(s),1,3,3,1d73263de4ce06d4b48e618036dff820d4ca54b8fa9d9eeeb10eb64c2b06e6b4,https://raw.githubusercontent.com/FLCAC-admin/uslci-content/83f722d2c97ca784e3d258ab51ec4f6804625c1f/downloads/uslcy_fy19_q2_01_olca1_8_0_ilcd.zip.zip#ILCD/processes/77c9afda-47ba-4e8b-8035-1d627ea8cdcd.xml,FY19.Q2.01,2026-10-08,retrieved_not_selected
USLCI,77fe2197-8861-3569-8d85-07151789b1e7,00.00.001,"Aluminum, extrusion, at plant",RNA,2009,"Unit process, black box",8f715a36-b36b-3b20-81ea-7a7e1cdc47fe,1000.0,kg,1,600,600,631fc473419d9874efd2fb1d924917a50e25a3b717dff37d923cd1c6d6a3b5ec,https://raw.githubusercontent.com/FLCAC-admin/uslci-content/83f722d2c97ca784e3d258ab51ec4f6804625c1f/downloads/uslcy_fy19_q2_01_olca1_8_0_ilcd.zip.zip#ILCD/processes/77fe2197-8861-3569-8d85-07151789b1e7.xml,FY19.Q2.01,2026-10-08,retrieved_not_selected
USLCI,7821cc71-02fd-37ae-a50d-cdd9073429bb,00.00.001,"Transport, transit bus, diesel powered, Northeast",RNA,2009,"Unit process, black box",2aff4c87-68b6-3295-8aef-41fbe1aac6cd,1.0,p*km,1,24,24,25d52e5688d34de0ed2f655e64212e57a27ffec05630b53b393c0d541853af9a,https://raw.githubusercontent.com/FLCAC-admin/uslci-content/83f722d2c97ca784e3d258ab51ec4f6804625c1f/downloads/uslcy_fy19_q2_01_olca1_8_0_ilcd.zip.zip#ILCD/processes/7821cc71-02fd-37ae-a50d-cdd9073429bb.xml,FY19.Q2.01,2026-10-08,retrieved_not_selected
USLCI,786522bf-e3a2-3db6-8794-a8d26a370faa,00.00.001,"Harvest, wheat, single pass",RNA,2009,"Unit process, black box",98aa5572-5b40-3a90-8d79-771e63c02838,1.0,m2,1,2,2,5ef0d5ff8a02f67a9a09c1213038204eaf3ee728fe3c57ae770156cfefa6dd46,https://raw.githubusercontent.com/FLCAC-admin/uslci-content/83f722d2c97ca784e3d258ab51ec4f6804625c1f/downloads/uslcy_fy19_q2_01_olca1_8_0_ilcd.zip.zip#ILCD/processes/786522bf-e3a2-3db6-8794-a8d26a370faa.xml,FY19.Q2.01,2026-10-08,retrieved_not_selected
USLCI,7906c042-7330-3046-9b9a-92a4af4f2150,00.00.001,"Hog fuel, self-gen., combusted in ind. boiler, at pulp and paper mill (EXCL.)",RNA,9998,"Unit process, black box",64aec2f1-a029-3332-8f3b-8e8e2a865f61,1.0,kg,1,30,30,31afb8be6b76c6a7e5bd0158d9ea3e268b80e5eda3bfd0c8be084b269cca9527,https://raw.githubusercontent.com/FLCAC-admin/uslci-content/83f722d2c97ca784e3d258ab51ec4f6804625c1f/downloads/uslcy_fy19_q2_01_olca1_8_0_ilcd.zip.zip#ILCD/processes/7906c042-7330-3046-9b9a-92a4af4f2150.xml,FY19.Q2.01,2026-10-08,retrieved_not_selected
USLCI,79cf8ef7-d5e4-3707-9d8b-1292b6b0c24f,00.00.001,"Electricity, at eGrid, SPNO, 2008",RNA,2007,"Unit process, black box",ad9fa2c4-2180-3ffd-95dc-6ff61ebdd77b,1.0,MJ,1,14,14,42cb689f25a56166e47063d0f449fed6f5d45b502fa800e741d7fcaaca73b43d,https://raw.githubusercontent.com/FLCAC-admin/uslci-content/83f722d2c97ca784e3d258ab51ec4f6804625c1f/downloads/uslcy_fy19_q2_01_olca1_8_0_ilcd.zip.zip#ILCD/processes/79cf8ef7-d5e4-3707-9d8b-1292b6b0c24f.xml,FY19.Q2.01,2026-10-08,retrieved_not_selected
USLCI,7a0942f9-5fe3-3a78-aff1-9399fea7c14b,00.00.001,"Zinc, sheet",GLO,2004,"Unit process, black box",808f834e-a34b-37a0-952c-57d6d404de92,1.0,kg,1,457,457,0129508542bf61e81d20738f573f638852bce163e75e5dfc4ecbfbcb74b90d45,https://raw.githubusercontent.com/FLCAC-admin/uslci-content/83f722d2c97ca784e3d258ab51ec4f6804625c1f/downloads/uslcy_fy19_q2_01_olca1_8_0_ilcd.zip.zip#ILCD/processes/7a0942f9-5fe3-3a78-aff1-9399fea7c14b.xml,FY19.Q2.01,2026-10-08,retrieved_not_selected
USLCI,7a2565f8-4a48-3263-9bc9-bcb28dbd58ad,00.00.001,"Oxygen, liquid, at plant",RNA,1989,"Unit process, black box",055e3f80-da33-3f27-be5f-8d0c59872b9a,1.0,kg,1,3,3,1e1e42779ab25983ebfb45915509ce9447713e441d4482779b4bde93d6ca7c4e,https://raw.githubusercontent.com/FLCAC-admin/uslci-content/83f722d2c97ca784e3d258ab51ec4f6804625c1f/downloads/uslcy_fy19_q2_01_olca1_8_0_ilcd.zip.zip#ILCD/processes/7a2565f8-4a48-3263-9bc9-bcb28dbd58ad.xml,FY19.Q2.01,2026-10-08,retrieved_not_selected
USLCI,7a44c9fa-db0b-3bec-8086-e4b7bf60d141,00.00.001,"Transport, school bus, diesel powered, Southeast",RNA,2009,"Unit process, black box",bef027ef-7a91-38e1-aef9-548e481cdfdb,1.0,p*km,1,24,24,d396335652d481b20ae8d66d6138f8893552a522728cfb2b01519cc9e48cef4f,https://raw.githubusercontent.com/FLCAC-admin/uslci-content/83f722d2c97ca784e3d258ab51ec4f6804625c1f/downloads/uslcy_fy19_q2_01_olca1_8_0_ilcd.zip.zip#ILCD/processes/7a44c9fa-db0b-3bec-8086-e4b7bf60d141.xml,FY19.Q2.01,2026-10-08,retrieved_not_selected
USLCI,7aa8e2ff-0e2f-3e6c-b168-ec5168b4be6a,00.00.001,"Ethanol, denatured, wheat straw, biochemical",RNA,2008,"Unit process, black box",4f541c34-ea5e-3580-a001-80ed28198120,26100.0,kg,1,35,35,7a61bfff582f52d07b0fd89dda3da2c01cd7b326b588a4895752c99783754886,https://raw.githubusercontent.com/FLCAC-admin/uslci-content/83f722d2c97ca784e3d258ab51ec4f6804625c1f/downloads/uslcy_fy19_q2_01_olca1_8_0_ilcd.zip.zip#ILCD/processes/7aa8e2ff-0e2f-3e6c-b168-ec5168b4be6a.xml,FY19.Q2.01,2026-10-08,retrieved_not_selected
USLCI,7ac14cbe-026f-3e50-9e49-831fbc193e4b,00.00.001,"Transport, refuse truck, diesel powered, Northeast region",RNA,2009,"Unit process, black box",da657c90-00a0-3856-a87a-5cb2a2951035,1.0,t*km,1,24,24,1bf062db7c2c7a336ab33e84c6fac5c92995155ac2c299bf4041d2f3115cecab,https://raw.githubusercontent.com/FLCAC-admin/uslci-content/83f722d2c97ca784e3d258ab51ec4f6804625c1f/downloads/uslcy_fy19_q2_01_olca1_8_0_ilcd.zip.zip#ILCD/processes/7ac14cbe-026f-3e50-9e49-831fbc193e4b.xml,FY19.Q2.01,2026-10-08,retrieved_not_selected
USLCI,7b1dbcce-4271-3933-808f-8c72f4615bb6,00.00.001,"Electricity, at eGrid, AZNM, 2010",RNA,2009,"Unit process, black box",e38bb9c7-4938-3512-bd2a-8b16098fd9bf,1.0,MJ,1,15,15,fd601374ebed609449c87b8f34d2e3a599cd07b3d4124ebe220bdb2f75bd6ff4,https://raw.githubusercontent.com/FLCAC-admin/uslci-content/83f722d2c97ca784e3d258ab51ec4f6804625c1f/downloads/uslcy_fy19_q2_01_olca1_8_0_ilcd.zip.zip#ILCD/processes/7b1dbcce-4271-3933-808f-8c72f4615bb6.xml,FY19.Q2.01,2026-10-08,retrieved_not_selected
USLCI,7b7babef-a97a-3510-88f2-ee70aa1fa03b,00.00.001,"Natural gas, combusted in industrial equipment",RNA,1998,"Unit process, black box",9dfc02c2-db7e-3c19-b120-165cab1a22c5,1.0,m3,1,23,23,382ca1d7905f329c39d3ebca8f8ff4bdf8a9dc812c9fece9b53f6df36b635711,https://raw.githubusercontent.com/FLCAC-admin/uslci-content/83f722d2c97ca784e3d258ab51ec4f6804625c1f/downloads/uslcy_fy19_q2_01_olca1_8_0_ilcd.zip.zip#ILCD/processes/7b7babef-a97a-3510-88f2-ee70aa1fa03b.xml,FY19.Q2.01,2026-10-08,retrieved_not_selected
USLCI,7ba5512f-6769-3c2f-a676-75d2b860f4f5,00.00.001,"Metal panels, wall, at plant",RNA,2010,"Unit process, black box",9af1df3c-c4b0-3397-8aca-f22701557d09,1.0,kg,1,660,660,533a6bc27a907f577bdc3f4caa13ddab64d00ae71efb74a8a510874892afa970,https://raw.githubusercontent.com/FLCAC-admin/uslci-content/83f722d2c97ca784e3d258ab51ec4f6804625c1f/downloads/uslcy_fy19_q2_01_olca1_8_0_ilcd.zip.zip#ILCD/processes/7ba5512f-6769-3c2f-a676-75d2b860f4f5.xml,FY19.Q2.01,2026-10-08,retrieved_not_selected
USLCI,7bb0a646-ffd2-315b-b8c7-f931492dbed9,00.00.001,"Scanner, department, i3200, i3400",GLO,2003,"Unit process, black box",3755f873-9765-3dd8-a9a2-7f6ae9cf1d88,1.0,Item(s),1,30,30,78795e651044769a1914af596dd43ee47814ff85c12a5234d19c73bc35743640,https://raw.githubusercontent.com/FLCAC-admin/uslci-content/83f722d2c97ca784e3d258ab51ec4f6804625c1f/downloads/uslcy_fy19_q2_01_olca1_8_0_ilcd.zip.zip#ILCD/processes/7bb0a646-ffd2-315b-b8c7-f931492dbed9.xml,FY19.Q2.01,2026-10-08,retrieved_not_selected
USLCI,7c253d48-8af2-3534-8ba1-e5a751436fa4,00.00.001,"Electricity, at eGrid, RFCE, 2008",RNA,2007,"Unit process, black box",45065992-f3fd-39d5-bf44-0190a717eb6c,1.0,MJ,1,28,28,5e995d08a3aba4552c326646a90db78b66f820da93e7f1a379437b64d9c4bfd4,https://raw.githubusercontent.com/FLCAC-admin/uslci-content/83f722d2c97ca784e3d258ab51ec4f6804625c1f/downloads/uslcy_fy19_q2_01_olca1_8_0_ilcd.zip.zip#ILCD/processes/7c253d48-8af2-3534-8ba1-e5a751436fa4.xml,FY19.Q2.01,2026-10-08,retrieved_not_selected
USLCI,7c487753-f198-3362-8848-fcec7767c14c,00.00.001,"Electricity, at grid, Western US, 2000",RNA,1999,"Unit process, black box",063de97f-fed9-351d-88bc-62062e4672fd,1.0,MJ,1,11,11,d2757f961f2f3830d12beacf0e13e99e9b9c17f3b8b8d4517e0b1d2f91a35937,https://raw.githubusercontent.com/FLCAC-admin/uslci-content/83f722d2c97ca784e3d258ab51ec4f6804625c1f/downloads/uslcy_fy19_q2_01_olca1_8_0_ilcd.zip.zip#ILCD/processes/7c487753-f198-3362-8848-fcec7767c14c.xml,FY19.Q2.01,2026-10-08,retrieved_not_selected
USLCI,7d4b3e99-113c-3279-b856-b904eb9295fc,00.00.001,"Scanner, department, i5200v, i5600v",GLO,2003,"Unit process, black box",2495d2c0-046a-329b-9065-a48ab545a9ae,1.0,Item(s),1,35,35,6dfd0b00592da495e379d3deb63512427aae8cbb9be15ce29f72553e962050bd,https://raw.githubusercontent.com/FLCAC-admin/uslci-content/83f722d2c97ca784e3d258ab51ec4f6804625c1f/downloads/uslcy_fy19_q2_01_olca1_8_0_ilcd.zip.zip#ILCD/processes/7d4b3e99-113c-3279-b856-b904eb9295fc.xml,FY19.Q2.01,2026-10-08,retrieved_not_selected
USLCI,7d66e309-5774-4aea-88ce-56868c6f54a7,00.00.006,"Electricity, Western US, 2014",US,2013,"Unit process, black box",,,,2,9,9,e41c9691557ea0f4aa451ed94bafef3d9d9f5f74bd8eaf6d2a352cea3da3229f,https://raw.githubusercontent.com/FLCAC-admin/uslci-content/83f722d2c97ca784e3d258ab51ec4f6804625c1f/downloads/uslcy_fy19_q2_01_olca1_8_0_ilcd.zip.zip#ILCD/processes/7d66e309-5774-4aea-88ce-56868c6f54a7.xml,FY19.Q2.01,2026-10-08,retrieved_not_selected
USLCI,7de9c230-fd0f-3478-be87-f80181132faa,00.00.001,"Transport, train, diesel powered",RNA,2000,"Unit process, black box",73c7494d-4e93-3769-896b-8bb82f0dfccc,1.0,t*km,1,10,10,8dd7b96c292b91bfbd2b760f6174987cac0d546e30a9a1775500371d22c302e2,https://raw.githubusercontent.com/FLCAC-admin/uslci-content/83f722d2c97ca784e3d258ab51ec4f6804625c1f/downloads/uslcy_fy19_q2_01_olca1_8_0_ilcd.zip.zip#ILCD/processes/7de9c230-fd0f-3478-be87-f80181132faa.xml,FY19.Q2.01,2026-10-08,retrieved_not_selected
USLCI,7e57a70b-5821-35c8-a8be-496bc9872632,00.00.001,"Sawn Lumber, softwood, planed, kiln dried, at planer mill, INW",RNA,2005,"Unit process, black box",8106bdd0-8f4c-319e-b227-568dfb99fc3e,1.0,m3,1,8,8,18585cbfc3ade167cafe8ad4d421219d751b3c839943cde02811feb80f0423b1,https://raw.githubusercontent.com/FLCAC-admin/uslci-content/83f722d2c97ca784e3d258ab51ec4f6804625c1f/downloads/uslcy_fy19_q2_01_olca1_8_0_ilcd.zip.zip#ILCD/processes/7e57a70b-5821-35c8-a8be-496bc9872632.xml,FY19.Q2.01,2026-10-08,retrieved_not_selected
USLCI,7e58b660-7134-34da-a89f-cb6d2b81ba59,00.00.001,"Transport, refuse truck, diesel powered, Central",RNA,2009,"Unit process, black box",d806210d-b937-3b04-8348-53e2c8d13c3e,1.0,t*km,1,24,24,ee3fdcdc7e886b505620f17421e9305958234c4f2e8fdadf83cf6958767e2209,https://raw.githubusercontent.com/FLCAC-admin/uslci-content/83f722d2c97ca784e3d258ab51ec4f6804625c1f/downloads/uslcy_fy19_q2_01_olca1_8_0_ilcd.zip.zip#ILCD/processes/7e58b660-7134-34da-a89f-cb6d2b81ba59.xml,FY19.Q2.01,2026-10-08,retrieved_not_selected
USLCI,7e5c3461-8dcf-3ef1-b35c-514d31639f0e,00.00.001,"Transport, single unit truck, short-haul, diesel powered, East North Central",RNA,2009,"Unit process, black box",ec23e797-e586-3a80-a9eb-8df22095e5e1,1.0,t*km,1,24,24,8bdb9064aeedf1e6edd27f3596176e101152460364d6fb227cab9e7e6371204f,https://raw.githubusercontent.com/FLCAC-admin/uslci-content/83f722d2c97ca784e3d258ab51ec4f6804625c1f/downloads/uslcy_fy19_q2_01_olca1_8_0_ilcd.zip.zip#ILCD/processes/7e5c3461-8dcf-3ef1-b35c-514d31639f0e.xml,FY19.Q2.01,2026-10-08,retrieved_not_selected
USLCI,7ecb3bc9-7d57-34b5-845f-bd71e3f723cc,00.00.001,"Single-ply, white, polyester reinforced PVC roofing membrane, 48 mils (1.219 mm)",RNA,2009,"Unit process, black box",9f52cfee-a8ac-31e2-8d2d-7d91b1c62750,1.0,m2,1,663,663,57bb15259ff0f2bc3cb223696758f76d432409a399d9ebadfa5404f06ec3e286,https://raw.githubusercontent.com/FLCAC-admin/uslci-content/83f722d2c97ca784e3d258ab51ec4f6804625c1f/downloads/uslcy_fy19_q2_01_olca1_8_0_ilcd.zip.zip#ILCD/processes/7ecb3bc9-7d57-34b5-845f-bd71e3f723cc.xml,FY19.Q2.01,2026-10-08,retrieved_not_selected
USLCI,7ee5b4ca-1a5e-3d26-8e79-0805a115e444,00.00.001,"RFO, combusted in industrial boiler, at pulp and paper mill (EXCL.)",RNA,1997,"Unit process, black box",11b6f8e6-4c6c-395a-a27a-2609c58d32a0,1.0,m3,1,32,32,dfbd15e5ca3115380c2d090a7d5c997352c18a602d4101f92ddd99b131307ca4,https://raw.githubusercontent.com/FLCAC-admin/uslci-content/83f722d2c97ca784e3d258ab51ec4f6804625c1f/downloads/uslcy_fy19_q2_01_olca1_8_0_ilcd.zip.zip#ILCD/processes/7ee5b4ca-1a5e-3d26-8e79-0805a115e444.xml,FY19.Q2.01,2026-10-08,retrieved_not_selected
USLCI,7fa00b86-ca0f-321a-94a6-c8f68338a7cb,00.00.001,"Cladding, roll formed, at plant",RNA,2014,"Unit process, black box",2ac49c5b-d9ae-3496-8638-01f9a90123c7,1.0,m2,1,24,24,c1e8dc671714e0c210d064dcafc0b74df961fdf02fa3500ed2521fcfb4893206,https://raw.githubusercontent.com/FLCAC-admin/uslci-content/83f722d2c97ca784e3d258ab51ec4f6804625c1f/downloads/uslcy_fy19_q2_01_olca1_8_0_ilcd.zip.zip#ILCD/processes/7fa00b86-ca0f-321a-94a6-c8f68338a7cb.xml,FY19.Q2.01,2026-10-08,retrieved_not_selected
USLCI,7fecaec4-9fbf-3f51-98fe-0e6e19150620,00.00.002,"Composite wood I-joist processing, at plant, US SE",RNA,1999,"Unit process, black box",25c175cd-2e46-3a10-81e5-20a70cf3ec4c,1.0,kg,1,17,17,344de21b651cba5fd4445cb0230352fe542436b662f9bab8d28ae551dac832cb,https://raw.githubusercontent.com/FLCAC-admin/uslci-content/83f722d2c97ca784e3d258ab51ec4f6804625c1f/downloads/uslcy_fy19_q2_01_olca1_8_0_ilcd.zip.zip#ILCD/processes/7fecaec4-9fbf-3f51-98fe-0e6e19150620.xml,FY19.Q2.01,2026-10-08,retrieved_not_selected
USLCI,80fa4691-56d0-3019-a021-30c3b187e63e,00.00.001,"Wood, particleboard, generated on-site, combusted in industrial boiler",RNA,1994,"Unit process, black box",03c57be6-9cea-337b-9b0a-b642dff77173,1.0,kg,1,26,26,ff43b3d07f780e95b1a0bfc577e1c6170e77cb250910c5b1b4e30120d5d83ca8,https://raw.githubusercontent.com/FLCAC-admin/uslci-content/83f722d2c97ca784e3d258ab51ec4f6804625c1f/downloads/uslcy_fy19_q2_01_olca1_8_0_ilcd.zip.zip#ILCD/processes/80fa4691-56d0-3019-a021-30c3b187e63e.xml,FY19.Q2.01,2026-10-08,retrieved_not_selected
USLCI,81ba51cf-3b37-4848-93c4-e479dd692492,00.00.001,"Coal mine equipment assembly; Production mix, underground mine",US,2005,"Unit process, black box",6b2ebd41-6faa-4963-b6ab-cb4f57857498,1.0,Item(s),1,6,6,bf78a348c4d84948d96818fa7312b5b2e668fa9ae3f6160c1ac16b36f775663c,https://raw.githubusercontent.com/FLCAC-admin/uslci-content/83f722d2c97ca784e3d258ab51ec4f6804625c1f/downloads/uslcy_fy19_q2_01_olca1_8_0_ilcd.zip.zip#ILCD/processes/81ba51cf-3b37-4848-93c4-e479dd692492.xml,FY19.Q2.01,2026-10-08,retrieved_not_selected
USLCI,828f7d75-d8c9-4453-8a31-1d10b4b4f0c2,00.00.001,"Electric tail drive; Manufacture; For underground coal mine, at plant",US,2007,"Unit process, black box",98dd6647-7a96-4638-afe5-3394b8e73057,1.0,Item(s),1,2,2,11347c13c50b091dbc82a3d50e9ae16a6b99cc051a75b3025bc486c2d8a613f5,https://raw.githubusercontent.com/FLCAC-admin/uslci-content/83f722d2c97ca784e3d258ab51ec4f6804625c1f/downloads/uslcy_fy19_q2_01_olca1_8_0_ilcd.zip.zip#ILCD/processes/828f7d75-d8c9-4453-8a31-1d10b4b4f0c2.xml,FY19.Q2.01,2026-10-08,retrieved_not_selected
USLCI,829dbcc5-70eb-324d-a6c1-c20870342237,00.00.001,"Transport, light commercial truck, diesel powered, Northwest",RNA,2009,"Unit process, black box",6b776dc6-d6b5-3af7-a57a-d35cffb1777f,1.0,t*km,1,24,24,35ff2a934b6cf240ca6417cfdcee5449233a3c80709c1b2768a5c0fbaabaed5b,https://raw.githubusercontent.com/FLCAC-admin/uslci-content/83f722d2c97ca784e3d258ab51ec4f6804625c1f/downloads/uslcy_fy19_q2_01_olca1_8_0_ilcd.zip.zip#ILCD/processes/829dbcc5-70eb-324d-a6c1-c20870342237.xml,FY19.Q2.01,2026-10-08,retrieved_not_selected
USLCI,829eb677-aa4c-3a1a-9611-c03515c40326,00.00.001,"Transport, combination truck, long-haul, diesel powered, Northwest",RNA,2009,"Unit process, black box",ef19bc74-6a79-3ee0-862d-be0a039ccb51,1.0,t*km,1,24,24,bfca49d78a76e98ffdb4ce47e31ddfc3795deb22e35b27ed8c41b514c5f7cf07,https://raw.githubusercontent.com/FLCAC-admin/uslci-content/83f722d2c97ca784e3d258ab51ec4f6804625c1f/downloads/uslcy_fy19_q2_01_olca1_8_0_ilcd.zip.zip#ILCD/processes/829eb677-aa4c-3a1a-9611-c03515c40326.xml,FY19.Q2.01,2026-10-08,retrieved_not_selected
USLCI,830ab1be-b787-3482-9e08-512fd93b61f8,00.00.001,"Electricity, at eGrid, NYUP, 2008",RNA,2007,"Unit process, black box",32619959-75d3-3f3a-9c98-2ef9a5b3802a,1.0,MJ,1,19,19,b9c5162bf6b1b12430f146b43beb2dee062f5b88dc194cdba1f3676978856d3e,https://raw.githubusercontent.com/FLCAC-admin/uslci-content/83f722d2c97ca784e3d258ab51ec4f6804625c1f/downloads/uslcy_fy19_q2_01_olca1_8_0_ilcd.zip.zip#ILCD/processes/830ab1be-b787-3482-9e08-512fd93b61f8.xml,FY19.Q2.01,2026-10-08,retrieved_not_selected
USLCI,83494409-4f95-3c7d-b7d7-09653dd86919,00.00.001,"Transport, light commercial truck, diesel powered, Southwest",RNA,2009,"Unit process, black box",a504379c-cbc5-3a87-a68f-46416009301a,1.0,t*km,1,24,24,dbd2448984ebfeb64e7598d17052e5438980aa4e03fba87f3b13af136bd5241a,https://raw.githubusercontent.com/FLCAC-admin/uslci-content/83f722d2c97ca784e3d258ab51ec4f6804625c1f/downloads/uslcy_fy19_q2_01_olca1_8_0_ilcd.zip.zip#ILCD/processes/83494409-4f95-3c7d-b7d7-09653dd86919.xml,FY19.Q2.01,2026-10-08,retrieved_not_selected
USLCI,8380a79d-cebe-3498-852f-6da478e8b52a,00.00.001,"Conditioned log, at plywood plant, US SE",RNA,1999,"Unit process, black box",1c5b54b1-8ae9-3ef2-b5ee-70da0fc070ac,1.0,kg,1,6,6,d3de303ad82632d6594a8266e54ed304d352890394673cc70a43b5afe7722913,https://raw.githubusercontent.com/FLCAC-admin/uslci-content/83f722d2c97ca784e3d258ab51ec4f6804625c1f/downloads/uslcy_fy19_q2_01_olca1_8_0_ilcd.zip.zip#ILCD/processes/8380a79d-cebe-3498-852f-6da478e8b52a.xml,FY19.Q2.01,2026-10-08,retrieved_not_selected
USLCI,83fff53a-ffc2-3d4f-8141-69264f86b529,00.00.001,"Transport, intercity bus, diesel powered, Alaska",RNA,2009,"Unit process, black box",da4c96d9-8653-3eba-b113-8e59cf031c8e,1.0,p*km,1,24,24,8ba9578c3a1f42244b64878d1dfc0d09b6109b4bcd1cfcb59eef42b22ea59d8c,https://raw.githubusercontent.com/FLCAC-admin/uslci-content/83f722d2c97ca784e3d258ab51ec4f6804625c1f/downloads/uslcy_fy19_q2_01_olca1_8_0_ilcd.zip.zip#ILCD/processes/83fff53a-ffc2-3d4f-8141-69264f86b529.xml,FY19.Q2.01,2026-10-08,retrieved_not_selected
USLCI,842eac5c-e9fe-4cec-86db-da0da38ed7b2,00.00.006,"Electricity, Texas US, 2014",US,2013,"Unit process, black box",,,,2,9,9,00ece0dcf792905b1e8e699b19d878655ff18e3f4391271fce183097b01d014a,https://raw.githubusercontent.com/FLCAC-admin/uslci-content/83f722d2c97ca784e3d258ab51ec4f6804625c1f/downloads/uslcy_fy19_q2_01_olca1_8_0_ilcd.zip.zip#ILCD/processes/842eac5c-e9fe-4cec-86db-da0da38ed7b2.xml,FY19.Q2.01,2026-10-08,retrieved_not_selected
USLCI,84aeb815-88d9-3205-862b-ffb3b6b54baa,00.00.001,"Transport, single unit truck, long-haul, diesel powered, South",RNA,2009,"Unit process, black box",ad68966a-8e44-3006-8928-4ecf95ebde15,1.0,t*km,1,24,24,59709cecc1b4a48c14fb91eb906ef5509b7c8056e074594b5386e75b56f8e068,https://raw.githubusercontent.com/FLCAC-admin/uslci-content/83f722d2c97ca784e3d258ab51ec4f6804625c1f/downloads/uslcy_fy19_q2_01_olca1_8_0_ilcd.zip.zip#ILCD/processes/84aeb815-88d9-3205-862b-ffb3b6b54baa.xml,FY19.Q2.01,2026-10-08,retrieved_not_selected
USLCI,84d335bb-f2ce-38dc-b81f-55d4eb7408c7,00.00.001,Office scanner,GLO,2009,"Unit process, black box",72617478-fdf2-3581-a069-d3ccf23ed07a,8.703,kg,1,32,32,c5894fb8a7de2c70d9c76642ec55c91e981a817c74a827b07daf909f701ac21a,https://raw.githubusercontent.com/FLCAC-admin/uslci-content/83f722d2c97ca784e3d258ab51ec4f6804625c1f/downloads/uslcy_fy19_q2_01_olca1_8_0_ilcd.zip.zip#ILCD/processes/84d335bb-f2ce-38dc-b81f-55d4eb7408c7.xml,FY19.Q2.01,2026-10-08,retrieved_not_selected
USLCI,8504caf4-bea5-3ab2-b8f9-d4861e819f92,00.00.001,"Corn grain, harvested and stored",RNA,2009,"Unit process, black box",510d2c9a-5542-30fb-b8e6-2d9460fe055c,8790.0,kg,1,9,9,1dac4572c31658b6a34fdcb18bf8283e6868cad3700e44764e2b0f439665bb98,https://raw.githubusercontent.com/FLCAC-admin/uslci-content/83f722d2c97ca784e3d258ab51ec4f6804625c1f/downloads/uslcy_fy19_q2_01_olca1_8_0_ilcd.zip.zip#ILCD/processes/8504caf4-bea5-3ab2-b8f9-d4861e819f92.xml,FY19.Q2.01,2026-10-08,retrieved_not_selected
USLCI,8560388b-7ea1-38b7-befc-fd25d5deb450,00.00.001,"Steel, stainless 304, quarto plate",RNA,2007,"Unit process, black box",99620b27-83a1-301d-8290-1d94cd81af3f,1.0,kg,1,631,631,7278da44b07652ea05f83cde0afe3babd66f9174868f1c24354d88d6a6b77d6b,https://raw.githubusercontent.com/FLCAC-admin/uslci-content/83f722d2c97ca784e3d258ab51ec4f6804625c1f/downloads/uslcy_fy19_q2_01_olca1_8_0_ilcd.zip.zip#ILCD/processes/8560388b-7ea1-38b7-befc-fd25d5deb450.xml,FY19.Q2.01,2026-10-08,retrieved_not_selected
USLCI,85a03eac-6e0a-3c47-8a18-e71b16e913f9,00.00.001,"Transport, light commercial truck, diesel powered, Hawaii",RNA,2009,"Unit process, black box",b3de23ed-48a6-3601-bbdb-afc96545f502,1.0,t*km,1,24,24,a3e164d77a4197a2a890a543cc50ca05e6439116dfb1dcdd0e40c4832c9a0618,https://raw.githubusercontent.com/FLCAC-admin/uslci-content/83f722d2c97ca784e3d258ab51ec4f6804625c1f/downloads/uslcy_fy19_q2_01_olca1_8_0_ilcd.zip.zip#ILCD/processes/85a03eac-6e0a-3c47-8a18-e71b16e913f9.xml,FY19.Q2.01,2026-10-08,retrieved_not_selected
USLCI,85b81e30-2422-36fc-8144-1459b1b993b2,00.00.001,"Gypsum wallboard product, regular, 0.5 inch (12.7 mm)",RNA,2009,"Unit process, black box",3a54692b-85cb-3a4f-99a3-475ae1b06671,1.0,m2,1,677,677,629e779113cbdee744be69e1f2894d67011daabb119ae0f5a8110d45a3e2df39,https://raw.githubusercontent.com/FLCAC-admin/uslci-content/83f722d2c97ca784e3d258ab51ec4f6804625c1f/downloads/uslcy_fy19_q2_01_olca1_8_0_ilcd.zip.zip#ILCD/processes/85b81e30-2422-36fc-8144-1459b1b993b2.xml,FY19.Q2.01,2026-10-08,retrieved_not_selected
USLCI,85cc9ce7-c801-36bd-ac92-2bb7bf7b5209,00.00.001,"Fuels, burned at unbleached kraft bag sack paper, average production, at mill",RNA,2005,"Unit process, black box",9475d62c-11e0-351b-aa9e-7fb9e035b96b,11045.0,MJ,1,66,66,f20cb59a4db4d8003314c38d05ba658b5c624ae0937ebb2efd949f599cdf44bb,https://raw.githubusercontent.com/FLCAC-admin/uslci-content/83f722d2c97ca784e3d258ab51ec4f6804625c1f/downloads/uslcy_fy19_q2_01_olca1_8_0_ilcd.zip.zip#ILCD/processes/85cc9ce7-c801-36bd-ac92-2bb7bf7b5209.xml,FY19.Q2.01,2026-10-08,retrieved_not_selected
USLCI,867e7c9e-178d-394a-8d82-a87226fb9331,00.00.001,"Bark, softwood, average, state or private moist cold forest, at forest road, INW",RNA,1988,"Unit process, black box",ea00adb9-1cf5-39ff-b2a8-b9b8d24de113,1.0,kg,1,3,3,738f1b2bfc7db37a6b812dc8728fb6cf20f07148634263a38472e556c7935b38,https://raw.githubusercontent.com/FLCAC-admin/uslci-content/83f722d2c97ca784e3d258ab51ec4f6804625c1f/downloads/uslcy_fy19_q2_01_olca1_8_0_ilcd.zip.zip#ILCD/processes/867e7c9e-178d-394a-8d82-a87226fb9331.xml,FY19.Q2.01,2026-10-08,retrieved_not_selected
USLCI,86f6f00c-429b-3869-a821-b553fde6433c,00.00.001,"Seedlings, at greenhouse, US PNW",RNA,9998,"Unit process, black box",802a9e77-7e37-322e-a622-e53e31576e10,1.0,Item(s),1,7,7,4d750ac296cc1a4ff31b36ac49e049225889ae95b1ea57d1aedc082477349b4b,https://raw.githubusercontent.com/FLCAC-admin/uslci-content/83f722d2c97ca784e3d258ab51ec4f6804625c1f/downloads/uslcy_fy19_q2_01_olca1_8_0_ilcd.zip.zip#ILCD/processes/86f6f00c-429b-3869-a821-b553fde6433c.xml,FY19.Q2.01,2026-10-08,retrieved_not_selected
USLCI,873b8879-eb22-3c60-b224-1a3aa8f2eadd,00.00.001,"Transport, intercity bus, diesel powered, Hawaii",RNA,2009,"Unit process, black box",b7463733-2c78-34c0-ae0d-c9bf888a6328,1.0,p*km,1,24,24,2bc0520950948996e244559fe9c9059f3e4b2da8ff6e5089825a1725fe5781f8,https://raw.githubusercontent.com/FLCAC-admin/uslci-content/83f722d2c97ca784e3d258ab51ec4f6804625c1f/downloads/uslcy_fy19_q2_01_olca1_8_0_ilcd.zip.zip#ILCD/processes/873b8879-eb22-3c60-b224-1a3aa8f2eadd.xml,FY19.Q2.01,2026-10-08,retrieved_not_selected
USLCI,873e9087-c13b-34fa-859e-c0397d27cb66,00.00.001,"Scanner, desktop, i2900",GLO,2003,"Unit process, black box",48ca8de5-b734-3521-a8c2-849a428059d8,1.0,Item(s),1,30,30,3e3a8beb0f85432f0194f8abf9150039078fc0ba09f191739df781d0644147fc,https://raw.githubusercontent.com/FLCAC-admin/uslci-content/83f722d2c97ca784e3d258ab51ec4f6804625c1f/downloads/uslcy_fy19_q2_01_olca1_8_0_ilcd.zip.zip#ILCD/processes/873e9087-c13b-34fa-859e-c0397d27cb66.xml,FY19.Q2.01,2026-10-08,retrieved_not_selected
USLCI,874dc726-50f1-300b-958f-9335fd1c53cd,00.00.001,"White mineral oil, at plant",RNA,1988,"Unit process, black box",5b187fd4-1b60-3d48-83b7-bf743efcbd86,1.0,kg,1,14,14,e51ff4f1fb6a44c0afcafb4947777b73c71f610ebfd515ef69404e58fcca7fc7,https://raw.githubusercontent.com/FLCAC-admin/uslci-content/83f722d2c97ca784e3d258ab51ec4f6804625c1f/downloads/uslcy_fy19_q2_01_olca1_8_0_ilcd.zip.zip#ILCD/processes/874dc726-50f1-300b-958f-9335fd1c53cd.xml,FY19.Q2.01,2026-10-08,retrieved_not_selected
USLCI,8758df86-1307-3ea4-a9a8-8a60d99c9780,00.00.001,"Pressed raw plywood, from lay-up, at plywood plant, US SE",RNA,1999,"Unit process, black box",944cb519-38a9-3e77-ae37-6c6fcd199b2a,1.0,kg,1,16,16,a8b57c545109209dcc148ad535b2e41a4a72c7a89f8def835d743d1b06d23da0,https://raw.githubusercontent.com/FLCAC-admin/uslci-content/83f722d2c97ca784e3d258ab51ec4f6804625c1f/downloads/uslcy_fy19_q2_01_olca1_8_0_ilcd.zip.zip#ILCD/processes/8758df86-1307-3ea4-a9a8-8a60d99c9780.xml,FY19.Q2.01,2026-10-08,retrieved_not_selected
USLCI,879845c3-84fa-3f85-9f3d-a8510f950732,00.00.001,"Electricity, natural gas, at power plant",RNA,2001,"Unit process, black box",6cb3e4a8-d7e0-3566-ae66-8022182af846,1.0,MJ,1,27,27,e6bdd4319af46edd8c7f861fe882e3479db591e32f8cdc86d9e0874def8c9e5c,https://raw.githubusercontent.com/FLCAC-admin/uslci-content/83f722d2c97ca784e3d258ab51ec4f6804625c1f/downloads/uslcy_fy19_q2_01_olca1_8_0_ilcd.zip.zip#ILCD/processes/879845c3-84fa-3f85-9f3d-a8510f950732.xml,FY19.Q2.01,2026-10-08,retrieved_not_selected
USLCI,88786c28-01e8-4081-ad0c-6f8d96d2e762,00.00.001,"Coal loading silo;  Manufacture; For railcar loading of coal, surface mine",US,2005,"Unit process, black box",7936602f-ab84-41ee-9902-28c7e5ed2efc,1.0,Item(s),1,3,3,210db7ba606f55a7bdb740f68c476871ce8f70d9801ea8b192aba12d1b4cb3d4,https://raw.githubusercontent.com/FLCAC-admin/uslci-content/83f722d2c97ca784e3d258ab51ec4f6804625c1f/downloads/uslcy_fy19_q2_01_olca1_8_0_ilcd.zip.zip#ILCD/processes/88786c28-01e8-4081-ad0c-6f8d96d2e762.xml,FY19.Q2.01,2026-10-08,retrieved_not_selected
USLCI,88a9889c-1b38-3735-8598-409e9fe1f36e,00.00.001,"Transport, single unit truck, long-haul, gasoline powered, Central",RNA,2009,"Unit process, black box",2caa18a7-d360-3e96-a05d-98b2fd3fd990,1.0,t*km,1,24,24,4646b1fd4b4cf83ef81ef625a13e75c4c710be11c4378e6d51ff366db1ed38a6,https://raw.githubusercontent.com/FLCAC-admin/uslci-content/83f722d2c97ca784e3d258ab51ec4f6804625c1f/downloads/uslcy_fy19_q2_01_olca1_8_0_ilcd.zip.zip#ILCD/processes/88a9889c-1b38-3735-8598-409e9fe1f36e.xml,FY19.Q2.01,2026-10-08,retrieved_not_selected
USLCI,88aee762-4aa0-301f-b579-cca5d636aa0d,00.00.001,"Soybean oil, crude, degummed, at plant",RNA,2006,"Unit process, black box",263fb8d0-8df5-3cee-834b-b7e2de1dac4a,4131.0,kg,1,16,16,ea7eef3a180435e109e23e946919c8939faa944d95268656ec56aaa1b13774d9,https://raw.githubusercontent.com/FLCAC-admin/uslci-content/83f722d2c97ca784e3d258ab51ec4f6804625c1f/downloads/uslcy_fy19_q2_01_olca1_8_0_ilcd.zip.zip#ILCD/processes/88aee762-4aa0-301f-b579-cca5d636aa0d.xml,FY19.Q2.01,2026-10-08,retrieved_not_selected
USLCI,88b44b36-2322-39a8-9c54-6b89b1b43cd4,00.00.001,"Iron and steel, production mix",RNA,9998,"Unit process, black box",e3d97362-bb7a-3a33-acbf-c2d69c622ed0,1.0,kg,1,3,3,8ee46708c2cbb270835aee3e7acd1f3530b0b57949f2a455db57135a72f188db,https://raw.githubusercontent.com/FLCAC-admin/uslci-content/83f722d2c97ca784e3d258ab51ec4f6804625c1f/downloads/uslcy_fy19_q2_01_olca1_8_0_ilcd.zip.zip#ILCD/processes/88b44b36-2322-39a8-9c54-6b89b1b43cd4.xml,FY19.Q2.01,2026-10-08,retrieved_not_selected
USLCI,89268f85-c58a-3224-8a61-28e8848a2797,00.00.001,"Pressed raw panels, purchased, hardwood, at eng wood flooring plant, E",RNA,2006,"Unit process, black box",e4a5b60f-dee4-3648-b2fd-7e7131fa21b2,1.0,kg,1,19,19,6320d2f5f115442e92cabf635d8539404779ce64deb866ef27c2c33dc7c1d04e,https://raw.githubusercontent.com/FLCAC-admin/uslci-content/83f722d2c97ca784e3d258ab51ec4f6804625c1f/downloads/uslcy_fy19_q2_01_olca1_8_0_ilcd.zip.zip#ILCD/processes/89268f85-c58a-3224-8a61-28e8848a2797.xml,FY19.Q2.01,2026-10-08,retrieved_not_selected
USLCI,89389d98-1ba6-30c5-9c33-92443694936b,00.00.001,"Electricity, at Grid, US, 2010",RNA,2009,"Unit process, black box",36b4aa53-3005-3e3d-b6e3-3450d17d5f03,1.0,MJ,1,18,18,44edb6da6628b29ae230cfb288ff6f536500af8fab2ddf637a9378ab32fb387f,https://raw.githubusercontent.com/FLCAC-admin/uslci-content/83f722d2c97ca784e3d258ab51ec4f6804625c1f/downloads/uslcy_fy19_q2_01_olca1_8_0_ilcd.zip.zip#ILCD/processes/89389d98-1ba6-30c5-9c33-92443694936b.xml,FY19.Q2.01,2026-10-08,retrieved_not_selected
USLCI,89a2b59a-1ca2-34f5-acc8-a8eaaa6fa870,00.00.001,"Injection molding, rigid polypropylene part, at plant",RNA,2009,"Unit process, black box",b0533308-3c5a-3a1a-a8e6-4a310e2084bf,1.0,kg,1,32,32,711ff1986fa14beb53dc058951a735c800dc319cb406f06ea0cd2b1c5907ac3d,https://raw.githubusercontent.com/FLCAC-admin/uslci-content/83f722d2c97ca784e3d258ab51ec4f6804625c1f/downloads/uslcy_fy19_q2_01_olca1_8_0_ilcd.zip.zip#ILCD/processes/89a2b59a-1ca2-34f5-acc8-a8eaaa6fa870.xml,FY19.Q2.01,2026-10-08,retrieved_not_selected
USLCI,8a0090ee-4054-322f-a65d-15c8ee6ca915,00.00.001,"Natural gas, combusted in industrial boiler, at hydrocracker, for pyrolysis gas",RNA,1997,"Unit process, black box",ea080df3-3823-3f40-89ed-1a45b561230e,1.0,m3,1,27,27,f526f29056e04ea008c7c8a956dd6cad5d634bc8a5f1d32f1ce9816549cd56d1,https://raw.githubusercontent.com/FLCAC-admin/uslci-content/83f722d2c97ca784e3d258ab51ec4f6804625c1f/downloads/uslcy_fy19_q2_01_olca1_8_0_ilcd.zip.zip#ILCD/processes/8a0090ee-4054-322f-a65d-15c8ee6ca915.xml,FY19.Q2.01,2026-10-08,retrieved_not_selected
USLCI,8a219bfb-4213-3254-9f85-dd32da77d5c3,00.00.001,"Transport, single unit truck, long-haul, gasoline powered, South",RNA,2009,"Unit process, black box",4f9f3188-57c0-3ee1-afea-712571686439,1.0,t*km,1,24,24,dddff181d43aaee314f9f89441a37d289d0171566d4f483d7514db052ce5eb33,https://raw.githubusercontent.com/FLCAC-admin/uslci-content/83f722d2c97ca784e3d258ab51ec4f6804625c1f/downloads/uslcy_fy19_q2_01_olca1_8_0_ilcd.zip.zip#ILCD/processes/8a219bfb-4213-3254-9f85-dd32da77d5c3.xml,FY19.Q2.01,2026-10-08,retrieved_not_selected
USLCI,8a62a285-537e-36b0-bdc3-3af4bfd205a3,00.00.001,"Wood fuel, hardwood, generated at lumber mill, combusted in industrial boiler, SE",RNA,2003,"Unit process, black box",add1f946-48f6-3c71-b9d2-9751a9c7a6ed,1.0,kg,1,36,36,1c8228f69c2c2262a8e3ebb2bcaa7a19111a9aab1d7c1891ed883398bb679a8c,https://raw.githubusercontent.com/FLCAC-admin/uslci-content/83f722d2c97ca784e3d258ab51ec4f6804625c1f/downloads/uslcy_fy19_q2_01_olca1_8_0_ilcd.zip.zip#ILCD/processes/8a62a285-537e-36b0-bdc3-3af4bfd205a3.xml,FY19.Q2.01,2026-10-08,retrieved_not_selected
USLCI,8b8d5f56-82c0-3254-a22a-a0e0df0090ba,00.00.001,"Transport, single unit truck, short-haul, gasoline powered, Hawaii",RNA,2009,"Unit process, black box",ecd09e9c-6d90-30ce-8088-25c41e8ec985,1.0,t*km,1,24,24,79c4161c09838a40a14c619286789baa72f36294edb29d37f563acaeb9153e60,https://raw.githubusercontent.com/FLCAC-admin/uslci-content/83f722d2c97ca784e3d258ab51ec4f6804625c1f/downloads/uslcy_fy19_q2_01_olca1_8_0_ilcd.zip.zip#ILCD/processes/8b8d5f56-82c0-3254-a22a-a0e0df0090ba.xml,FY19.Q2.01,2026-10-08,retrieved_not_selected
USLCI,8ba63664-bb54-3899-8e07-1b55737d5636,00.00.001,"Transport, combination truck, long-haul, diesel powered, West",RNA,2009,"Unit process, black box",9680ca06-86da-306f-9c90-575e25ca26a6,1.0,t*km,1,24,24,5bd44fc61394b54f1a98225bcbfe734042e2eb1d05d980830048f076cc09dbfd,https://raw.githubusercontent.com/FLCAC-admin/uslci-content/83f722d2c97ca784e3d258ab51ec4f6804625c1f/downloads/uslcy_fy19_q2_01_olca1_8_0_ilcd.zip.zip#ILCD/processes/8ba63664-bb54-3899-8e07-1b55737d5636.xml,FY19.Q2.01,2026-10-08,retrieved_not_selected
USLCI,8bc30eb0-0fa6-3cef-8855-d8e975cd915d,00.00.001,"Transport, combination truck, long-haul, diesel powered, South",RNA,2009,"Unit process, black box",a22c2ea1-f0a9-3283-a4a1-a5d0402e3de5,1.0,t*km,1,24,24,32906c7a4d7a42f55f10c9e84d4d1d0ccb615708b57e60d3eba89684dc3d3100,https://raw.githubusercontent.com/FLCAC-admin/uslci-content/83f722d2c97ca784e3d258ab51ec4f6804625c1f/downloads/uslcy_fy19_q2_01_olca1_8_0_ilcd.zip.zip#ILCD/processes/8bc30eb0-0fa6-3cef-8855-d8e975cd915d.xml,FY19.Q2.01,2026-10-08,retrieved_not_selected
USLCI,8bc7d9f4-8fa7-3ab4-8557-4dc033954254,00.00.001,"Electricity, at eGrid, SRVC, 2008",RNA,2007,"Unit process, black box",0c8f5bc6-eb79-320e-8a11-c505789e0755,1.0,MJ,1,20,20,ea0be8bf85b2ad5247fd86e4474c4f481a0023e5e1e0aad28e88a50a5f251ae1,https://raw.githubusercontent.com/FLCAC-admin/uslci-content/83f722d2c97ca784e3d258ab51ec4f6804625c1f/downloads/uslcy_fy19_q2_01_olca1_8_0_ilcd.zip.zip#ILCD/processes/8bc7d9f4-8fa7-3ab4-8557-4dc033954254.xml,FY19.Q2.01,2026-10-08,retrieved_not_selected
USLCI,8c3b113e-9ed2-3a86-af12-130b79da4b9b,00.00.001,"Transport, single unit truck, short-haul, diesel powered, West North Central",RNA,2009,"Unit process, black box",b6395b70-2e50-3fcb-8686-0a15ed8fa537,1.0,t*km,1,24,24,492afa57e4e95a4697e36d37e72d8d16eab61b096954e691807738982e1afb91,https://raw.githubusercontent.com/FLCAC-admin/uslci-content/83f722d2c97ca784e3d258ab51ec4f6804625c1f/downloads/uslcy_fy19_q2_01_olca1_8_0_ilcd.zip.zip#ILCD/processes/8c3b113e-9ed2-3a86-af12-130b79da4b9b.xml,FY19.Q2.01,2026-10-08,retrieved_not_selected
USLCI,8ccbedef-d726-3fae-a848-a6d41aeab5a4,00.00.001,"Corn stover, at conversion plant, 2022",RNA,2006,"Unit process, black box",01163e75-95cb-3475-9c0d-7d76584078c3,1.0,kg,1,5,5,33b731e0d5c67055d0eeb2efdf5288f5fc4256bb7b76b1ae04681c072ec506c0,https://raw.githubusercontent.com/FLCAC-admin/uslci-content/83f722d2c97ca784e3d258ab51ec4f6804625c1f/downloads/uslcy_fy19_q2_01_olca1_8_0_ilcd.zip.zip#ILCD/processes/8ccbedef-d726-3fae-a848-a6d41aeab5a4.xml,FY19.Q2.01,2026-10-08,retrieved_not_selected
USLCI,8d1daa68-bede-347a-86a4-aeca5383906c,00.00.001,"Transport, combination truck, short-haul, diesel powered",RNA,2009,"Unit process, black box",59449b10-044a-3a9b-a6e6-5c5fc97b50bb,1.0,t*km,1,24,24,e2028cbf806f3be490a9b8b09d5d0ef386bcafe450ba3995daf7a6305e8cb1d8,https://raw.githubusercontent.com/FLCAC-admin/uslci-content/83f722d2c97ca784e3d258ab51ec4f6804625c1f/downloads/uslcy_fy19_q2_01_olca1_8_0_ilcd.zip.zip#ILCD/processes/8d1daa68-bede-347a-86a4-aeca5383906c.xml,FY19.Q2.01,2026-10-08,retrieved_not_selected
USLCI,8d3a8487-30dd-3b90-88fb-8809170f65f3,00.00.001,"Delimbing, slide boom delimber",RNA,1988,"Unit process, black box",19ac9075-f8c0-3eaf-a3cd-3a35ca617abb,1.0,d,1,3,3,66099819b2786e03283be40f469faf48d9ae3dfe5b354432fa7cd160d70bed82,https://raw.githubusercontent.com/FLCAC-admin/uslci-content/83f722d2c97ca784e3d258ab51ec4f6804625c1f/downloads/uslcy_fy19_q2_01_olca1_8_0_ilcd.zip.zip#ILCD/processes/8d3a8487-30dd-3b90-88fb-8809170f65f3.xml,FY19.Q2.01,2026-10-08,retrieved_not_selected
USLCI,8e075e04-06b4-3bdd-ac09-4c53b6c7e50a,00.00.001,"Transport, single unit truck, short-haul, diesel powered, Alaska",RNA,2009,"Unit process, black box",72f904a7-2085-3968-bab0-247383cf0ab3,1.0,t*km,1,24,24,32829fe120ca0caad62e2e92d26c2f5b3056cbddcaadeddf276c2757eec3c571,https://raw.githubusercontent.com/FLCAC-admin/uslci-content/83f722d2c97ca784e3d258ab51ec4f6804625c1f/downloads/uslcy_fy19_q2_01_olca1_8_0_ilcd.zip.zip#ILCD/processes/8e075e04-06b4-3bdd-ac09-4c53b6c7e50a.xml,FY19.Q2.01,2026-10-08,retrieved_not_selected
USLCI,8e21a279-3c3e-3e94-901c-69322d474a1e,00.00.001,"Transport, light commercial truck, gasoline powered, Northwest",RNA,2009,"Unit process, black box",5d0065b9-20e6-3111-a01b-e88b1b4d3da6,1.0,t*km,1,24,24,4268e89c6773e661366f2c4d48cb67b6bca475ee0d775e5189344f192593170c,https://raw.githubusercontent.com/FLCAC-admin/uslci-content/83f722d2c97ca784e3d258ab51ec4f6804625c1f/downloads/uslcy_fy19_q2_01_olca1_8_0_ilcd.zip.zip#ILCD/processes/8e21a279-3c3e-3e94-901c-69322d474a1e.xml,FY19.Q2.01,2026-10-08,retrieved_not_selected
USLCI,8e291d54-28c6-4f4c-9ab8-ad510ec4431e,00.00.001,Coal preparation facility; Multiple processes; Underground mine,US,2007,"Unit process, black box",22ec671a-a857-4de0-a407-69df8f4b1bc9,1.0,Item(s),1,6,6,308e38cf934eac0fea507f78b46ee7e26c4941dec789e076bba67b4b1a3ad554,https://raw.githubusercontent.com/FLCAC-admin/uslci-content/83f722d2c97ca784e3d258ab51ec4f6804625c1f/downloads/uslcy_fy19_q2_01_olca1_8_0_ilcd.zip.zip#ILCD/processes/8e291d54-28c6-4f4c-9ab8-ad510ec4431e.xml,FY19.Q2.01,2026-10-08,retrieved_not_selected
USLCI,8e32a674-5963-374d-92d1-466e2c78c91b,00.00.001,"Polypropylene, resin, at plant, CTR",RNA,2002,"Unit process, black box",a1d2e797-42e7-320e-a983-33a2c9a8f130,0.0053,MJ,1,221,221,d87000e633b4dc733ced62676a24dbefb0c7c58a7f8045f42780440a3d9de43d,https://raw.githubusercontent.com/FLCAC-admin/uslci-content/83f722d2c97ca784e3d258ab51ec4f6804625c1f/downloads/uslcy_fy19_q2_01_olca1_8_0_ilcd.zip.zip#ILCD/processes/8e32a674-5963-374d-92d1-466e2c78c91b.xml,FY19.Q2.01,2026-10-08,retrieved_not_selected
USLCI,8e3e47ea-ed49-329e-8931-29115917bc81,00.00.001,"Ethanol, denatured, corn dry mill",RNA,2007,"Unit process, black box",f4364ab6-cb8c-3b5c-a9d7-dfe57ac7bceb,14900.0,kg,1,31,31,b6dfba69b88f39e629115859bb35239c55269940e97dcb22384913fca172ab18,https://raw.githubusercontent.com/FLCAC-admin/uslci-content/83f722d2c97ca784e3d258ab51ec4f6804625c1f/downloads/uslcy_fy19_q2_01_olca1_8_0_ilcd.zip.zip#ILCD/processes/8e3e47ea-ed49-329e-8931-29115917bc81.xml,FY19.Q2.01,2026-10-08,retrieved_not_selected
USLCI,8e4ff6b0-ab17-32f5-bf1e-feea2d36ef41,00.00.001,"Transport, transit bus, diesel powered, Southeast",RNA,2009,"Unit process, black box",45b7a792-fcd7-3753-9d42-98a5e72c742e,1.0,p*km,1,24,24,74b7a1b1d0048fe787313e767778eaac8fdfb4d6a34d608b180001d4ec8938fd,https://raw.githubusercontent.com/FLCAC-admin/uslci-content/83f722d2c97ca784e3d258ab51ec4f6804625c1f/downloads/uslcy_fy19_q2_01_olca1_8_0_ilcd.zip.zip#ILCD/processes/8e4ff6b0-ab17-32f5-bf1e-feea2d36ef41.xml,FY19.Q2.01,2026-10-08,retrieved_not_selected
USLCI,8e77036f-5c3e-37a9-b87d-d96ab62b50c8,00.00.002,"Trim and saw process, at plywood plant, US SE",RNA,1999,"Unit process, black box",e00f3562-c739-394b-bf85-3f4f3b0c1536,1.0,kg,1,8,8,ce02c44df121516bea569c3c9b35ca4d7c1593b7fb6265fca5de2849108f2187,https://raw.githubusercontent.com/FLCAC-admin/uslci-content/83f722d2c97ca784e3d258ab51ec4f6804625c1f/downloads/uslcy_fy19_q2_01_olca1_8_0_ilcd.zip.zip#ILCD/processes/8e77036f-5c3e-37a9-b87d-d96ab62b50c8.xml,FY19.Q2.01,2026-10-08,retrieved_not_selected
USLCI,8fbb300d-2908-3dd0-97ce-0ce9eb324c44,00.00.001,"Transport, light commercial truck, gasoline powered, Alaska",RNA,2009,"Unit process, black box",7521dae5-1fe7-3161-b99f-4b0f26a35807,1.0,t*km,1,24,24,22204c2197ad38ede790625112c68a95ba954be799765869307bcc71cea06dc0,https://raw.githubusercontent.com/FLCAC-admin/uslci-content/83f722d2c97ca784e3d258ab51ec4f6804625c1f/downloads/uslcy_fy19_q2_01_olca1_8_0_ilcd.zip.zip#ILCD/processes/8fbb300d-2908-3dd0-97ce-0ce9eb324c44.xml,FY19.Q2.01,2026-10-08,retrieved_not_selected
USLCI,8fd8357b-5ce1-3ef9-9b14-8d38a8495c79,00.00.001,"Sawn lumber, hardwood, rough, kiln dried, at kiln, NE-NC",RNA,2004,"Unit process, black box",7727a8a3-8272-365c-8263-900047e6994a,1.0,m3,1,9,9,ffe02430004f3a2d87986503949c3b3ef082c348d700b3f60f603f14d260c1db,https://raw.githubusercontent.com/FLCAC-admin/uslci-content/83f722d2c97ca784e3d258ab51ec4f6804625c1f/downloads/uslcy_fy19_q2_01_olca1_8_0_ilcd.zip.zip#ILCD/processes/8fd8357b-5ce1-3ef9-9b14-8d38a8495c79.xml,FY19.Q2.01,2026-10-08,retrieved_not_selected
USLCI,906cf3a2-6299-3d9c-8a4b-1fe4240b71da,00.00.001,"Pulpwood, softwood, average, at forest road, NE-NC",RNA,2002,"Unit process, black box",24b0bf55-7d49-3922-ab42-6d3fd734067f,1.0,m3,1,4,4,a533f9da8bb82efa398a0fcb928fae0d27ed08cd15301a868621c7f0956bc8a7,https://raw.githubusercontent.com/FLCAC-admin/uslci-content/83f722d2c97ca784e3d258ab51ec4f6804625c1f/downloads/uslcy_fy19_q2_01_olca1_8_0_ilcd.zip.zip#ILCD/processes/906cf3a2-6299-3d9c-8a4b-1fe4240b71da.xml,FY19.Q2.01,2026-10-08,retrieved_not_selected
USLCI,907b7232-6adc-3e3f-b417-98a5bf5fb49a,00.00.001,"Transport, light commercial truck, gasoline powered, Southwest",RNA,2009,"Unit process, black box",5ddb510e-6512-3a2a-aade-d5d3b1c291a4,1.0,t*km,1,24,24,99a13606a5a0a4e0147ca01c8a2b5a4c17c77e3cabf88afd7b1c11684c287d0c,https://raw.githubusercontent.com/FLCAC-admin/uslci-content/83f722d2c97ca784e3d258ab51ec4f6804625c1f/downloads/uslcy_fy19_q2_01_olca1_8_0_ilcd.zip.zip#ILCD/processes/907b7232-6adc-3e3f-b417-98a5bf5fb49a.xml,FY19.Q2.01,2026-10-08,retrieved_not_selected
USLCI,90e6ea39-1ed4-32bc-9b03-0129c6d5b2f0,00.00.001,"Coal mine tailings storage and disposal; Production mix, underground mine",GLO,1999,"Unit process, black box",edb2b1ea-9734-464c-aaf7-a3e94c28a1a8,1.0,kg,1,72,72,b345404d0105d4535913c142ac8f8d21e84c607471986ff04dc18c7ac5bb0935,https://raw.githubusercontent.com/FLCAC-admin/uslci-content/83f722d2c97ca784e3d258ab51ec4f6804625c1f/downloads/uslcy_fy19_q2_01_olca1_8_0_ilcd.zip.zip#ILCD/processes/90e6ea39-1ed4-32bc-9b03-0129c6d5b2f0.xml,FY19.Q2.01,2026-10-08,retrieved_not_selected
USLCI,91050d57-0daf-3947-a2d4-ccc5d0ccbbd7,00.00.001,"Fuels, burned at coated freesheet, average production, at mill",RNA,2005,"Unit process, black box",699b73a7-78f7-3e7d-92f0-5a751f4a5c56,15145.0,MJ,1,67,67,416845af7848f2f76848b6862adf0762712dba5db5c35840fa73efc0cc83abb2,https://raw.githubusercontent.com/FLCAC-admin/uslci-content/83f722d2c97ca784e3d258ab51ec4f6804625c1f/downloads/uslcy_fy19_q2_01_olca1_8_0_ilcd.zip.zip#ILCD/processes/91050d57-0daf-3947-a2d4-ccc5d0ccbbd7.xml,FY19.Q2.01,2026-10-08,retrieved_not_selected
USLCI,9109d57c-8234-3569-a2e6-0e4671b524d9,00.00.001,"Corn grain, at conversion plant, 2022",RNA,2009,"Unit process, black box",2766f5e7-9d42-36cb-8a03-11aa4f7ecd3a,1.0,kg,1,5,5,73488519276e5b9811ed858377f3e501e291d6abbdf4379b1b69b23244904533,https://raw.githubusercontent.com/FLCAC-admin/uslci-content/83f722d2c97ca784e3d258ab51ec4f6804625c1f/downloads/uslcy_fy19_q2_01_olca1_8_0_ilcd.zip.zip#ILCD/processes/9109d57c-8234-3569-a2e6-0e4671b524d9.xml,FY19.Q2.01,2026-10-08,retrieved_not_selected
USLCI,91150a40-c29d-4eff-891b-0e3fd56df1a4,00.00.001,Steel reinforcement bar; Blast furnace route; Production mix,GLO,1998,LCI result,be127e1f-720b-4e31-82ee-4499e2714d11,1.0,kg,1,38,38,243d8a52195cb032b9ff696063396723dfe83a359b63a7663b6f2394b581d38a,https://raw.githubusercontent.com/FLCAC-admin/uslci-content/83f722d2c97ca784e3d258ab51ec4f6804625c1f/downloads/uslcy_fy19_q2_01_olca1_8_0_ilcd.zip.zip#ILCD/processes/91150a40-c29d-4eff-891b-0e3fd56df1a4.xml,FY19.Q2.01,2026-10-08,retrieved_not_selected
USLCI,91571e55-4206-342f-a01b-bd143cbdfe4e,00.00.001,"Electricity, at Grid, SERC, 2010",RNA,2009,"Unit process, black box",6fbd091b-eb39-3c3a-afdb-def690505143,1.0,MJ,1,16,16,d23269ab48eb38211a0d39ec7a1168f224716d160eaf999da3db0e24d5958b5a,https://raw.githubusercontent.com/FLCAC-admin/uslci-content/83f722d2c97ca784e3d258ab51ec4f6804625c1f/downloads/uslcy_fy19_q2_01_olca1_8_0_ilcd.zip.zip#ILCD/processes/91571e55-4206-342f-a01b-bd143cbdfe4e.xml,FY19.Q2.01,2026-10-08,retrieved_not_selected
USLCI,91663389-8cd1-3272-9f06-cdc87c8ce7d9,00.00.001,"Potato, whole plant, at field",US,1996,"Unit process, black box",916af898-c73f-3a20-83c2-939b84a631e6,0.4,kg,1,76,76,8289dce127374c429c85f5d46cab4f5befd2d9319d40b69755fd07624cf32921,https://raw.githubusercontent.com/FLCAC-admin/uslci-content/83f722d2c97ca784e3d258ab51ec4f6804625c1f/downloads/uslcy_fy19_q2_01_olca1_8_0_ilcd.zip.zip#ILCD/processes/91663389-8cd1-3272-9f06-cdc87c8ce7d9.xml,FY19.Q2.01,2026-10-08,retrieved_not_selected
USLCI,91adaeaa-cca7-30ea-aa3a-b1ba58bd2602,00.00.001,"Skidding, aerial cable yarder, medium",RNA,1988,"Unit process, black box",7660d0bd-676b-33fb-8328-63ddfb04852a,1.0,d,1,3,3,9a5e977c7b55629b1a8bda04db46394d507ecac1f0661b271d9416c01a3ef3d5,https://raw.githubusercontent.com/FLCAC-admin/uslci-content/83f722d2c97ca784e3d258ab51ec4f6804625c1f/downloads/uslcy_fy19_q2_01_olca1_8_0_ilcd.zip.zip#ILCD/processes/91adaeaa-cca7-30ea-aa3a-b1ba58bd2602.xml,FY19.Q2.01,2026-10-08,retrieved_not_selected
USLCI,91b70408-d494-3181-bbe2-b5829acaeb3d,00.00.001,"Site preparation, national softwood forest, gentle slope, INW",RNA,1988,"Unit process, black box",90033203-82af-3bee-8385-330118e51567,1.0,m2,1,2,2,bf8a12a898cbe94e08a899fb5755ddff40a22dc8d42ec484756a63e3e16fdaae,https://raw.githubusercontent.com/FLCAC-admin/uslci-content/83f722d2c97ca784e3d258ab51ec4f6804625c1f/downloads/uslcy_fy19_q2_01_olca1_8_0_ilcd.zip.zip#ILCD/processes/91b70408-d494-3181-bbe2-b5829acaeb3d.xml,FY19.Q2.01,2026-10-08,retrieved_not_selected
USLCI,91beb684-4d04-38b9-8800-a274762a9d44,00.00.001,"Alumina, at plant",RNA,1997,"Unit process, black box",46e66bb8-2bdc-31d2-9a6f-260e69dc464b,1.0,kg,1,35,35,b23c74fa17d5083e5a1cd21ca8d6f982f4c6e47ae72b02f9a7c9412030f46ca0,https://raw.githubusercontent.com/FLCAC-admin/uslci-content/83f722d2c97ca784e3d258ab51ec4f6804625c1f/downloads/uslcy_fy19_q2_01_olca1_8_0_ilcd.zip.zip#ILCD/processes/91beb684-4d04-38b9-8800-a274762a9d44.xml,FY19.Q2.01,2026-10-08,retrieved_not_selected
USLCI,91c096d9-987d-34c6-90c0-3c672b467086,00.00.001,"Unsaturated polyester, resin, at plant",US,2010,"Unit process, black box",b6fd2a6b-1140-3a94-a8df-34a5031ba57a,1.0,kg,1,59,59,ff6b5462265cba6fc4e1ccbab22054153536010e2ba42e1b5d92a04a9739f343,https://raw.githubusercontent.com/FLCAC-admin/uslci-content/83f722d2c97ca784e3d258ab51ec4f6804625c1f/downloads/uslcy_fy19_q2_01_olca1_8_0_ilcd.zip.zip#ILCD/processes/91c096d9-987d-34c6-90c0-3c672b467086.xml,FY19.Q2.01,2026-10-08,retrieved_not_selected
USLCI,91f05c7b-ade4-3b04-ad3c-4ecce11f3ff4,00.00.001,"Transport, single unit truck, short-haul, gasoline powered, West",RNA,2009,"Unit process, black box",7ba4d207-ec5d-37eb-9abe-62bd43dfa18b,1.0,t*km,1,24,24,258b9c095b13c58eb8b6cd0e68d57a97ba6eb5063c174985b14a56809d217051,https://raw.githubusercontent.com/FLCAC-admin/uslci-content/83f722d2c97ca784e3d258ab51ec4f6804625c1f/downloads/uslcy_fy19_q2_01_olca1_8_0_ilcd.zip.zip#ILCD/processes/91f05c7b-ade4-3b04-ad3c-4ecce11f3ff4.xml,FY19.Q2.01,2026-10-08,retrieved_not_selected
USLCI,92634c79-3ac0-4119-88fa-57dfbecffabc,00.00.001,Coal stockpile stacker;  Manufacture; At point-of-sale,AU,2005,"Unit process, black box",05d561dd-1ab2-4b17-a929-d5a7890b3735,1.0,Item(s),1,2,2,668ada529c48047157c5c9a01ea01d2feb0149c406b45fb76cf1f7b7d9a28ab3,https://raw.githubusercontent.com/FLCAC-admin/uslci-content/83f722d2c97ca784e3d258ab51ec4f6804625c1f/downloads/uslcy_fy19_q2_01_olca1_8_0_ilcd.zip.zip#ILCD/processes/92634c79-3ac0-4119-88fa-57dfbecffabc.xml,FY19.Q2.01,2026-10-08,retrieved_not_selected
USLCI,93d8ea2e-7a50-4fb3-a3b5-cf489aa1937d,00.00.001,Coal extraction; Surface mine,US,1988,"Unit process, black box",65ea5547-806a-4557-b1cd-d629d4f0aa66,1.0,kg,1,16,16,b0b706fc272ed87b12f22a5825d6ab060536015a1a75ecf933bb5f4c66668e41,https://raw.githubusercontent.com/FLCAC-admin/uslci-content/83f722d2c97ca784e3d258ab51ec4f6804625c1f/downloads/uslcy_fy19_q2_01_olca1_8_0_ilcd.zip.zip#ILCD/processes/93d8ea2e-7a50-4fb3-a3b5-cf489aa1937d.xml,FY19.Q2.01,2026-10-08,retrieved_not_selected
USLCI,956b53b9-dd05-35ae-a072-69f1f6906290,00.00.001,"Soybean grains, at field",RNA,2003,"Unit process, black box",517e2dc3-1415-3feb-b7ae-45c65dca3802,2100.0,kg,1,122,122,370fb7c0d0db93862f01a837044a00f19542b9c5ebe70bf649686036fd18504b,https://raw.githubusercontent.com/FLCAC-admin/uslci-content/83f722d2c97ca784e3d258ab51ec4f6804625c1f/downloads/uslcy_fy19_q2_01_olca1_8_0_ilcd.zip.zip#ILCD/processes/956b53b9-dd05-35ae-a072-69f1f6906290.xml,FY19.Q2.01,2026-10-08,retrieved_not_selected
USLCI,95a7bf8a-eab0-3bc6-9145-61eb5dda4c3c,00.00.001,"Reforesting, average state or private dry softwood forest, INW",RNA,1988,"Unit process, black box",66262b4e-50dd-3afd-89c0-019e2ababc5f,1.0,m2,1,4,4,cbc9120a3af85ec7736cc36a8e22bb75e943af946e018485b8408d1c45d0ebde,https://raw.githubusercontent.com/FLCAC-admin/uslci-content/83f722d2c97ca784e3d258ab51ec4f6804625c1f/downloads/uslcy_fy19_q2_01_olca1_8_0_ilcd.zip.zip#ILCD/processes/95a7bf8a-eab0-3bc6-9145-61eb5dda4c3c.xml,FY19.Q2.01,2026-10-08,retrieved_not_selected
USLCI,96087256-d181-30c8-ae17-f25e1f0eab0c,00.00.001,"Forest residue, dried, stored",RNA,2007,"Unit process, black box",d56acd63-a8ae-3308-a626-fa858ee121dd,0.772,kg,1,7,7,00457449aff132784a9d0a245830c93c3bc2abed7fea0ae406b6c9699516574b,https://raw.githubusercontent.com/FLCAC-admin/uslci-content/83f722d2c97ca784e3d258ab51ec4f6804625c1f/downloads/uslcy_fy19_q2_01_olca1_8_0_ilcd.zip.zip#ILCD/processes/96087256-d181-30c8-ae17-f25e1f0eab0c.xml,FY19.Q2.01,2026-10-08,retrieved_not_selected
USLCI,965aba10-358f-3080-8685-54bc21b89a8b,00.00.001,"Electricity, at Grid, WECC, 2010",RNA,2009,"Unit process, black box",a3d49323-c242-3b00-a462-e578b9d64de6,1.0,MJ,1,16,16,17b78e19621b0ec89bbe189b74224864578f1cf24fccd11342220c545095b6e4,https://raw.githubusercontent.com/FLCAC-admin/uslci-content/83f722d2c97ca784e3d258ab51ec4f6804625c1f/downloads/uslcy_fy19_q2_01_olca1_8_0_ilcd.zip.zip#ILCD/processes/965aba10-358f-3080-8685-54bc21b89a8b.xml,FY19.Q2.01,2026-10-08,retrieved_not_selected
USLCI,96bffbb9-b875-36cf-8a11-5723c9d239d9,00.00.001,"Electricity, at Grid, US, 2008",RNA,2007,"Unit process, black box",06581fb2-1de0-3e78-8298-f37605dea142,1.0,MJ,1,36,36,d197b6aabb195dae6f333f7abd23e42a681f6a7a069429492476d1a911fc35e0,https://raw.githubusercontent.com/FLCAC-admin/uslci-content/83f722d2c97ca784e3d258ab51ec4f6804625c1f/downloads/uslcy_fy19_q2_01_olca1_8_0_ilcd.zip.zip#ILCD/processes/96bffbb9-b875-36cf-8a11-5723c9d239d9.xml,FY19.Q2.01,2026-10-08,retrieved_not_selected
USLCI,96f5b352-fcf1-37c0-bea1-8600ab1875e1,00.00.001,"Transport, light commercial truck, diesel powered, Southeast",RNA,2009,"Unit process, black box",383dd72f-0215-371e-a248-c39b1aaa2743,1.0,t*km,1,24,24,7bc9e36661ef1bb6ec9034477d187b7aab4f1ed82103327d3a080110b27cc55c,https://raw.githubusercontent.com/FLCAC-admin/uslci-content/83f722d2c97ca784e3d258ab51ec4f6804625c1f/downloads/uslcy_fy19_q2_01_olca1_8_0_ilcd.zip.zip#ILCD/processes/96f5b352-fcf1-37c0-bea1-8600ab1875e1.xml,FY19.Q2.01,2026-10-08,retrieved_not_selected
USLCI,976227bd-5a7a-3e8e-9e67-7ce926b428a8,00.00.001,"Transport, single unit truck, short-haul, gasoline powered, Southeast",RNA,2009,"Unit process, black box",882977d5-7a56-32de-9892-ad893b1f83f1,1.0,t*km,1,24,24,f87ab6c27c4f85d8696ec1dddd06b26ce220f3adc583ab038155c4923be216e6,https://raw.githubusercontent.com/FLCAC-admin/uslci-content/83f722d2c97ca784e3d258ab51ec4f6804625c1f/downloads/uslcy_fy19_q2_01_olca1_8_0_ilcd.zip.zip#ILCD/processes/976227bd-5a7a-3e8e-9e67-7ce926b428a8.xml,FY19.Q2.01,2026-10-08,retrieved_not_selected
USLCI,97719bfb-54fe-3b86-8398-f28cb3e3dbce,00.00.001,"Electricity, at eGrid, HIOA, 2010",RNA,2009,"Unit process, black box",b2acb904-38be-33da-a17e-589343f571d6,1.0,MJ,1,9,9,6a9a92913773c1818ead4572e3d963f276a304ca12d264a5ef31855a30e35d1a,https://raw.githubusercontent.com/FLCAC-admin/uslci-content/83f722d2c97ca784e3d258ab51ec4f6804625c1f/downloads/uslcy_fy19_q2_01_olca1_8_0_ilcd.zip.zip#ILCD/processes/97719bfb-54fe-3b86-8398-f28cb3e3dbce.xml,FY19.Q2.01,2026-10-08,retrieved_not_selected
USLCI,97779324-2f80-3950-a8e0-4b2bd32f951f,00.00.001,"Mixed recyclables, at collection, curbside, weight basis",RNA,2006,"Unit process, black box",34e7bdd1-21a3-375c-bbfa-7275ef4df586,1.0,kg,1,3,3,66b36d7ecde4dfeec4a405cc79b51e3b0dd76154e087396980a5c86c2b8f1166,https://raw.githubusercontent.com/FLCAC-admin/uslci-content/83f722d2c97ca784e3d258ab51ec4f6804625c1f/downloads/uslcy_fy19_q2_01_olca1_8_0_ilcd.zip.zip#ILCD/processes/97779324-2f80-3950-a8e0-4b2bd32f951f.xml,FY19.Q2.01,2026-10-08,retrieved_not_selected
USLCI,9899ac52-b881-39ab-aed4-530f836af50d,00.00.001,"Seedlings, at greenhouse, US SE",RNA,9998,"Unit process, black box",5e603832-6fe0-3cfd-ba44-8caeb32b4c2d,1.0,Item(s),1,7,7,2bda7cc9827a9ee0c44a1b5581c09b66fe85c22cb24e49c28f562ffcbb95b79c,https://raw.githubusercontent.com/FLCAC-admin/uslci-content/83f722d2c97ca784e3d258ab51ec4f6804625c1f/downloads/uslcy_fy19_q2_01_olca1_8_0_ilcd.zip.zip#ILCD/processes/9899ac52-b881-39ab-aed4-530f836af50d.xml,FY19.Q2.01,2026-10-08,retrieved_not_selected
USLCI,99898750-1f41-3c25-8ee0-aaae4b6697d0,00.00.001,"Spring wheat straw, carted, 2022",RNA,2021,"Unit process, black box",9075f65b-776f-3b67-8e8e-0ad712b67d90,0.476,kg,1,5,5,594f29e1800a3cb15f1dcfb0d0ff76c8fc14a42f7023d6a97f657c891f17a2f4,https://raw.githubusercontent.com/FLCAC-admin/uslci-content/83f722d2c97ca784e3d258ab51ec4f6804625c1f/downloads/uslcy_fy19_q2_01_olca1_8_0_ilcd.zip.zip#ILCD/processes/99898750-1f41-3c25-8ee0-aaae4b6697d0.xml,FY19.Q2.01,2026-10-08,retrieved_not_selected
USLCI,99963138-ddf9-3b32-9e93-69593d76cb08,00.00.001,"Aluminum, primary ingot, at plant",RNA,2009,"Unit process, black box",87afb279-60ef-3174-ab6a-7353dd006dd7,1.0,kg,1,596,596,a9915ee4eb2875583aa87e74d4924dbfc88ce927acb5a6cc89d0a67ade9bf6ae,https://raw.githubusercontent.com/FLCAC-admin/uslci-content/83f722d2c97ca784e3d258ab51ec4f6804625c1f/downloads/uslcy_fy19_q2_01_olca1_8_0_ilcd.zip.zip#ILCD/processes/99963138-ddf9-3b32-9e93-69593d76cb08.xml,FY19.Q2.01,2026-10-08,retrieved_not_selected
USLCI,9a0c9355-de4f-324b-8c72-bd57a1944514,00.00.001,"Transport, single unit truck, short-haul, gasoline powered, Northeast",RNA,2009,"Unit process, black box",e6ee3f8e-9c4b-366b-ab97-c021fafeae3f,1.0,t*km,1,24,24,cf38060feab3f67b506ea4f70abc8801e7a5cc012b73aeb2e73ed9e9d05d9eae,https://raw.githubusercontent.com/FLCAC-admin/uslci-content/83f722d2c97ca784e3d258ab51ec4f6804625c1f/downloads/uslcy_fy19_q2_01_olca1_8_0_ilcd.zip.zip#ILCD/processes/9a0c9355-de4f-324b-8c72-bd57a1944514.xml,FY19.Q2.01,2026-10-08,retrieved_not_selected
USLCI,9a2fa4bc-32f7-31a1-99d4-7b8c6e0c9aa9,00.00.001,"Natural gas, processed, for olefins production, at plant",RNA,2002,"Unit process, black box",5346e475-e7c4-38bf-b1b7-8c23549d2081,1.0,kg,1,15,15,4282b7a294a49714e2e8699ae8a26ad8b5f82b1249fddf3bacbbfba34981da3d,https://raw.githubusercontent.com/FLCAC-admin/uslci-content/83f722d2c97ca784e3d258ab51ec4f6804625c1f/downloads/uslcy_fy19_q2_01_olca1_8_0_ilcd.zip.zip#ILCD/processes/9a2fa4bc-32f7-31a1-99d4-7b8c6e0c9aa9.xml,FY19.Q2.01,2026-10-08,retrieved_not_selected
USLCI,9aae3fc2-6ffb-3b49-b3fb-4127483b1156,00.00.001,"Scanner, i940 desktop",GLO,2014,"Unit process, black box",2729d167-a6f1-37ad-9d3a-91517490d8a5,1.0,Item(s),1,19,19,89e4fcbb01a596c863b34900347f3736ee1a96bf53b7d7b91c3b773f4ebbf52a,https://raw.githubusercontent.com/FLCAC-admin/uslci-content/83f722d2c97ca784e3d258ab51ec4f6804625c1f/downloads/uslcy_fy19_q2_01_olca1_8_0_ilcd.zip.zip#ILCD/processes/9aae3fc2-6ffb-3b49-b3fb-4127483b1156.xml,FY19.Q2.01,2026-10-08,retrieved_not_selected
USLCI,9b3ead68-7cf7-35cd-921b-e25af4f4e333,00.00.001,"Electricity, at grid, Eastern US, 2000",RNA,1999,"Unit process, black box",766b3f0d-60bc-3240-8d0f-73d22ef2a42a,1.0,MJ,1,10,10,d2ec1165ce7e921d4411f525b5b3e4ca3de554cfb3f40f81cfce80fb1aca28ba,https://raw.githubusercontent.com/FLCAC-admin/uslci-content/83f722d2c97ca784e3d258ab51ec4f6804625c1f/downloads/uslcy_fy19_q2_01_olca1_8_0_ilcd.zip.zip#ILCD/processes/9b3ead68-7cf7-35cd-921b-e25af4f4e333.xml,FY19.Q2.01,2026-10-08,retrieved_not_selected
USLCI,9b7bef6f-60c3-38fa-9d32-3b1c0c82f866,00.00.001,"Transport, transit bus, diesel powered, Southwest",RNA,2009,"Unit process, black box",d6ea365e-284f-3d74-9526-abc319ef4a71,1.0,p*km,1,24,24,168b86f32056c3395d920f42694db37c0ccdedbbba68aeebb81a7ef13948efe9,https://raw.githubusercontent.com/FLCAC-admin/uslci-content/83f722d2c97ca784e3d258ab51ec4f6804625c1f/downloads/uslcy_fy19_q2_01_olca1_8_0_ilcd.zip.zip#ILCD/processes/9b7bef6f-60c3-38fa-9d32-3b1c0c82f866.xml,FY19.Q2.01,2026-10-08,retrieved_not_selected
USLCI,9bac01b2-fb11-3582-9c32-1bc249ff2e4f,00.00.001,"Roundwood, softwood, national forest, average, at forest road, INW",RNA,1988,"Unit process, black box",ea68dfe1-04c5-362a-ae74-aa6a22bf5e83,1.0,m3,1,3,3,00c941db407cd33e62a71722a7554bfd74f1e124fb2f9086b8012c6337bc3e4a,https://raw.githubusercontent.com/FLCAC-admin/uslci-content/83f722d2c97ca784e3d258ab51ec4f6804625c1f/downloads/uslcy_fy19_q2_01_olca1_8_0_ilcd.zip.zip#ILCD/processes/9bac01b2-fb11-3582-9c32-1bc249ff2e4f.xml,FY19.Q2.01,2026-10-08,retrieved_not_selected
USLCI,9bcab02c-bc04-3cd6-a756-74974141530c,00.00.001,"Roundwood, hardwood, average, High Intensity Management, NE-NC",RNA,9998,"Unit process, black box",460bc458-a9d1-3a56-ac96-def0a2b2f90b,106.87,m3,1,11,11,e48d71bf332af61edff774f98f48c508e553421d21ea1da4a1f273542b534c20,https://raw.githubusercontent.com/FLCAC-admin/uslci-content/83f722d2c97ca784e3d258ab51ec4f6804625c1f/downloads/uslcy_fy19_q2_01_olca1_8_0_ilcd.zip.zip#ILCD/processes/9bcab02c-bc04-3cd6-a756-74974141530c.xml,FY19.Q2.01,2026-10-08,retrieved_not_selected
USLCI,9bdfa7ed-cc24-3b65-9fdf-7d7e62b3c007,00.00.001,"Polyethylene, linear low density, resin, at plant, CTR",RNA,2002,"Unit process, black box",7a62c88b-00ba-36a0-8a4a-137367f3e282,1.0,kg,1,227,227,0b326daf01b60f855f2249ced0a483708c2249474f85e183fb422acce8db21b0,https://raw.githubusercontent.com/FLCAC-admin/uslci-content/83f722d2c97ca784e3d258ab51ec4f6804625c1f/downloads/uslcy_fy19_q2_01_olca1_8_0_ilcd.zip.zip#ILCD/processes/9bdfa7ed-cc24-3b65-9fdf-7d7e62b3c007.xml,FY19.Q2.01,2026-10-08,retrieved_not_selected
USLCI,9be99f9e-d855-3f70-b879-9cba92fae8ee,00.00.001,"Transport, combination truck, short-haul, diesel powered, Northeast",RNA,2009,"Unit process, black box",1ee743de-364c-321d-b25c-560667e1a861,1.0,t*km,1,24,24,c7f95d95076c6765d71e1d9221c065ec82cfcbb0260d3d57b01b59412816549c,https://raw.githubusercontent.com/FLCAC-admin/uslci-content/83f722d2c97ca784e3d258ab51ec4f6804625c1f/downloads/uslcy_fy19_q2_01_olca1_8_0_ilcd.zip.zip#ILCD/processes/9be99f9e-d855-3f70-b879-9cba92fae8ee.xml,FY19.Q2.01,2026-10-08,retrieved_not_selected
USLCI,9c0c2415-126f-3162-8479-f002f315a8c7,00.00.001,"Quicklime, at plant",RNA,1991,"Unit process, black box",c34c4451-297f-3b5c-a15f-2c16cdb52ad9,1.0,kg,1,14,14,d85ee05487d24178efa010238a003d4d41f05f36f5e0831d808e6daa72111c27,https://raw.githubusercontent.com/FLCAC-admin/uslci-content/83f722d2c97ca784e3d258ab51ec4f6804625c1f/downloads/uslcy_fy19_q2_01_olca1_8_0_ilcd.zip.zip#ILCD/processes/9c0c2415-126f-3162-8479-f002f315a8c7.xml,FY19.Q2.01,2026-10-08,retrieved_not_selected
USLCI,9c10be0f-e38e-4551-b8b5-eef65fa27dcc,00.00.016,"Corrugated product, 100% recycled, at mill",US,2013,"Unit process, black box",,,,2,53,53,ac3a9b5c6c9e0b2e8c1e3a26ff37efb85c67d88b6dae6f6ce8c7046185e2d7f5,https://raw.githubusercontent.com/FLCAC-admin/uslci-content/83f722d2c97ca784e3d258ab51ec4f6804625c1f/downloads/uslcy_fy19_q2_01_olca1_8_0_ilcd.zip.zip#ILCD/processes/9c10be0f-e38e-4551-b8b5-eef65fa27dcc.xml,FY19.Q2.01,2026-10-08,retrieved_not_selected
USLCI,9c36427d-76de-314c-bfca-4d714b71c9a5,00.00.001,"Switchgrass, production, US, 2022",RNA,2009,"Unit process, black box",eb35a3fc-2c19-32e2-8789-3c69e2071855,14800.0,kg,1,12,12,ec95b933dc2d08439e58083024247533ea27e79bddaf3998736826caae34e69f,https://raw.githubusercontent.com/FLCAC-admin/uslci-content/83f722d2c97ca784e3d258ab51ec4f6804625c1f/downloads/uslcy_fy19_q2_01_olca1_8_0_ilcd.zip.zip#ILCD/processes/9c36427d-76de-314c-bfca-4d714b71c9a5.xml,FY19.Q2.01,2026-10-08,retrieved_not_selected
USLCI,9cc8fafa-e232-3d86-a473-6b5d04431999,00.00.001,"Aluminum, secondary, ingot, from beverage cans, at plant",RNA,1997,"Unit process, black box",31fe03e1-7475-3898-b444-3ac1212c78ad,1.0,kg,1,25,25,50dd074a96f6e11bdb9be9206eb549d4fde114e127848e9ae63318e449a59de7,https://raw.githubusercontent.com/FLCAC-admin/uslci-content/83f722d2c97ca784e3d258ab51ec4f6804625c1f/downloads/uslcy_fy19_q2_01_olca1_8_0_ilcd.zip.zip#ILCD/processes/9cc8fafa-e232-3d86-a473-6b5d04431999.xml,FY19.Q2.01,2026-10-08,retrieved_not_selected
USLCI,9d9b6815-9349-30af-869b-57362428c42e,00.00.001,"Residual fuel oil, combusted in industrial boiler",RNA,1997,"Unit process, black box",654a5cf6-185f-3d91-89ef-42442d1825e8,1.0,m3,1,38,38,1d1346d173bc88a918d05b8caafe03da92241aa2ccc6856c1f775a295350c281,https://raw.githubusercontent.com/FLCAC-admin/uslci-content/83f722d2c97ca784e3d258ab51ec4f6804625c1f/downloads/uslcy_fy19_q2_01_olca1_8_0_ilcd.zip.zip#ILCD/processes/9d9b6815-9349-30af-869b-57362428c42e.xml,FY19.Q2.01,2026-10-08,retrieved_not_selected
USLCI,9dec74f3-7307-39ad-8ed4-a510e996b4e1,00.00.001,"Electricity, at eGrid, NEWE, 2008",RNA,2007,"Unit process, black box",9a68e6f1-8128-31a2-a970-8b2871b2e389,1.0,MJ,1,25,25,95655eccb15e8fa76817391f15af38512a45b8153671770cef114fe79f3de2be,https://raw.githubusercontent.com/FLCAC-admin/uslci-content/83f722d2c97ca784e3d258ab51ec4f6804625c1f/downloads/uslcy_fy19_q2_01_olca1_8_0_ilcd.zip.zip#ILCD/processes/9dec74f3-7307-39ad-8ed4-a510e996b4e1.xml,FY19.Q2.01,2026-10-08,retrieved_not_selected
USLCI,9ee66dd5-dcc9-3e94-9da3-3a7cc6cddeb3,00.00.001,"Hydrochloric acid, at plant",RNA,2002,"Unit process, black box",1a0678a7-09b1-339d-8f05-259a14f0ab84,1.0,kg,1,219,219,bd2b4402648c564427d838087943d71b6cc3ef254b86e6fdff720f765196bec6,https://raw.githubusercontent.com/FLCAC-admin/uslci-content/83f722d2c97ca784e3d258ab51ec4f6804625c1f/downloads/uslcy_fy19_q2_01_olca1_8_0_ilcd.zip.zip#ILCD/processes/9ee66dd5-dcc9-3e94-9da3-3a7cc6cddeb3.xml,FY19.Q2.01,2026-10-08,retrieved_not_selected
USLCI,9f4f4595-e487-3c45-bab4-b2a3077ee495,00.00.001,"Felling, feller buncher, > 200 HP, NE-NC",RNA,2002,"Unit process, black box",8575c5b2-2e83-3400-b08e-e454de032a78,1.0,d,1,3,3,84871ee0b4c5a24445223fd7bba6765b3d73235077949ee6060b5fb6d8141541,https://raw.githubusercontent.com/FLCAC-admin/uslci-content/83f722d2c97ca784e3d258ab51ec4f6804625c1f/downloads/uslcy_fy19_q2_01_olca1_8_0_ilcd.zip.zip#ILCD/processes/9f4f4595-e487-3c45-bab4-b2a3077ee495.xml,FY19.Q2.01,2026-10-08,retrieved_not_selected
USLCI,9fe670f2-0846-377e-8b15-db170d54ac32,00.00.001,"Injection molding, rigid LLDPE part, at plant",RNA,2009,"Unit process, black box",dcb34c9b-2519-3942-af74-446eb6885972,1.0,kg,1,32,32,1704051588e86a88c13ed377011521d102733cb86ea4dcc290a3d3aa6194e431,https://raw.githubusercontent.com/FLCAC-admin/uslci-content/83f722d2c97ca784e3d258ab51ec4f6804625c1f/downloads/uslcy_fy19_q2_01_olca1_8_0_ilcd.zip.zip#ILCD/processes/9fe670f2-0846-377e-8b15-db170d54ac32.xml,FY19.Q2.01,2026-10-08,retrieved_not_selected
USLCI,a0635262-38b8-31e0-8e73-a1b28437632d,00.00.001,"Transport, intercity bus, diesel powered, Southeast",RNA,2009,"Unit process, black box",2ac5b629-2e57-3090-9b00-b58300b28c2f,1.0,p*km,1,24,24,257752c3c2c5d3fe76a3bc4edd7b56b0c0fa78d4309a0d084f5e5ee3bd135192,https://raw.githubusercontent.com/FLCAC-admin/uslci-content/83f722d2c97ca784e3d258ab51ec4f6804625c1f/downloads/uslcy_fy19_q2_01_olca1_8_0_ilcd.zip.zip#ILCD/processes/a0635262-38b8-31e0-8e73-a1b28437632d.xml,FY19.Q2.01,2026-10-08,retrieved_not_selected
USLCI,a0b22839-812d-3279-839f-9388f01c96de,00.00.001,"Transport, refuse truck, diesel powered, Northwest",RNA,2009,"Unit process, black box",950a1b27-280b-3f73-bdda-6a3618b6b459,1.0,t*km,1,24,24,e945cd1d971d7cdbd7d8aacebdeffa4a80e1aa8a32f198b0a0c002d9736eec95,https://raw.githubusercontent.com/FLCAC-admin/uslci-content/83f722d2c97ca784e3d258ab51ec4f6804625c1f/downloads/uslcy_fy19_q2_01_olca1_8_0_ilcd.zip.zip#ILCD/processes/a0b22839-812d-3279-839f-9388f01c96de.xml,FY19.Q2.01,2026-10-08,retrieved_not_selected
USLCI,a17c7651-0fae-330c-bfe8-5f862200f5d2,00.00.001,"Transport, single unit truck, long-haul, diesel powered, Southeast",RNA,2009,"Unit process, black box",86a87cfc-fd44-3dcf-b63e-1e31292830ec,1.0,t*km,1,24,24,30be8cc9acdc177b9b89306a49a2e9d20dfbaa5b518a9da0cff8db125e38e0ff,https://raw.githubusercontent.com/FLCAC-admin/uslci-content/83f722d2c97ca784e3d258ab51ec4f6804625c1f/downloads/uslcy_fy19_q2_01_olca1_8_0_ilcd.zip.zip#ILCD/processes/a17c7651-0fae-330c-bfe8-5f862200f5d2.xml,FY19.Q2.01,2026-10-08,retrieved_not_selected
USLCI,a17f251a-de94-3933-b3b1-61aef7df590d,00.00.001,"Transport, combination truck, long-haul, diesel powered, Southeast",RNA,2009,"Unit process, black box",b105e06a-480d-3ddd-a28a-fcaa17f89efc,1.0,t*km,1,24,24,9846d5a7a2804544e1c4208c737a9931f97f86d2f33679aab7d4bbef78c1d843,https://raw.githubusercontent.com/FLCAC-admin/uslci-content/83f722d2c97ca784e3d258ab51ec4f6804625c1f/downloads/uslcy_fy19_q2_01_olca1_8_0_ilcd.zip.zip#ILCD/processes/a17f251a-de94-3933-b3b1-61aef7df590d.xml,FY19.Q2.01,2026-10-08,retrieved_not_selected
USLCI,a24e59f5-c156-398d-9a15-7d853ef2bf37,00.00.002,"Railroad ties, hardwood, creosote treated, SE",RNA,2004,"Unit process, black box",93f2c792-1c84-3ee7-9979-c646bb8e0051,1.0,m3,1,39,39,53d7867329b06bdc126c0818d1062293e9255fe452b96f1ed4760db6383d1157,https://raw.githubusercontent.com/FLCAC-admin/uslci-content/83f722d2c97ca784e3d258ab51ec4f6804625c1f/downloads/uslcy_fy19_q2_01_olca1_8_0_ilcd.zip.zip#ILCD/processes/a24e59f5-c156-398d-9a15-7d853ef2bf37.xml,FY19.Q2.01,2026-10-08,retrieved_not_selected
USLCI,a2e7aa17-9318-3bb8-91d6-22a32a9e8019,00.00.001,"Acrylonitrile, at plant",RNA,2002,"Unit process, black box",aa9ec257-b529-33c9-8028-a99566895383,1.0,kg,1,226,226,7392678379bb137aa01bfaf3f44d947a93db21b864dd8fda883d2c8dcfe1051f,https://raw.githubusercontent.com/FLCAC-admin/uslci-content/83f722d2c97ca784e3d258ab51ec4f6804625c1f/downloads/uslcy_fy19_q2_01_olca1_8_0_ilcd.zip.zip#ILCD/processes/a2e7aa17-9318-3bb8-91d6-22a32a9e8019.xml,FY19.Q2.01,2026-10-08,retrieved_not_selected
USLCI,a2ee77db-89d4-39c4-88a4-a969c95e01d0,00.00.001,"Harvest, switchgrass",RNA,2009,"Unit process, black box",563b0918-359e-3468-aeaa-971f0cafedc9,1.0,m2,1,4,4,d39220c8dd90da38be00fa9635c2d4fa401562d0cdf7a54d11d624d33a28251b,https://raw.githubusercontent.com/FLCAC-admin/uslci-content/83f722d2c97ca784e3d258ab51ec4f6804625c1f/downloads/uslcy_fy19_q2_01_olca1_8_0_ilcd.zip.zip#ILCD/processes/a2ee77db-89d4-39c4-88a4-a969c95e01d0.xml,FY19.Q2.01,2026-10-08,retrieved_not_selected
USLCI,a322a7e9-e44c-3024-9651-f9e62bb8d737,00.00.001,"Electricity, at Grid, ASCC, 2008",RNA,2007,"Unit process, black box",cddf2649-45a8-3c78-9f10-65eaecc6f851,1.0,MJ,1,9,9,6649855704bdb4ed777ea96876dc0d8807b6b9c8bb25e242794fd6fa7c27e149,https://raw.githubusercontent.com/FLCAC-admin/uslci-content/83f722d2c97ca784e3d258ab51ec4f6804625c1f/downloads/uslcy_fy19_q2_01_olca1_8_0_ilcd.zip.zip#ILCD/processes/a322a7e9-e44c-3024-9651-f9e62bb8d737.xml,FY19.Q2.01,2026-10-08,retrieved_not_selected
USLCI,a336a2a7-c6a8-38a5-81e3-2709095fd85f,00.00.001,"Fuels, burned at uncoated mechanical paper, average production, at mill",RNA,2005,"Unit process, black box",341b4c31-8b79-3d2c-9b99-21e74a8ab3cf,8061.0,MJ,1,66,66,2fc94ce1e1c5802be8a8077a0a88cbf7c94ff05468ed418fe6b4081e46ea1bfa,https://raw.githubusercontent.com/FLCAC-admin/uslci-content/83f722d2c97ca784e3d258ab51ec4f6804625c1f/downloads/uslcy_fy19_q2_01_olca1_8_0_ilcd.zip.zip#ILCD/processes/a336a2a7-c6a8-38a5-81e3-2709095fd85f.xml,FY19.Q2.01,2026-10-08,retrieved_not_selected
USLCI,a3a1912e-3182-33e9-be73-4997c03d5261,00.00.001,"Transport, refuse truck, diesel powered, Alaska",RNA,2009,"Unit process, black box",6d2c2401-2521-3b94-bdb0-8c4ac7bf0cec,1.0,t*km,1,24,24,c40f7cd2db24ed95f16a97f2e57b7099519687f9fe62fa7943ba97068324d2db,https://raw.githubusercontent.com/FLCAC-admin/uslci-content/83f722d2c97ca784e3d258ab51ec4f6804625c1f/downloads/uslcy_fy19_q2_01_olca1_8_0_ilcd.zip.zip#ILCD/processes/a3a1912e-3182-33e9-be73-4997c03d5261.xml,FY19.Q2.01,2026-10-08,retrieved_not_selected
USLCI,a3b730ce-d657-383b-b485-e5d082d96424,00.00.001,"Winter wheat straw, production, average, US, 2022",RNA,2009,"Unit process, black box",010fd805-fa43-382c-8332-2a8303335002,1040.0,kg,1,5,5,abeb91643037589fb81b5288553a57d769a4f36304f13146866bd3ad13678a70,https://raw.githubusercontent.com/FLCAC-admin/uslci-content/83f722d2c97ca784e3d258ab51ec4f6804625c1f/downloads/uslcy_fy19_q2_01_olca1_8_0_ilcd.zip.zip#ILCD/processes/a3b730ce-d657-383b-b485-e5d082d96424.xml,FY19.Q2.01,2026-10-08,retrieved_not_selected
USLCI,a40d4e00-67c2-3f4c-8c2b-1c67a28e6c5c,00.00.001,"Pesticide, Switchgrass",RNA,2009,"Unit process, black box",daacfcbf-f4ad-39dd-b992-595e25b64b67,1.0,m2,1,5,5,98b552497aba7f6e460177af9b24c4807da59ff3e6cededb8d7272f0ef2e5d96,https://raw.githubusercontent.com/FLCAC-admin/uslci-content/83f722d2c97ca784e3d258ab51ec4f6804625c1f/downloads/uslcy_fy19_q2_01_olca1_8_0_ilcd.zip.zip#ILCD/processes/a40d4e00-67c2-3f4c-8c2b-1c67a28e6c5c.xml,FY19.Q2.01,2026-10-08,retrieved_not_selected
USLCI,a44fbc31-f60f-382d-b03f-231eb3133f95,00.00.001,"Electricity, at eGrid, NYCW, 2010",RNA,2009,"Unit process, black box",da1a2e40-0489-3048-8202-a52376474e52,1.0,MJ,1,8,8,365d7e8b0e00d649f5be1045f209bf9e6a2767581b70ee7d542ffda0ea435468,https://raw.githubusercontent.com/FLCAC-admin/uslci-content/83f722d2c97ca784e3d258ab51ec4f6804625c1f/downloads/uslcy_fy19_q2_01_olca1_8_0_ilcd.zip.zip#ILCD/processes/a44fbc31-f60f-382d-b03f-231eb3133f95.xml,FY19.Q2.01,2026-10-08,retrieved_not_selected
USLCI,a477d05f-35a7-399e-9128-d2b4ce8265d6,00.00.001,"Gypsum wallboard product, type X, 0.625 inch (15.875 mm)",RNA,2009,"Unit process, black box",0111f63c-fb44-3a4d-bbcc-1d3db26b0d4f,1.0,m2,1,677,677,00369070aa28beff436be5954b0a53f26ce3da25b323f84dfcc792da828fe7ec,https://raw.githubusercontent.com/FLCAC-admin/uslci-content/83f722d2c97ca784e3d258ab51ec4f6804625c1f/downloads/uslcy_fy19_q2_01_olca1_8_0_ilcd.zip.zip#ILCD/processes/a477d05f-35a7-399e-9128-d2b4ce8265d6.xml,FY19.Q2.01,2026-10-08,retrieved_not_selected
USLCI,a4bf9bef-9587-31fa-a6d0-beadddad9ed3,00.00.001,"Electricity, at eGrid, HIMS, 2010",RNA,2009,"Unit process, black box",b4347174-0758-36c7-9d8d-255ed24ef402,1.0,MJ,1,12,12,f60f7c7be4051546f7fdefa2d258990ed5b7b33636e8c396d21cc81cd3c22089,https://raw.githubusercontent.com/FLCAC-admin/uslci-content/83f722d2c97ca784e3d258ab51ec4f6804625c1f/downloads/uslcy_fy19_q2_01_olca1_8_0_ilcd.zip.zip#ILCD/processes/a4bf9bef-9587-31fa-a6d0-beadddad9ed3.xml,FY19.Q2.01,2026-10-08,retrieved_not_selected
USLCI,a515132e-c816-34ea-9773-d56c11dc1cb0,00.00.001,"TDF, combusted in industrial boiler, at pulp and paper mill (EXCL.)",RNA,1996,"Unit process, black box",73f6d99c-51b9-3e90-b358-b7caa6cbfe21,1.0,kg,1,20,20,ea8b93345f397b8c39d51428f2cfc39ecb231c9ee21e936fd5367108f7866a8f,https://raw.githubusercontent.com/FLCAC-admin/uslci-content/83f722d2c97ca784e3d258ab51ec4f6804625c1f/downloads/uslcy_fy19_q2_01_olca1_8_0_ilcd.zip.zip#ILCD/processes/a515132e-c816-34ea-9773-d56c11dc1cb0.xml,FY19.Q2.01,2026-10-08,retrieved_not_selected
USLCI,a555a537-a0f1-3e54-9008-1d56c5e342a6,00.00.001,"Wood fuel, hardwood, generated at mill, combusted in industrial boiler, E",RNA,2003,"Unit process, black box",9f913cbd-c240-3516-963f-8041f59b066e,1.0,kg,1,38,38,ca565b4e8b0d993ae53b6be707fdd7795000a75587d6997247eedb4ba6d60aae,https://raw.githubusercontent.com/FLCAC-admin/uslci-content/83f722d2c97ca784e3d258ab51ec4f6804625c1f/downloads/uslcy_fy19_q2_01_olca1_8_0_ilcd.zip.zip#ILCD/processes/a555a537-a0f1-3e54-9008-1d56c5e342a6.xml,FY19.Q2.01,2026-10-08,retrieved_not_selected
USLCI,a6260670-e98e-3917-98bd-c14acb79fdf7,00.00.001,"Electricity, alumina refining regions",RNA,2003,"Unit process, black box",1c2598fb-2015-3309-ba90-1f9bf7e26bfc,1.0,MJ,1,7,7,388cb93a0b0d59977ed574346accff36b53094b2e82f1a8a920f377a2e000ad0,https://raw.githubusercontent.com/FLCAC-admin/uslci-content/83f722d2c97ca784e3d258ab51ec4f6804625c1f/downloads/uslcy_fy19_q2_01_olca1_8_0_ilcd.zip.zip#ILCD/processes/a6260670-e98e-3917-98bd-c14acb79fdf7.xml,FY19.Q2.01,2026-10-08,retrieved_not_selected
USLCI,a626a6b9-3877-36f5-ac98-f5844b6348dd,00.00.001,"Fuel grade uranium, at regional storage",RNA,1980,"Unit process, black box",64e4081e-3bbf-3576-ad3e-d760aa93c187,1.0,kg,1,44,44,92e391e41d58eab0514c80c62e15a5e397403d64595e237163f09aac6ea79c19,https://raw.githubusercontent.com/FLCAC-admin/uslci-content/83f722d2c97ca784e3d258ab51ec4f6804625c1f/downloads/uslcy_fy19_q2_01_olca1_8_0_ilcd.zip.zip#ILCD/processes/a626a6b9-3877-36f5-ac98-f5844b6348dd.xml,FY19.Q2.01,2026-10-08,retrieved_not_selected
USLCI,a685da05-1a42-3fe1-a68b-6db458be5e07,00.00.001,"Transport, combination truck, long-haul, diesel powered",RNA,2009,"Unit process, black box",13ed0c67-549c-3a01-afee-7083b12dd949,1.0,t*km,1,24,24,511b0afabc8a1091200ba67c8ddabc2c91623e6f807ddbadcfc5cf38a0f22b57,https://raw.githubusercontent.com/FLCAC-admin/uslci-content/83f722d2c97ca784e3d258ab51ec4f6804625c1f/downloads/uslcy_fy19_q2_01_olca1_8_0_ilcd.zip.zip#ILCD/processes/a685da05-1a42-3fe1-a68b-6db458be5e07.xml,FY19.Q2.01,2026-10-08,retrieved_not_selected
USLCI,a8c3ad24-992e-31e0-9e18-fdf0280875df,00.00.001,"Lost foam casting, aluminum",RNA,1995,"Unit process, black box",34e560b1-5686-32f7-9dd3-e1dc8d9bbc46,1.0,kg,1,29,29,1967af25a4c611edb466591b2d1693f81d4678825730ea8149618b7084594e2c,https://raw.githubusercontent.com/FLCAC-admin/uslci-content/83f722d2c97ca784e3d258ab51ec4f6804625c1f/downloads/uslcy_fy19_q2_01_olca1_8_0_ilcd.zip.zip#ILCD/processes/a8c3ad24-992e-31e0-9e18-fdf0280875df.xml,FY19.Q2.01,2026-10-08,retrieved_not_selected
USLCI,a8eb9a6a-e8e6-3da6-a3ab-20dcf68e883a,00.00.001,"Aluminum ingot, production mix, at plant",US,2003,"Unit process, black box",aec9945f-f19c-3834-8e26-5f4f92cfcb2b,1.0,kg,1,3,3,935cb9d284ba9ce2c8e7db433c188f401f292eec8e49ed15223bdb37d172f914,https://raw.githubusercontent.com/FLCAC-admin/uslci-content/83f722d2c97ca784e3d258ab51ec4f6804625c1f/downloads/uslcy_fy19_q2_01_olca1_8_0_ilcd.zip.zip#ILCD/processes/a8eb9a6a-e8e6-3da6-a3ab-20dcf68e883a.xml,FY19.Q2.01,2026-10-08,retrieved_not_selected
USLCI,a9114429-6fce-3296-b5d3-f0163e3fd76f,00.00.001,"Glycerine, at plant",RNA,1988,"Unit process, black box",15a3f4f0-891f-34ed-8b59-ae817a22aff4,1.0,kg,1,22,22,ba06f592d986cf88ead8200fe2312c700ba8d443f8ede449ab5763838f0409c6,https://raw.githubusercontent.com/FLCAC-admin/uslci-content/83f722d2c97ca784e3d258ab51ec4f6804625c1f/downloads/uslcy_fy19_q2_01_olca1_8_0_ilcd.zip.zip#ILCD/processes/a9114429-6fce-3296-b5d3-f0163e3fd76f.xml,FY19.Q2.01,2026-10-08,retrieved_not_selected
USLCI,a92f1110-9bee-3fa5-82c9-a922cfa84c06,00.00.001,"Transport, intercity bus, diesel powered, West North Central",RNA,2009,"Unit process, black box",9712e8b6-9d7d-3772-91e8-5d54064dd5fd,1.0,p*km,1,24,24,5f12bc00dd43c8d8427cc8e9dd80681eea40cb66cce25c3fa297f457ae828b13,https://raw.githubusercontent.com/FLCAC-admin/uslci-content/83f722d2c97ca784e3d258ab51ec4f6804625c1f/downloads/uslcy_fy19_q2_01_olca1_8_0_ilcd.zip.zip#ILCD/processes/a92f1110-9bee-3fa5-82c9-a922cfa84c06.xml,FY19.Q2.01,2026-10-08,retrieved_not_selected
USLCI,a941c19b-ed3f-34a9-a91b-ee31e2d6ac18,00.00.001,"Planting, switchgrass, 2022",RNA,2009,"Unit process, black box",38472995-20af-3219-a7b5-ad5bcbc1af3a,1.0,m2,1,3,3,b60a4f1a4bc2bcf89594f4f62faf5380d48692a9fce1275c4b25e35c40642c82,https://raw.githubusercontent.com/FLCAC-admin/uslci-content/83f722d2c97ca784e3d258ab51ec4f6804625c1f/downloads/uslcy_fy19_q2_01_olca1_8_0_ilcd.zip.zip#ILCD/processes/a941c19b-ed3f-34a9-a91b-ee31e2d6ac18.xml,FY19.Q2.01,2026-10-08,retrieved_not_selected
USLCI,a9f691e0-2be5-376a-ba35-294bb7849840,00.00.001,"Palm kernels, at plant",RNA,1984,"Unit process, black box",f5be8e72-c62d-3d59-98a2-039b844e0d36,1.0,kg,1,19,19,7ef5473ef577aaf7f5780fbe6773d2cf4d69bdb6e7acee83a17f37d41b0955b5,https://raw.githubusercontent.com/FLCAC-admin/uslci-content/83f722d2c97ca784e3d258ab51ec4f6804625c1f/downloads/uslcy_fy19_q2_01_olca1_8_0_ilcd.zip.zip#ILCD/processes/a9f691e0-2be5-376a-ba35-294bb7849840.xml,FY19.Q2.01,2026-10-08,retrieved_not_selected
USLCI,a9fd0eec-60dd-3506-8a22-6f8715f80f4e,00.00.001,"Aluminum, secondary, shape casted",RNA,1997,"Unit process, black box",a0c8c666-421f-30b3-80b4-2ea09817e105,1.0,kg,1,26,26,e25a7f34d9c28efffd2ba3ae9836eff84c08c332cc1188d8da2f0440272ebdba,https://raw.githubusercontent.com/FLCAC-admin/uslci-content/83f722d2c97ca784e3d258ab51ec4f6804625c1f/downloads/uslcy_fy19_q2_01_olca1_8_0_ilcd.zip.zip#ILCD/processes/a9fd0eec-60dd-3506-8a22-6f8715f80f4e.xml,FY19.Q2.01,2026-10-08,retrieved_not_selected
USLCI,aa97565f-fae9-476e-9790-b8009afc55ae,00.00.001,Overburden removal; Surface coal mine,US,1988,"Unit process, black box",823bb844-8ad2-4f66-a8e2-d4f76977a54e,1.0,Item(s),1,9,9,c515af5ff1aeb361fed400e734305cc42383ec17c216acb2ad50e8064878d8d8,https://raw.githubusercontent.com/FLCAC-admin/uslci-content/83f722d2c97ca784e3d258ab51ec4f6804625c1f/downloads/uslcy_fy19_q2_01_olca1_8_0_ilcd.zip.zip#ILCD/processes/aa97565f-fae9-476e-9790-b8009afc55ae.xml,FY19.Q2.01,2026-10-08,retrieved_not_selected
USLCI,ab20a7bb-0dab-3840-8e9d-4fcbd224d521,00.00.001,"Electricity, at eGrid, AKGD, 2008",RNA,2007,"Unit process, black box",38302bdc-d974-3759-9856-d44b13324f62,1.0,MJ,1,7,7,35392881337ab1d8c4b957850f4b07a88f71c013a5c8ebf461a939355e18d39a,https://raw.githubusercontent.com/FLCAC-admin/uslci-content/83f722d2c97ca784e3d258ab51ec4f6804625c1f/downloads/uslcy_fy19_q2_01_olca1_8_0_ilcd.zip.zip#ILCD/processes/ab20a7bb-0dab-3840-8e9d-4fcbd224d521.xml,FY19.Q2.01,2026-10-08,retrieved_not_selected
USLCI,ab2436bc-97db-3154-898e-2c49ca4b698e,00.00.001,"Semi-permanent mold (SPM) casting, aluminum",RNA,1995,"Unit process, black box",5acf07ec-9122-3be0-96be-9362ef4f1463,1.0,kg,1,46,46,7b022b1d253ac3fe635f10714538e4b8dc9d8b6a0eb850d3aa556a57c8ec59ff,https://raw.githubusercontent.com/FLCAC-admin/uslci-content/83f722d2c97ca784e3d258ab51ec4f6804625c1f/downloads/uslcy_fy19_q2_01_olca1_8_0_ilcd.zip.zip#ILCD/processes/ab2436bc-97db-3154-898e-2c49ca4b698e.xml,FY19.Q2.01,2026-10-08,retrieved_not_selected
USLCI,ab2ce993-cdfe-3f20-9021-3b8ccdc4b85e,00.00.002,"Green veneer processing, at plywood plant, US PNW",RNA,1999,"Unit process, black box",237969e2-3249-39cb-860c-dd93873b6c96,1.0,kg,1,9,9,277d4af1d98ca0016da1147acb737f7a3148c8d69da88d77961920dcfe2445e6,https://raw.githubusercontent.com/FLCAC-admin/uslci-content/83f722d2c97ca784e3d258ab51ec4f6804625c1f/downloads/uslcy_fy19_q2_01_olca1_8_0_ilcd.zip.zip#ILCD/processes/ab2ce993-cdfe-3f20-9021-3b8ccdc4b85e.xml,FY19.Q2.01,2026-10-08,retrieved_not_selected
USLCI,ab334aaf-bfe1-3785-91c5-3de1dc34c01b,00.00.001,"Compression molding, rigid composites part, at plant",US,2010,"Unit process, black box",b02afc35-d93c-3d91-a540-d73cbae63c20,1.0,kg,1,35,35,36d1e79e9f5fb271543be43fe7f634030eef6cc38e98e5250c343c36ed805499,https://raw.githubusercontent.com/FLCAC-admin/uslci-content/83f722d2c97ca784e3d258ab51ec4f6804625c1f/downloads/uslcy_fy19_q2_01_olca1_8_0_ilcd.zip.zip#ILCD/processes/ab334aaf-bfe1-3785-91c5-3de1dc34c01b.xml,FY19.Q2.01,2026-10-08,retrieved_not_selected
USLCI,ab489078-bfc7-3ff7-9af9-aaca6b225cfd,00.00.001,"Transport, transit bus, diesel powered",RNA,2009,"Unit process, black box",83a2d23e-a668-3b97-a037-371c67c18ccf,1.0,p*km,1,24,24,3d674b823e4c33d963e35c7868fd2145df732f10b3b361d8f6e5d900c8ba979e,https://raw.githubusercontent.com/FLCAC-admin/uslci-content/83f722d2c97ca784e3d258ab51ec4f6804625c1f/downloads/uslcy_fy19_q2_01_olca1_8_0_ilcd.zip.zip#ILCD/processes/ab489078-bfc7-3ff7-9af9-aaca6b225cfd.xml,FY19.Q2.01,2026-10-08,retrieved_not_selected
USLCI,abb55ad3-70d1-3e05-8408-d657fb9c3feb,00.00.001,"Paraxylene, at plant",RNA,2002,"Unit process, black box",491f0bfc-bb41-3b04-8e84-6628c2b42211,1.0,kg,1,6,6,f5d3bc3bc64a0a13fe44b515219f526f485b661a91f13e8dfb4e1ad195687e1d,https://raw.githubusercontent.com/FLCAC-admin/uslci-content/83f722d2c97ca784e3d258ab51ec4f6804625c1f/downloads/uslcy_fy19_q2_01_olca1_8_0_ilcd.zip.zip#ILCD/processes/abb55ad3-70d1-3e05-8408-d657fb9c3feb.xml,FY19.Q2.01,2026-10-08,retrieved_not_selected
USLCI,abb7efb5-29a4-4d4d-a65f-da1c7c201596,00.00.001,"Coal mine commissioning and decommissioning; Production mix, surface mine",US,2008,"Unit process, black box",488bfccd-c180-4702-a649-ecc91e7fd8ad,1.0,Item(s),1,11,11,2daca7acf19b2684ef29c24b51884afbf8ee86812ffdfb7a1fda7919efbd9354,https://raw.githubusercontent.com/FLCAC-admin/uslci-content/83f722d2c97ca784e3d258ab51ec4f6804625c1f/downloads/uslcy_fy19_q2_01_olca1_8_0_ilcd.zip.zip#ILCD/processes/abb7efb5-29a4-4d4d-a65f-da1c7c201596.xml,FY19.Q2.01,2026-10-08,retrieved_not_selected
USLCI,ac1515a9-6ed3-347e-8e33-cd870a2de574,00.00.001,"Automotive painting, top coat, per m2",RNA,2004,"Unit process, black box",b2199194-90f7-373a-8cf3-a863374924a8,1.0,m2,1,34,34,43cacf2170ad0fc1b4a6a652c51d69b81a9381d85fd02280e2fccaba63456e6d,https://raw.githubusercontent.com/FLCAC-admin/uslci-content/83f722d2c97ca784e3d258ab51ec4f6804625c1f/downloads/uslcy_fy19_q2_01_olca1_8_0_ilcd.zip.zip#ILCD/processes/ac1515a9-6ed3-347e-8e33-cd870a2de574.xml,FY19.Q2.01,2026-10-08,retrieved_not_selected
USLCI,ac54bc7d-5db5-3b4f-9175-5dd02f678312,00.00.001,"Steel, billets, at plant",RNA,1992,"Unit process, black box",fb35ea76-3255-3543-b943-8e358d2489d5,1.0,kg,1,98,98,e44d98ce7718daab6dda3bfe18d3e58c27b614a0bac2f7760293e94d99b12be2,https://raw.githubusercontent.com/FLCAC-admin/uslci-content/83f722d2c97ca784e3d258ab51ec4f6804625c1f/downloads/uslcy_fy19_q2_01_olca1_8_0_ilcd.zip.zip#ILCD/processes/ac54bc7d-5db5-3b4f-9175-5dd02f678312.xml,FY19.Q2.01,2026-10-08,retrieved_not_selected
USLCI,accc6b3b-6793-3964-b89d-82066f6977fc,00.00.001,"Bituminous coal, combusted in industrial boiler, at pulp and paper mill (EXCL.)",RNA,1996,"Unit process, black box",f1e8d961-1c36-3b57-a3fa-73b1be2bc1c5,1.0,kg,1,82,82,52f94a4aee0601784392a2e127303b6526b2ae7fee6227ecfb71911c831d5055,https://raw.githubusercontent.com/FLCAC-admin/uslci-content/83f722d2c97ca784e3d258ab51ec4f6804625c1f/downloads/uslcy_fy19_q2_01_olca1_8_0_ilcd.zip.zip#ILCD/processes/accc6b3b-6793-3964-b89d-82066f6977fc.xml,FY19.Q2.01,2026-10-08,retrieved_not_selected
USLCI,ad2939d6-4b37-317b-a483-264a67266e22,00.00.001,Diesel consumption; Diesel fired equipment; Variable power rating,US,2011,"Unit process, black box",ee49c996-8c8f-4d0c-b21f-67e58400cd5a,43.2,MJ,1,60,60,d39ff7c47cf4e9055aaa7722d7a6f1f8c0955902faf4380c985c18e188615ec7,https://raw.githubusercontent.com/FLCAC-admin/uslci-content/83f722d2c97ca784e3d258ab51ec4f6804625c1f/downloads/uslcy_fy19_q2_01_olca1_8_0_ilcd.zip.zip#ILCD/processes/ad2939d6-4b37-317b-a483-264a67266e22.xml,FY19.Q2.01,2026-10-08,retrieved_not_selected
USLCI,ad4d2715-a2a2-3da8-b87a-7843210ac0f2,00.00.001,"Softwood logs with bark, harvested at high intensity site, at mill, US SE",RNA,2002,"Unit process, black box",5f3c1e49-bb3c-3873-8f4a-83e43cc6eef6,1.0,m3,1,5,5,05061f1324cfa7479371a26e34cab0fe68c338f1ebf22a8db0c501a89bf9197d,https://raw.githubusercontent.com/FLCAC-admin/uslci-content/83f722d2c97ca784e3d258ab51ec4f6804625c1f/downloads/uslcy_fy19_q2_01_olca1_8_0_ilcd.zip.zip#ILCD/processes/ad4d2715-a2a2-3da8-b87a-7843210ac0f2.xml,FY19.Q2.01,2026-10-08,retrieved_not_selected
USLCI,ad753af6-8f5f-39a4-bad0-0d6a53304263,00.00.002,"Glue laminated beam processing, at plant, US SE",RNA,1999,"Unit process, black box",c608d7ec-afcf-3e01-a7d6-c1606ae9397d,14741.752025,kg,1,18,18,fd16a728127632be167e2947875aae0fd13328a77df8ae3ba6be8f553e35c5b7,https://raw.githubusercontent.com/FLCAC-admin/uslci-content/83f722d2c97ca784e3d258ab51ec4f6804625c1f/downloads/uslcy_fy19_q2_01_olca1_8_0_ilcd.zip.zip#ILCD/processes/ad753af6-8f5f-39a4-bad0-0d6a53304263.xml,FY19.Q2.01,2026-10-08,retrieved_not_selected
USLCI,ae110e46-e5c0-3d1f-aa81-7bcbceec1539,00.00.001,"Reforesting, average state or private moist cold softwood forest, INW",RNA,1988,"Unit process, black box",e4a0d519-bcaa-31c3-a16c-258295dfcd6c,1.0,m2,1,4,4,b552aef695897d550dd40de70a516977b416aa04dc6497345ab7b3c4ce8717eb,https://raw.githubusercontent.com/FLCAC-admin/uslci-content/83f722d2c97ca784e3d258ab51ec4f6804625c1f/downloads/uslcy_fy19_q2_01_olca1_8_0_ilcd.zip.zip#ILCD/processes/ae110e46-e5c0-3d1f-aa81-7bcbceec1539.xml,FY19.Q2.01,2026-10-08,retrieved_not_selected
USLCI,ae8c5758-4473-3791-9339-22ff52cacb23,00.00.001,"Lignite coal, at surface mine",RNA,1992,"Unit process, black box",90247271-0884-3a25-af40-be7abccb922c,1.0,kg,1,14,14,e68c40329e812926fee3223142df921f14180d531b112a7f2b39dff48f46255d,https://raw.githubusercontent.com/FLCAC-admin/uslci-content/83f722d2c97ca784e3d258ab51ec4f6804625c1f/downloads/uslcy_fy19_q2_01_olca1_8_0_ilcd.zip.zip#ILCD/processes/ae8c5758-4473-3791-9339-22ff52cacb23.xml,FY19.Q2.01,2026-10-08,retrieved_not_selected
USLCI,b001e212-e048-37ed-880c-6d19b0f87914,00.00.001,"Transport, light commercial truck, gasoline powered, West North Central",RNA,2009,"Unit process, black box",117ce641-5250-3488-873f-28dc44178ad4,1.0,t*km,1,24,24,51128e6d5e4948d219701d4a1b3d9fd0ec73a768d1e7dcc36a790a5cf19d03a5,https://raw.githubusercontent.com/FLCAC-admin/uslci-content/83f722d2c97ca784e3d258ab51ec4f6804625c1f/downloads/uslcy_fy19_q2_01_olca1_8_0_ilcd.zip.zip#ILCD/processes/b001e212-e048-37ed-880c-6d19b0f87914.xml,FY19.Q2.01,2026-10-08,retrieved_not_selected
USLCI,b024a56f-30d2-32c7-9066-3260d390b442,00.00.001,"Transport, single unit truck, short-haul, gasoline powered, South",RNA,2009,"Unit process, black box",b0c7a14e-30c6-3ab9-91d4-178fb9026fc0,1.0,t*km,1,24,24,b844644aaa0743ae2e765bdbf4c502b3258665d1ed4b4dad01cc8b04fa01ba49,https://raw.githubusercontent.com/FLCAC-admin/uslci-content/83f722d2c97ca784e3d258ab51ec4f6804625c1f/downloads/uslcy_fy19_q2_01_olca1_8_0_ilcd.zip.zip#ILCD/processes/b024a56f-30d2-32c7-9066-3260d390b442.xml,FY19.Q2.01,2026-10-08,retrieved_not_selected
USLCI,b04c9662-b353-3d13-a485-296acbd68840,00.00.001,"Petroleum refining, for olefins production, at plant",RNA,2002,"Unit process, black box",3b7c9d95-04b9-3278-9a85-c153903d594c,1.0,kg,1,42,42,67fb2ad0a8e724d27cb0c269dd6fe7ec1e835f378895347c69aab61203dad751,https://raw.githubusercontent.com/FLCAC-admin/uslci-content/83f722d2c97ca784e3d258ab51ec4f6804625c1f/downloads/uslcy_fy19_q2_01_olca1_8_0_ilcd.zip.zip#ILCD/processes/b04c9662-b353-3d13-a485-296acbd68840.xml,FY19.Q2.01,2026-10-08,retrieved_not_selected
USLCI,b096119c-d496-3c65-b3fe-9a65a09187a8,00.00.001,"Automotive painting, pretreatment",RNA,1999,"Unit process, black box",c253c5c4-836c-356c-a161-3b55c8a09369,1.0,m2,1,28,28,873544d5a6fa327a5031b3bfe53f4869e199b272e12bb0488d290e2f34bfb95a,https://raw.githubusercontent.com/FLCAC-admin/uslci-content/83f722d2c97ca784e3d258ab51ec4f6804625c1f/downloads/uslcy_fy19_q2_01_olca1_8_0_ilcd.zip.zip#ILCD/processes/b096119c-d496-3c65-b3fe-9a65a09187a8.xml,FY19.Q2.01,2026-10-08,retrieved_not_selected
USLCI,b15aa6b2-a8be-3afc-a149-0a1a13facb12,00.00.001,Recycled postconsumer HDPE pellet,RNA,2006,"Unit process, black box",c0e21190-462d-3466-b90f-a32b241a70f4,1.0,kg,1,23,23,0246d99683628140217cf88baa9040c2437ed4f02ecf62a72dd96334fc34d0f4,https://raw.githubusercontent.com/FLCAC-admin/uslci-content/83f722d2c97ca784e3d258ab51ec4f6804625c1f/downloads/uslcy_fy19_q2_01_olca1_8_0_ilcd.zip.zip#ILCD/processes/b15aa6b2-a8be-3afc-a149-0a1a13facb12.xml,FY19.Q2.01,2026-10-08,retrieved_not_selected
USLCI,b275922a-cb2a-3f9a-979a-1ce580d268c5,00.00.001,"Roundwood, softwood, average, state or private dry forest, at forest road, INW",RNA,1988,"Unit process, black box",3c38347b-00ea-3c2d-97b0-4bf25fd0f337,1.0,m3,1,3,3,f86d83580962176361df69ad9ed35597d5d6fe8f76d24400df7acd7a4706739c,https://raw.githubusercontent.com/FLCAC-admin/uslci-content/83f722d2c97ca784e3d258ab51ec4f6804625c1f/downloads/uslcy_fy19_q2_01_olca1_8_0_ilcd.zip.zip#ILCD/processes/b275922a-cb2a-3f9a-979a-1ce580d268c5.xml,FY19.Q2.01,2026-10-08,retrieved_not_selected
USLCI,b27794c0-ad1c-349f-90ea-0f064082b709,00.00.001,"Transport, transit bus, CNG powered",RNA,2009,"Unit process, black box",c8b4edca-9b7b-3006-b1cc-7a370c958544,1.0,p*km,1,15,15,bf2a64f9fd1b69a123e5a0e8abe0b1f71bf004dbeaf74ccea2e0399bc96b0ce9,https://raw.githubusercontent.com/FLCAC-admin/uslci-content/83f722d2c97ca784e3d258ab51ec4f6804625c1f/downloads/uslcy_fy19_q2_01_olca1_8_0_ilcd.zip.zip#ILCD/processes/b27794c0-ad1c-349f-90ea-0f064082b709.xml,FY19.Q2.01,2026-10-08,retrieved_not_selected
USLCI,b3746830-f559-3e05-8df4-7eb7a7c262d1,00.00.001,"Transport, transit bus, diesel powered, Hawaii",RNA,2009,"Unit process, black box",cd3657fb-d1f8-37a9-aa4a-cbd628a4179e,1.0,p*km,1,24,24,0884f0620e8a795ff0716b6af4206de21861ae5b767d6a91abedb567d5d1adc3,https://raw.githubusercontent.com/FLCAC-admin/uslci-content/83f722d2c97ca784e3d258ab51ec4f6804625c1f/downloads/uslcy_fy19_q2_01_olca1_8_0_ilcd.zip.zip#ILCD/processes/b3746830-f559-3e05-8df4-7eb7a7c262d1.xml,FY19.Q2.01,2026-10-08,retrieved_not_selected
USLCI,b57fe7f0-94ab-3049-8f1d-7a9a3d0c4ba5,00.00.001,"Electricity, at eGrid, FRCC, 2008",RNA,2007,"Unit process, black box",d1031b43-5146-36f0-a8ab-09c43a9bca76,1.0,MJ,1,22,22,05acaff2fe36d0e2978684c328b5fa77427fd465276dee7f0e2d3356ba873ef8,https://raw.githubusercontent.com/FLCAC-admin/uslci-content/83f722d2c97ca784e3d258ab51ec4f6804625c1f/downloads/uslcy_fy19_q2_01_olca1_8_0_ilcd.zip.zip#ILCD/processes/b57fe7f0-94ab-3049-8f1d-7a9a3d0c4ba5.xml,FY19.Q2.01,2026-10-08,retrieved_not_selected
USLCI,b5c35450-2b29-3f72-b6bf-1836a9d55100,00.00.001,"Mixed recyclables, sorted at MRF",RNA,2006,"Unit process, black box",2be6ce29-93cb-3106-8a99-4b9cf7dd27ef,1.0,kg,1,9,9,7b8d055fd32206e77ed7adfd01034c17abd4255d253bceb166d84ca4b388eef4,https://raw.githubusercontent.com/FLCAC-admin/uslci-content/83f722d2c97ca784e3d258ab51ec4f6804625c1f/downloads/uslcy_fy19_q2_01_olca1_8_0_ilcd.zip.zip#ILCD/processes/b5c35450-2b29-3f72-b6bf-1836a9d55100.xml,FY19.Q2.01,2026-10-08,retrieved_not_selected
USLCI,b5ca6aa6-ddeb-3f21-ab98-6a9b4892545b,00.00.001,"Roundwood, hardwood, average, at forest road, NE-NC",RNA,2002,"Unit process, black box",f9bfebc3-932f-3427-827a-a4972c05203c,1.0,m3,1,4,4,26dd4c3833e954824a5802f65a460d907dd48754da4e5e351b17a20e73a7a452,https://raw.githubusercontent.com/FLCAC-admin/uslci-content/83f722d2c97ca784e3d258ab51ec4f6804625c1f/downloads/uslcy_fy19_q2_01_olca1_8_0_ilcd.zip.zip#ILCD/processes/b5ca6aa6-ddeb-3f21-ab98-6a9b4892545b.xml,FY19.Q2.01,2026-10-08,retrieved_not_selected
USLCI,b5e2775b-9779-3a61-ab7b-a44bbc5e0f4e,00.00.001,"Prefinished engineered wood flooring, at engineered wood flooring plant, E",RNA,2006,"Unit process, black box",57207208-a2be-35f6-9ccf-8115d598285b,1.0,m3,1,29,29,2c0838f80b56f8344faf8f622ab3c50e0ec793c83b790256aef432da7ceceb0c,https://raw.githubusercontent.com/FLCAC-admin/uslci-content/83f722d2c97ca784e3d258ab51ec4f6804625c1f/downloads/uslcy_fy19_q2_01_olca1_8_0_ilcd.zip.zip#ILCD/processes/b5e2775b-9779-3a61-ab7b-a44bbc5e0f4e.xml,FY19.Q2.01,2026-10-08,retrieved_not_selected
USLCI,b60ebee1-54b0-4312-9ffa-46bfe46da506,00.00.001,Coal mine ventilation energy; Electric fan; Underground mine,US,1997,"Unit process, black box",1e130b16-58df-43f3-a504-6c1c07a03d6d,1.0,Item(s),1,2,2,04ac689be110304dcc3979cdbf529870910e1ad98af532a16126634cb1b78382,https://raw.githubusercontent.com/FLCAC-admin/uslci-content/83f722d2c97ca784e3d258ab51ec4f6804625c1f/downloads/uslcy_fy19_q2_01_olca1_8_0_ilcd.zip.zip#ILCD/processes/b60ebee1-54b0-4312-9ffa-46bfe46da506.xml,FY19.Q2.01,2026-10-08,retrieved_not_selected
USLCI,b65eb774-e80d-3ba6-a63c-5e1a5e33e54b,00.00.001,"Electricity, at grid, US, 2000",RNA,1999,"Unit process, black box",73e33e2a-67d5-31e2-8449-b6f2d7b46bb2,1.0,MJ,1,12,12,661c5f94dd27df80cd444a0c93336aa36b149c50b9a00304f07163baf0429e21,https://raw.githubusercontent.com/FLCAC-admin/uslci-content/83f722d2c97ca784e3d258ab51ec4f6804625c1f/downloads/uslcy_fy19_q2_01_olca1_8_0_ilcd.zip.zip#ILCD/processes/b65eb774-e80d-3ba6-a63c-5e1a5e33e54b.xml,FY19.Q2.01,2026-10-08,retrieved_not_selected
USLCI,b6884185-30b8-391a-9dff-dbded4429a66,00.00.001,"Hog fuel, pur., combusted in industrial boiler, at pulp and paper mill (EXCL.)",RNA,2003,"Unit process, black box",cd2343aa-210e-3d54-87df-c939bc9296b5,1.0,kg,1,31,31,d949d0633ee1484157aa9f9029ea5e6ccc4fbf3069beb11aed2dd5e8406cb4a8,https://raw.githubusercontent.com/FLCAC-admin/uslci-content/83f722d2c97ca784e3d258ab51ec4f6804625c1f/downloads/uslcy_fy19_q2_01_olca1_8_0_ilcd.zip.zip#ILCD/processes/b6884185-30b8-391a-9dff-dbded4429a66.xml,FY19.Q2.01,2026-10-08,retrieved_not_selected
USLCI,b6c27e8e-46cf-396a-ae58-29ce9b9c0d47,00.00.001,"Electricity, at eGrid, SRMW, 2010",RNA,2009,"Unit process, black box",0df76b5f-f68f-39b1-bf30-a5a65c26f60f,1.0,MJ,1,11,11,80451485e2e64e1753905f37de277678a5bb0ecaf76b4e8dfad16914b8646f57,https://raw.githubusercontent.com/FLCAC-admin/uslci-content/83f722d2c97ca784e3d258ab51ec4f6804625c1f/downloads/uslcy_fy19_q2_01_olca1_8_0_ilcd.zip.zip#ILCD/processes/b6c27e8e-46cf-396a-ae58-29ce9b9c0d47.xml,FY19.Q2.01,2026-10-08,retrieved_not_selected
USLCI,b93671f5-6fd0-3cc5-bb75-c47950034dee,00.00.001,"Loader operation, large, INW",RNA,1988,"Unit process, black box",05fdc4ea-e79c-38cb-8f68-2a36bc022247,1.0,d,1,3,3,72a7914f729d6dd7ad5dbe6972be7281789b169987f99fe0094a389a82b832f4,https://raw.githubusercontent.com/FLCAC-admin/uslci-content/83f722d2c97ca784e3d258ab51ec4f6804625c1f/downloads/uslcy_fy19_q2_01_olca1_8_0_ilcd.zip.zip#ILCD/processes/b93671f5-6fd0-3cc5-bb75-c47950034dee.xml,FY19.Q2.01,2026-10-08,retrieved_not_selected
USLCI,ba328bfe-68dd-3d33-a95e-bdcd28252c39,00.00.001,"Transport, single unit truck, short-haul, gasoline powered",RNA,2009,"Unit process, black box",524fd4ed-beef-3c60-a17b-fa0ba1842eeb,1.0,t*km,1,24,24,60f1b2da4f32ae5e601a3d4dcd91d6444f2f3deb4b6dd00065a9f43f2bcc3a05,https://raw.githubusercontent.com/FLCAC-admin/uslci-content/83f722d2c97ca784e3d258ab51ec4f6804625c1f/downloads/uslcy_fy19_q2_01_olca1_8_0_ilcd.zip.zip#ILCD/processes/ba328bfe-68dd-3d33-a95e-bdcd28252c39.xml,FY19.Q2.01,2026-10-08,retrieved_not_selected
USLCI,ba5df01a-626b-35b8-859f-f1df42dd54a0,00.00.001,"Polyethylene, low density, resin, at plant, CTR",RNA,2001,"Unit process, black box",0debe6c9-212b-3dda-9705-b0e78efe7161,1.0,kg,1,222,222,6c9edd9607a28eec6230245b768079988076059ddebcf1003460b64a83ef7b0a,https://raw.githubusercontent.com/FLCAC-admin/uslci-content/83f722d2c97ca784e3d258ab51ec4f6804625c1f/downloads/uslcy_fy19_q2_01_olca1_8_0_ilcd.zip.zip#ILCD/processes/ba5df01a-626b-35b8-859f-f1df42dd54a0.xml,FY19.Q2.01,2026-10-08,retrieved_not_selected
USLCI,ba9dcf1f-321b-3b4c-a1a9-b2c59dc00366,00.00.001,"Scanner, i710 desktop and i730EX desktop",GLO,2014,"Unit process, black box",1906c973-fe26-3620-a984-29eb8404e949,1.0,Item(s),1,29,29,55aacbe72b6d37e3dec63fdfce4e209e32423b7204afbd365ee26e7046f17525,https://raw.githubusercontent.com/FLCAC-admin/uslci-content/83f722d2c97ca784e3d258ab51ec4f6804625c1f/downloads/uslcy_fy19_q2_01_olca1_8_0_ilcd.zip.zip#ILCD/processes/ba9dcf1f-321b-3b4c-a1a9-b2c59dc00366.xml,FY19.Q2.01,2026-10-08,retrieved_not_selected
USLCI,baaac50f-23d5-3bd1-8970-1cae058f4234,00.00.001,"Roundwood, hardwood, green, at logyard, NE-NC",RNA,2004,"Unit process, black box",c61ce905-c1a2-3ed8-9cbd-286e227c6f13,1.0,m3,1,10,10,9263182786eea980bde70b383f02e9a50b39d7bec5d1b6c02ead6ef032449208,https://raw.githubusercontent.com/FLCAC-admin/uslci-content/83f722d2c97ca784e3d258ab51ec4f6804625c1f/downloads/uslcy_fy19_q2_01_olca1_8_0_ilcd.zip.zip#ILCD/processes/baaac50f-23d5-3bd1-8970-1cae058f4234.xml,FY19.Q2.01,2026-10-08,retrieved_not_selected
USLCI,bada054f-b912-3251-96c1-19e64cde8930,00.00.001,"Pulpwood, hardwood, average, at forest road, NE-NC",RNA,2002,"Unit process, black box",6ee0e857-0bd4-32a4-9e70-925bbdcda653,1.0,m3,1,4,4,5897fdb956d1f9d8dfc601a49217365f96ebc23703f89e88bf5ab061c7988ae8,https://raw.githubusercontent.com/FLCAC-admin/uslci-content/83f722d2c97ca784e3d258ab51ec4f6804625c1f/downloads/uslcy_fy19_q2_01_olca1_8_0_ilcd.zip.zip#ILCD/processes/bada054f-b912-3251-96c1-19e64cde8930.xml,FY19.Q2.01,2026-10-08,retrieved_not_selected
USLCI,bbb16d92-dd0c-33c5-92c7-feca45646d83,00.00.003,"Railroad tie, hardwood, rough, green, at sawmill, SE",RNA,1899,"Unit process, black box",a1c12aba-9009-3cc4-90a0-6dd555e434dd,1.0,kg,1,7,7,2ea4ba48aede49c879e4535e5f8c64fd6d9031c147e8925536ee9648927401d1,https://raw.githubusercontent.com/FLCAC-admin/uslci-content/83f722d2c97ca784e3d258ab51ec4f6804625c1f/downloads/uslcy_fy19_q2_01_olca1_8_0_ilcd.zip.zip#ILCD/processes/bbb16d92-dd0c-33c5-92c7-feca45646d83.xml,FY19.Q2.01,2026-10-08,retrieved_not_selected
USLCI,bbcb0128-0ea1-3ef9-9f94-889a523b7c35,00.00.001,"Transport, light commercial truck, diesel powered, Central",RNA,2009,"Unit process, black box",ba3e0ef2-4a20-3148-9838-aaf5539cc2d5,1.0,t*km,1,24,24,ef8d0afda35550125b3af5eba0892c3d988a0a9a1c91a9aee813fbb9f8930b31,https://raw.githubusercontent.com/FLCAC-admin/uslci-content/83f722d2c97ca784e3d258ab51ec4f6804625c1f/downloads/uslcy_fy19_q2_01_olca1_8_0_ilcd.zip.zip#ILCD/processes/bbcb0128-0ea1-3ef9-9f94-889a523b7c35.xml,FY19.Q2.01,2026-10-08,retrieved_not_selected
USLCI,bbfe537d-76d5-3553-8f87-72fe52b34f7d,00.00.002,"Sawn lumber, softwood, rough, green, at sawmill, NE-NC",RNA,2005,"Unit process, black box",c72b1c6a-4d60-3bba-ba59-10e4758a7003,1.0,kg,1,14,14,115725fa1d478a50ae042263f36ee402a33996938951166a50c9d143f398266a,https://raw.githubusercontent.com/FLCAC-admin/uslci-content/83f722d2c97ca784e3d258ab51ec4f6804625c1f/downloads/uslcy_fy19_q2_01_olca1_8_0_ilcd.zip.zip#ILCD/processes/bbfe537d-76d5-3553-8f87-72fe52b34f7d.xml,FY19.Q2.01,2026-10-08,retrieved_not_selected
USLCI,bc119cdf-7143-35e8-9adb-c3a92dc376b6,00.00.001,"Soy oil, refined, at plant",RNA,2004,"Unit process, black box",f126c700-2f3b-3477-9e1d-e73f5741a8b7,1000.0,kg,1,11,11,46032b09e17691e937bf83eefd7877ddb1600a42f6d59818e1e174145540cc47,https://raw.githubusercontent.com/FLCAC-admin/uslci-content/83f722d2c97ca784e3d258ab51ec4f6804625c1f/downloads/uslcy_fy19_q2_01_olca1_8_0_ilcd.zip.zip#ILCD/processes/bc119cdf-7143-35e8-9adb-c3a92dc376b6.xml,FY19.Q2.01,2026-10-08,retrieved_not_selected
USLCI,bc251c04-d2b2-366f-af0c-99d8fc2ed467,00.00.001,"Hot rolled sheet, steel, at plant",RNA,1992,"Unit process, black box",a0db1861-d492-3a3a-b73e-8727727b91e9,1.0,kg,1,98,98,be6c0ff6c35d98fda3f94d4a313fa7595340f899230777540cf4dbcd435455e2,https://raw.githubusercontent.com/FLCAC-admin/uslci-content/83f722d2c97ca784e3d258ab51ec4f6804625c1f/downloads/uslcy_fy19_q2_01_olca1_8_0_ilcd.zip.zip#ILCD/processes/bc251c04-d2b2-366f-af0c-99d8fc2ed467.xml,FY19.Q2.01,2026-10-08,retrieved_not_selected
USLCI,bcc68f88-debb-3fc3-93ee-5ceadcef0b14,00.00.001,"Aluminum, secondary ingot, at plant",RNA,2009,"Unit process, black box",36549ddd-3dca-3b48-a1b0-7c6889afba05,1000.0,kg,1,600,600,eaeb7a80c9bef4adbdd83c44d54af3c2144569224db7bc5412262f6591cfae6f,https://raw.githubusercontent.com/FLCAC-admin/uslci-content/83f722d2c97ca784e3d258ab51ec4f6804625c1f/downloads/uslcy_fy19_q2_01_olca1_8_0_ilcd.zip.zip#ILCD/processes/bcc68f88-debb-3fc3-93ee-5ceadcef0b14.xml,FY19.Q2.01,2026-10-08,retrieved_not_selected
USLCI,be1b8d08-1f19-3646-bd63-d65e643f08ca,00.00.001,"Electricity, at eGrid, RMPA, 2008",RNA,2007,"Unit process, black box",b4029f2d-89ad-3b20-a9ad-19bc271e0575,1.0,MJ,1,14,14,ddb485c0f63147bdec80188aa039d6aa78a7b704f7338fc05035b18af7e8eea6,https://raw.githubusercontent.com/FLCAC-admin/uslci-content/83f722d2c97ca784e3d258ab51ec4f6804625c1f/downloads/uslcy_fy19_q2_01_olca1_8_0_ilcd.zip.zip#ILCD/processes/be1b8d08-1f19-3646-bd63-d65e643f08ca.xml,FY19.Q2.01,2026-10-08,retrieved_not_selected
USLCI,be7ff3dc-e1b2-4ba3-ade0-5ffb61c7aeb2,00.00.001,"Coal mine commissioning and decommissioning; Production mix, underground mine",US,2003,"Unit process, black box",1690836c-f0b6-4c49-8ca8-a46527615316,1.0,Item(s),1,11,11,8801c269e7cde7b458faa1e3aae777e7410899cdfc757225b829e7776b525f8a,https://raw.githubusercontent.com/FLCAC-admin/uslci-content/83f722d2c97ca784e3d258ab51ec4f6804625c1f/downloads/uslcy_fy19_q2_01_olca1_8_0_ilcd.zip.zip#ILCD/processes/be7ff3dc-e1b2-4ba3-ade0-5ffb61c7aeb2.xml,FY19.Q2.01,2026-10-08,retrieved_not_selected
USLCI,bf3d3ce7-aac2-3a3c-b3e8-5c0a29bfb678,00.00.002,"Bucked and debarked log, hardwood, green, at veneer mill, E",RNA,2006,"Unit process, black box",7beb2597-d87c-32ba-83c4-336f5dc23a19,24.74820717,kg,1,11,11,c3b84713fdf84be19818c7e47c63957ee5fac9b3e5c6a3159ae49ec21bfe43f0,https://raw.githubusercontent.com/FLCAC-admin/uslci-content/83f722d2c97ca784e3d258ab51ec4f6804625c1f/downloads/uslcy_fy19_q2_01_olca1_8_0_ilcd.zip.zip#ILCD/processes/bf3d3ce7-aac2-3a3c-b3e8-5c0a29bfb678.xml,FY19.Q2.01,2026-10-08,retrieved_not_selected
USLCI,bf6e7378-4e08-3698-a3a7-c9cc90fcbc07,00.00.001,"Transport, light commercial truck, diesel powered",RNA,2009,"Unit process, black box",35fe9caf-2ad2-3d14-ae03-21454a89da2e,1.0,t*km,1,24,24,4a4435505594631eb60a578a05088a2e056c05a9c34f4caf19b430c688e2485a,https://raw.githubusercontent.com/FLCAC-admin/uslci-content/83f722d2c97ca784e3d258ab51ec4f6804625c1f/downloads/uslcy_fy19_q2_01_olca1_8_0_ilcd.zip.zip#ILCD/processes/bf6e7378-4e08-3698-a3a7-c9cc90fcbc07.xml,FY19.Q2.01,2026-10-08,retrieved_not_selected
USLCI,c0138d7e-3eac-3b37-b27a-58c9d5a2d1cf,00.00.001,"Corn stover, carted",RNA,2007,"Unit process, black box",1cf0f8b8-4291-38b7-a4c5-3a4877e338c5,1.71,kg,1,5,5,3012d7f4ddb9b8821a7526229b7e49363b40e2c939e0ef30a78223cd2966dadc,https://raw.githubusercontent.com/FLCAC-admin/uslci-content/83f722d2c97ca784e3d258ab51ec4f6804625c1f/downloads/uslcy_fy19_q2_01_olca1_8_0_ilcd.zip.zip#ILCD/processes/c0138d7e-3eac-3b37-b27a-58c9d5a2d1cf.xml,FY19.Q2.01,2026-10-08,retrieved_not_selected
USLCI,c01e63be-688d-36c6-ba41-07d900691186,00.00.001,"Transport, passenger car, diesel powered",RNA,2009,"Unit process, black box",19ac1c40-d97e-3a44-b978-6d8150738d52,1.0,p*km,1,24,24,6f2a7dfde8ce57726615d9be441101971b9d2e2b3162333c2d69c1e74c7a69d7,https://raw.githubusercontent.com/FLCAC-admin/uslci-content/83f722d2c97ca784e3d258ab51ec4f6804625c1f/downloads/uslcy_fy19_q2_01_olca1_8_0_ilcd.zip.zip#ILCD/processes/c01e63be-688d-36c6-ba41-07d900691186.xml,FY19.Q2.01,2026-10-08,retrieved_not_selected
USLCI,c042ca2f-0d9c-3014-b200-2093351fc4f6,00.00.001,"Transport, transit bus, diesel powered, West North Central",RNA,2009,"Unit process, black box",1e591050-fc7f-32b4-a22d-a0ffb7bf43e9,1.0,p*km,1,24,24,1e2c68695f4e9339d1f781e6a061c786911e1e2f5abdbc4db8a37b03ff671e1a,https://raw.githubusercontent.com/FLCAC-admin/uslci-content/83f722d2c97ca784e3d258ab51ec4f6804625c1f/downloads/uslcy_fy19_q2_01_olca1_8_0_ilcd.zip.zip#ILCD/processes/c042ca2f-0d9c-3014-b200-2093351fc4f6.xml,FY19.Q2.01,2026-10-08,retrieved_not_selected
USLCI,c069b1d6-6596-356b-81f9-16f3d65bd6b1,00.00.001,"Transport, combination truck, long-haul, diesel powered, Hawaii",RNA,2009,"Unit process, black box",f322df28-2740-305d-9fba-8ae7bd8a951b,1.0,t*km,1,24,24,a854c0699ee8fa59f7b126ec53782b0e2574e349754f5b4dd01f5476fbabeffd,https://raw.githubusercontent.com/FLCAC-admin/uslci-content/83f722d2c97ca784e3d258ab51ec4f6804625c1f/downloads/uslcy_fy19_q2_01_olca1_8_0_ilcd.zip.zip#ILCD/processes/c069b1d6-6596-356b-81f9-16f3d65bd6b1.xml,FY19.Q2.01,2026-10-08,retrieved_not_selected
USLCI,c0a8ba97-b596-3ed9-bfbf-785900cea1de,00.00.001,"Electricity, at eGrid, ERCT, 2008",RNA,2007,"Unit process, black box",326f54fd-06b2-3a5b-aab8-3bb6cf7cf9ea,1.0,MJ,1,17,17,6a24bfc34d4a4314162e7376a07c772fa8256276e90a9b0120a04d3d5b83b7a9,https://raw.githubusercontent.com/FLCAC-admin/uslci-content/83f722d2c97ca784e3d258ab51ec4f6804625c1f/downloads/uslcy_fy19_q2_01_olca1_8_0_ilcd.zip.zip#ILCD/processes/c0a8ba97-b596-3ed9-bfbf-785900cea1de.xml,FY19.Q2.01,2026-10-08,retrieved_not_selected
USLCI,c11e9a47-4f90-3b07-8ea7-ffd845c572ab,00.00.001,"Natural gas, extracted",RNA,2002,"Unit process, black box",f8f274bf-d047-3676-be1a-753ba2f6f965,1.0,kg,1,94,94,a38dcef2c7435eb6bc434d7bfde0bba37fce83bb85262d64a4e4c9e963c01c58,https://raw.githubusercontent.com/FLCAC-admin/uslci-content/83f722d2c97ca784e3d258ab51ec4f6804625c1f/downloads/uslcy_fy19_q2_01_olca1_8_0_ilcd.zip.zip#ILCD/processes/c11e9a47-4f90-3b07-8ea7-ffd845c572ab.xml,FY19.Q2.01,2026-10-08,retrieved_not_selected
USLCI,c11f6f12-269d-3c4c-9ab0-6995cd5d8af2,00.00.001,"Melamine urea formaldehyde resin, at plant",RNA,9998,"Unit process, black box",2319eed6-941a-32b8-967a-3f5e33019e0b,1.0,kg,1,36,36,af0b45443657696f3105959e36291615cdd9cc6443bc65afc0d8db716dc2a0a4,https://raw.githubusercontent.com/FLCAC-admin/uslci-content/83f722d2c97ca784e3d258ab51ec4f6804625c1f/downloads/uslcy_fy19_q2_01_olca1_8_0_ilcd.zip.zip#ILCD/processes/c11f6f12-269d-3c4c-9ab0-6995cd5d8af2.xml,FY19.Q2.01,2026-10-08,retrieved_not_selected
USLCI,c139b46e-e0c1-3be5-ad3d-451d6392bad6,00.00.001,Biodegradable loose fill,RNA,2004,"Unit process, black box",bc79a7c3-02f2-375b-be04-601e5e1b5590,1.0,m3,1,32,32,0e7fd527fbed1f7f343622dc201415aea1040fec8f214dda1cbdc0c4e29616a5,https://raw.githubusercontent.com/FLCAC-admin/uslci-content/83f722d2c97ca784e3d258ab51ec4f6804625c1f/downloads/uslcy_fy19_q2_01_olca1_8_0_ilcd.zip.zip#ILCD/processes/c139b46e-e0c1-3be5-ad3d-451d6392bad6.xml,FY19.Q2.01,2026-10-08,retrieved_not_selected
USLCI,c18e98c1-88a2-3a75-bdcd-f2a788bd74d8,00.00.002,"Planed green lumber processing, at planer mill, US PNW",RNA,1998,"Unit process, black box",0c17fb1b-6448-35da-9844-ac5e927fa0e9,1.0,kg,1,11,11,752db12953033db7ade8229ef75c2aab07b6b347ca9361093f7a64a9d102a99b,https://raw.githubusercontent.com/FLCAC-admin/uslci-content/83f722d2c97ca784e3d258ab51ec4f6804625c1f/downloads/uslcy_fy19_q2_01_olca1_8_0_ilcd.zip.zip#ILCD/processes/c18e98c1-88a2-3a75-bdcd-f2a788bd74d8.xml,FY19.Q2.01,2026-10-08,retrieved_not_selected
USLCI,c19569ac-f0ab-453a-b70b-43f73bad11f8,00.00.001,"Stainless steel; Manufacture; Production mix, at plant; 316 2B, 80% recycled",GLO,1998,"Unit process, black box",69fece29-f722-4dc4-acfb-a9cbbebfcb11,1.0,kg,1,51,51,cb2d529216f2fa7cf881fd228fb72ca215a71bae9ffa940b6b2a47d805345f0a,https://raw.githubusercontent.com/FLCAC-admin/uslci-content/83f722d2c97ca784e3d258ab51ec4f6804625c1f/downloads/uslcy_fy19_q2_01_olca1_8_0_ilcd.zip.zip#ILCD/processes/c19569ac-f0ab-453a-b70b-43f73bad11f8.xml,FY19.Q2.01,2026-10-08,retrieved_not_selected
USLCI,c2300fc3-5496-3d12-9135-67dc0ef740c9,00.00.001,"Transport, barge, diesel powered",RNA,2000,"Unit process, black box",a1242640-8306-366c-9c55-6dfd23e77bd7,1.0,t*km,1,9,9,2d3fddf61b2900f5f4cbbcffbc545a6c2ae7a37d98c8f7f3e412a2c97ae3ae94,https://raw.githubusercontent.com/FLCAC-admin/uslci-content/83f722d2c97ca784e3d258ab51ec4f6804625c1f/downloads/uslcy_fy19_q2_01_olca1_8_0_ilcd.zip.zip#ILCD/processes/c2300fc3-5496-3d12-9135-67dc0ef740c9.xml,FY19.Q2.01,2026-10-08,retrieved_not_selected
USLCI,c245a252-0860-41d2-9789-802bab7984ab,00.00.022,"Containerboard, average production, at mill",US,2013,"Unit process, black box",42385daf-e0a4-35de-9a68-931400275c60,1.10516007,kg,1,189,189,1d8c7ea490cc5d49ba497aa6df1f9343e731cfde352bd5a146f9c5b5936188d6,https://raw.githubusercontent.com/FLCAC-admin/uslci-content/83f722d2c97ca784e3d258ab51ec4f6804625c1f/downloads/uslcy_fy19_q2_01_olca1_8_0_ilcd.zip.zip#ILCD/processes/c245a252-0860-41d2-9789-802bab7984ab.xml,FY19.Q2.01,2026-10-08,retrieved_not_selected
USLCI,c2a7ddaa-164e-3a05-b063-221f68080142,00.00.001,"Transport, single unit truck, long-haul, diesel powered, West",RNA,2009,"Unit process, black box",54766077-529d-3c2d-b69c-38b2f95eaefe,1.0,t*km,1,24,24,2b4a8469be53e719738df67d8ae9d94524cc185faecb586bdf1541e46cf8abb6,https://raw.githubusercontent.com/FLCAC-admin/uslci-content/83f722d2c97ca784e3d258ab51ec4f6804625c1f/downloads/uslcy_fy19_q2_01_olca1_8_0_ilcd.zip.zip#ILCD/processes/c2a7ddaa-164e-3a05-b063-221f68080142.xml,FY19.Q2.01,2026-10-08,retrieved_not_selected
USLCI,c2e37abe-5258-30c2-861a-02ce33c1174b,00.00.001,"Sawn lumber, softwood, rough, kiln dried, at kiln, INW",RNA,2005,"Unit process, black box",3355354d-cce6-3606-a63a-bc0670be09bc,1.0,m3,1,11,11,32fd4809c4eabf679e11297c33bddffef32b2e95681173c57a8fbbf3304609cd,https://raw.githubusercontent.com/FLCAC-admin/uslci-content/83f722d2c97ca784e3d258ab51ec4f6804625c1f/downloads/uslcy_fy19_q2_01_olca1_8_0_ilcd.zip.zip#ILCD/processes/c2e37abe-5258-30c2-861a-02ce33c1174b.xml,FY19.Q2.01,2026-10-08,retrieved_not_selected
USLCI,c365372e-b463-35b8-acee-d2ad71e2ccdd,00.00.001,"Transport, single unit truck, short-haul, diesel powered, Northwest",RNA,2009,"Unit process, black box",8cba7d4d-4ea9-36a9-af7f-3a8421158ba7,1.0,t*km,1,24,24,f5b70f982e3ae1d92c8a8e54b601620806fd5867b880bebd9b7fb5911894e87a,https://raw.githubusercontent.com/FLCAC-admin/uslci-content/83f722d2c97ca784e3d258ab51ec4f6804625c1f/downloads/uslcy_fy19_q2_01_olca1_8_0_ilcd.zip.zip#ILCD/processes/c365372e-b463-35b8-acee-d2ad71e2ccdd.xml,FY19.Q2.01,2026-10-08,retrieved_not_selected
USLCI,c378e883-97fc-3714-b923-d7271b8fcbac,00.00.001,"Cold rolled sheet, steel, at plant",RNA,1992,"Unit process, black box",5d5319f2-727c-343d-aaba-32517583a0a4,1.0,kg,1,98,98,d5d715373c775e8723a4cf48a15b4d1b5f8639bb048e132bab4cc94499043e52,https://raw.githubusercontent.com/FLCAC-admin/uslci-content/83f722d2c97ca784e3d258ab51ec4f6804625c1f/downloads/uslcy_fy19_q2_01_olca1_8_0_ilcd.zip.zip#ILCD/processes/c378e883-97fc-3714-b923-d7271b8fcbac.xml,FY19.Q2.01,2026-10-08,retrieved_not_selected
USLCI,c39dbfd7-d8de-3df9-8e9b-d2bdc3037cf4,00.00.001,"Bark, softwood, average, at forest road, NE-NC",RNA,2002,"Unit process, black box",a9354422-7e84-3f28-b64f-c038c3b0052b,1.0,kg,1,4,4,c5b836d0c2e04941dcb7f63eb49d68d36c1c70e99a44ab929d3b27d23f50a037,https://raw.githubusercontent.com/FLCAC-admin/uslci-content/83f722d2c97ca784e3d258ab51ec4f6804625c1f/downloads/uslcy_fy19_q2_01_olca1_8_0_ilcd.zip.zip#ILCD/processes/c39dbfd7-d8de-3df9-8e9b-d2bdc3037cf4.xml,FY19.Q2.01,2026-10-08,retrieved_not_selected
USLCI,c3ba0cd2-d36d-396a-8295-bd4c00979cf6,00.00.001,"Transport, single unit truck, long-haul, diesel powered",RNA,2009,"Unit process, black box",1c639821-1428-35ac-aaa4-277aacdc7420,1.0,t*km,1,24,24,fb3f331a68e1cfdd8d68038b4c6c88a016dd4873c3d17a26dd7f31d275960423,https://raw.githubusercontent.com/FLCAC-admin/uslci-content/83f722d2c97ca784e3d258ab51ec4f6804625c1f/downloads/uslcy_fy19_q2_01_olca1_8_0_ilcd.zip.zip#ILCD/processes/c3ba0cd2-d36d-396a-8295-bd4c00979cf6.xml,FY19.Q2.01,2026-10-08,retrieved_not_selected
USLCI,c3be0482-cb54-39f8-8638-dd3a4dec68eb,00.00.001,"Transport, single unit truck, long-haul, diesel powered, Northwest",RNA,2009,"Unit process, black box",3ce2783e-f493-3fee-a70f-7b5b77993ab1,1.0,t*km,1,24,24,c743dec9c5684598294ef5eb03a9e8dba50ad3b488bc6da3960eb5b913db3e5f,https://raw.githubusercontent.com/FLCAC-admin/uslci-content/83f722d2c97ca784e3d258ab51ec4f6804625c1f/downloads/uslcy_fy19_q2_01_olca1_8_0_ilcd.zip.zip#ILCD/processes/c3be0482-cb54-39f8-8638-dd3a4dec68eb.xml,FY19.Q2.01,2026-10-08,retrieved_not_selected
USLCI,c3c32dfd-2cc0-3df4-b4b9-22c1f2e8f99d,00.00.001,"Roundwood, softwd, state or private dry forest, gentle slope, at forest rd, INW",RNA,1988,"Unit process, black box",feaab399-760b-31ab-8b6b-b35c9c152456,174.41,m3,1,13,13,65b9fbec0b85d8d2682e81ad713109f3d00969fd7154373c83ce969c91869750,https://raw.githubusercontent.com/FLCAC-admin/uslci-content/83f722d2c97ca784e3d258ab51ec4f6804625c1f/downloads/uslcy_fy19_q2_01_olca1_8_0_ilcd.zip.zip#ILCD/processes/c3c32dfd-2cc0-3df4-b4b9-22c1f2e8f99d.xml,FY19.Q2.01,2026-10-08,retrieved_not_selected
USLCI,c493f95f-0143-3c66-b62a-3494133eb337,00.00.001,"Coil, coating, m2, at plant",RNA,2013,"Unit process, black box",55abd264-5855-3c57-823e-f5973186d205,1.0,m2,1,40,40,fd7dc2e9a23b9732c49c4acc0a96e380b9d47c37e065d405d0694e8cbdd11d27,https://raw.githubusercontent.com/FLCAC-admin/uslci-content/83f722d2c97ca784e3d258ab51ec4f6804625c1f/downloads/uslcy_fy19_q2_01_olca1_8_0_ilcd.zip.zip#ILCD/processes/c493f95f-0143-3c66-b62a-3494133eb337.xml,FY19.Q2.01,2026-10-08,retrieved_not_selected
USLCI,c4a77ebf-6c30-3789-90f7-2b113b787826,00.00.001,"Electricity, at Grid, WECC, 2008",RNA,2007,"Unit process, black box",f1b9b248-f60a-3895-9af5-e998063309f8,1.0,MJ,1,29,29,b49f15c174f750ebdb425e90d30293d2b1248a0ccb24982bbc496b49e2471ce1,https://raw.githubusercontent.com/FLCAC-admin/uslci-content/83f722d2c97ca784e3d258ab51ec4f6804625c1f/downloads/uslcy_fy19_q2_01_olca1_8_0_ilcd.zip.zip#ILCD/processes/c4a77ebf-6c30-3789-90f7-2b113b787826.xml,FY19.Q2.01,2026-10-08,retrieved_not_selected
USLCI,c538e2f7-e50b-4318-83e0-44203e929fff,00.00.001,Coal mine water use and quality; Underground mine,US,2003,"Unit process, black box",c9362cd7-39cc-438b-81c4-5354f42f9abc,1.0,Item(s),1,12,12,f896e99fb478d73c853cd135e0b22bff584c1d611d9734928dfa1aa4a40a05bd,https://raw.githubusercontent.com/FLCAC-admin/uslci-content/83f722d2c97ca784e3d258ab51ec4f6804625c1f/downloads/uslcy_fy19_q2_01_olca1_8_0_ilcd.zip.zip#ILCD/processes/c538e2f7-e50b-4318-83e0-44203e929fff.xml,FY19.Q2.01,2026-10-08,retrieved_not_selected
USLCI,c61964bd-2f6a-3aa4-a43c-dc215d3fce87,00.00.001,"Transport, light commercial truck, diesel powered, West North Central",RNA,2009,"Unit process, black box",2bd23161-b6fb-3b4f-99ed-e9c1de657f14,1.0,t*km,1,24,24,0f550c12b866275a69ebe638916670fb78a4320e360ed44ead40f028df68e3bc,https://raw.githubusercontent.com/FLCAC-admin/uslci-content/83f722d2c97ca784e3d258ab51ec4f6804625c1f/downloads/uslcy_fy19_q2_01_olca1_8_0_ilcd.zip.zip#ILCD/processes/c61964bd-2f6a-3aa4-a43c-dc215d3fce87.xml,FY19.Q2.01,2026-10-08,retrieved_not_selected
USLCI,c61b85fc-217c-32c1-b313-ba8efb80e378,00.00.001,"Transport, combination truck, long-haul, diesel powered, Central",RNA,2009,"Unit process, black box",ef3e7786-a194-3229-8938-d9ee45bf51ec,1.0,t*km,1,24,24,421816767a813cdb5633b5611ba6a676aceccf2b954dca59522e6830061ebbad,https://raw.githubusercontent.com/FLCAC-admin/uslci-content/83f722d2c97ca784e3d258ab51ec4f6804625c1f/downloads/uslcy_fy19_q2_01_olca1_8_0_ilcd.zip.zip#ILCD/processes/c61b85fc-217c-32c1-b313-ba8efb80e378.xml,FY19.Q2.01,2026-10-08,retrieved_not_selected
USLCI,c6fe7799-8cb7-32e6-9bd9-a3d5564c218f,00.00.001,"Electricity, at Grid, MRO, 2010",RNA,2009,"Unit process, black box",7669ca2d-2172-323d-8540-1014efb4cf97,1.0,MJ,1,17,17,436f64398b26580b800b58567d5adb799106d35b285c812b41c6993c4f529083,https://raw.githubusercontent.com/FLCAC-admin/uslci-content/83f722d2c97ca784e3d258ab51ec4f6804625c1f/downloads/uslcy_fy19_q2_01_olca1_8_0_ilcd.zip.zip#ILCD/processes/c6fe7799-8cb7-32e6-9bd9-a3d5564c218f.xml,FY19.Q2.01,2026-10-08,retrieved_not_selected
USLCI,c77a668e-733b-3e86-9a1d-bcec8b0064dc,00.00.001,"Crude palm kernel oil, at plant",RNA,1984,"Unit process, black box",7e7a192b-c431-3883-aba5-802625561ade,1.0,kg,1,10,10,99ad4cea74fea909e927e3bfc2cd91178b0c2e3ef72036f1e0f39cddf21c1401,https://raw.githubusercontent.com/FLCAC-admin/uslci-content/83f722d2c97ca784e3d258ab51ec4f6804625c1f/downloads/uslcy_fy19_q2_01_olca1_8_0_ilcd.zip.zip#ILCD/processes/c77a668e-733b-3e86-9a1d-bcec8b0064dc.xml,FY19.Q2.01,2026-10-08,retrieved_not_selected
USLCI,c7826fd6-e4d4-3ede-b43c-831d8d78ed19,00.00.001,"Reforesting, average national softwood forest, INW",RNA,1988,"Unit process, black box",3e6000a0-f5f0-3e02-be33-e2bc85941cb8,1.0,m2,1,3,3,1695e94bcaf82dfbe2c71f5463cb35cc2ee8f0f69dfdb9ab1f61fc397b7920b2,https://raw.githubusercontent.com/FLCAC-admin/uslci-content/83f722d2c97ca784e3d258ab51ec4f6804625c1f/downloads/uslcy_fy19_q2_01_olca1_8_0_ilcd.zip.zip#ILCD/processes/c7826fd6-e4d4-3ede-b43c-831d8d78ed19.xml,FY19.Q2.01,2026-10-08,retrieved_not_selected
USLCI,c7aaeef5-a019-304e-959d-92fdccaf0896,00.00.001,"Wood, softwood, INW, generated at lumber mill, combusted in industrial boiler",RNA,2003,"Unit process, black box",67bbd497-5260-37b7-ac17-555c6e822712,1.0,kg,1,35,35,eb848904d211b82e985fca8cc416855fd65d50091562775b382fc524aaed100e,https://raw.githubusercontent.com/FLCAC-admin/uslci-content/83f722d2c97ca784e3d258ab51ec4f6804625c1f/downloads/uslcy_fy19_q2_01_olca1_8_0_ilcd.zip.zip#ILCD/processes/c7aaeef5-a019-304e-959d-92fdccaf0896.xml,FY19.Q2.01,2026-10-08,retrieved_not_selected
USLCI,c7fec37a-a023-3563-84d6-fa33a6b19f2f,00.00.001,"Corn wet milling, operations, AP-42",RNA,1993,"Unit process, black box",d6bfc1d8-069b-3604-9685-9ed45c6dfce4,2000.0,kg,1,2,2,0ca7d031234c81d5d3a1a66542b036324de4d2d2da9b5c068645b67e658542fd,https://raw.githubusercontent.com/FLCAC-admin/uslci-content/83f722d2c97ca784e3d258ab51ec4f6804625c1f/downloads/uslcy_fy19_q2_01_olca1_8_0_ilcd.zip.zip#ILCD/processes/c7fec37a-a023-3563-84d6-fa33a6b19f2f.xml,FY19.Q2.01,2026-10-08,retrieved_not_selected
USLCI,c86aa658-f2c7-315c-bd83-36d707c5be1a,00.00.001,"Electricity, at Grid, ASCC, 2010",RNA,2009,"Unit process, black box",5c42fb21-2b10-3b3f-85f3-36310ecd15d2,1.0,MJ,1,7,7,7a31362332a665dccf9963d8d85500f5bf1ce0c8e1278921e6a9992b6ce49f36,https://raw.githubusercontent.com/FLCAC-admin/uslci-content/83f722d2c97ca784e3d258ab51ec4f6804625c1f/downloads/uslcy_fy19_q2_01_olca1_8_0_ilcd.zip.zip#ILCD/processes/c86aa658-f2c7-315c-bd83-36d707c5be1a.xml,FY19.Q2.01,2026-10-08,retrieved_not_selected
USLCI,c8760d99-d246-33de-a38b-3c86d2210a6c,00.00.001,"Electricity, at eGrid, RMPA, 2010",RNA,2009,"Unit process, black box",155d5fbb-7c47-3671-bc0b-3113b30ec04a,1.0,MJ,1,12,12,cfd320ff99da388c263c2224897d68f7753661a6f1a68f5b02b213620d899b14,https://raw.githubusercontent.com/FLCAC-admin/uslci-content/83f722d2c97ca784e3d258ab51ec4f6804625c1f/downloads/uslcy_fy19_q2_01_olca1_8_0_ilcd.zip.zip#ILCD/processes/c8760d99-d246-33de-a38b-3c86d2210a6c.xml,FY19.Q2.01,2026-10-08,retrieved_not_selected
USLCI,ca1d1dfa-fd3c-35f1-bea7-a037251deb04,00.00.002,"Hardboard, at hardboard plant",RNA,2009,"Unit process, black box",9d6de29f-6d1d-3ca6-bbe5-26d8d2e0c6af,768.0,kg,1,119,119,4b89ce428438bc6f9f300d848f5729178c1a8fd8603e8bbb4eb9c49d39dabce8,https://raw.githubusercontent.com/FLCAC-admin/uslci-content/83f722d2c97ca784e3d258ab51ec4f6804625c1f/downloads/uslcy_fy19_q2_01_olca1_8_0_ilcd.zip.zip#ILCD/processes/ca1d1dfa-fd3c-35f1-bea7-a037251deb04.xml,FY19.Q2.01,2026-10-08,retrieved_not_selected
USLCI,ca503028-9715-3865-8410-14f0f85d3974,00.00.001,"Roundwood, sftwd, state-private moist cold forest, steep slope, at forest rd,INW",RNA,1988,"Unit process, black box",3458c3ec-2b73-322d-b4d0-70dc62fa1283,210.24,m3,1,12,12,67ba0928d8ed991b34123c15cb3513fcaf3d076e6572c433150bf5d30abdc725,https://raw.githubusercontent.com/FLCAC-admin/uslci-content/83f722d2c97ca784e3d258ab51ec4f6804625c1f/downloads/uslcy_fy19_q2_01_olca1_8_0_ilcd.zip.zip#ILCD/processes/ca503028-9715-3865-8410-14f0f85d3974.xml,FY19.Q2.01,2026-10-08,retrieved_not_selected
USLCI,cac29502-4a46-3ed6-9acc-e34f4b43b84d,00.00.001,"Roundwood, softwood, average, Low Intensity Management, NE-NC",RNA,2002,"Unit process, black box",09d71d69-6a39-3132-966a-51bb344333f1,142.1212,m3,1,11,11,4da766860f1c2b8d7fb6beaa88ac4118193727ac1f90f125cc52fba385cc29fd,https://raw.githubusercontent.com/FLCAC-admin/uslci-content/83f722d2c97ca784e3d258ab51ec4f6804625c1f/downloads/uslcy_fy19_q2_01_olca1_8_0_ilcd.zip.zip#ILCD/processes/cac29502-4a46-3ed6-9acc-e34f4b43b84d.xml,FY19.Q2.01,2026-10-08,retrieved_not_selected
USLCI,caefe875-8560-3e7f-a8b7-a002485f75d6,00.00.001,"Anode, at plant",RNA,1997,"Unit process, black box",f9130933-0414-3a68-8fb0-40f4bac7e13f,1.0,kg,1,43,43,86898a9e876a7aebc6742e092948b8a4de37707f53639c53cf934bd2f9f9a430,https://raw.githubusercontent.com/FLCAC-admin/uslci-content/83f722d2c97ca784e3d258ab51ec4f6804625c1f/downloads/uslcy_fy19_q2_01_olca1_8_0_ilcd.zip.zip#ILCD/processes/caefe875-8560-3e7f-a8b7-a002485f75d6.xml,FY19.Q2.01,2026-10-08,retrieved_not_selected
USLCI,cb09cf38-4b97-4374-b526-72d02a7ab8e1,00.00.001,Coal crusher facility; Construction; At underground mine,GLO,2000,"Unit process, black box",0173c586-8af2-4865-9ae7-320426090fc7,1.0,Item(s),1,4,4,cf15dbec349217c26f9e436295f26b5719ccb1e933e1ab9b00328d13ed7a1b20,https://raw.githubusercontent.com/FLCAC-admin/uslci-content/83f722d2c97ca784e3d258ab51ec4f6804625c1f/downloads/uslcy_fy19_q2_01_olca1_8_0_ilcd.zip.zip#ILCD/processes/cb09cf38-4b97-4374-b526-72d02a7ab8e1.xml,FY19.Q2.01,2026-10-08,retrieved_not_selected
USLCI,cb5600fe-948c-3fd0-80f3-35cf5b0d7832,00.00.001,"Bark, softwood, average, state or private dry forest, at forest road, INW",RNA,1988,"Unit process, black box",65de349d-0103-3feb-8c35-99b7e07523a4,1.0,kg,1,3,3,f52df72e92803dd4059d310fb860cdf6f8eabf0548b5ea9c74eb09472d56bd15,https://raw.githubusercontent.com/FLCAC-admin/uslci-content/83f722d2c97ca784e3d258ab51ec4f6804625c1f/downloads/uslcy_fy19_q2_01_olca1_8_0_ilcd.zip.zip#ILCD/processes/cb5600fe-948c-3fd0-80f3-35cf5b0d7832.xml,FY19.Q2.01,2026-10-08,retrieved_not_selected
USLCI,cbc64321-512c-4b49-9d28-ed656d6aa8e6,00.00.001,Coal handling; Underground mine,US,1997,"Unit process, black box",8bf6708a-0a0f-41e4-9b1a-54a92b11dd21,1.0,kg,1,4,4,2ae156d253cbdadc6155c5790ba43268851304f798dff09ffe537e37a0fe294d,https://raw.githubusercontent.com/FLCAC-admin/uslci-content/83f722d2c97ca784e3d258ab51ec4f6804625c1f/downloads/uslcy_fy19_q2_01_olca1_8_0_ilcd.zip.zip#ILCD/processes/cbc64321-512c-4b49-9d28-ed656d6aa8e6.xml,FY19.Q2.01,2026-10-08,retrieved_not_selected
USLCI,cbf4023b-71f7-36b7-8c45-ea43bc2f108c,00.00.001,"Pulp, kraft market, bleached, average production, at mill",RNA,2005,"Unit process, black box",b8dc8889-932a-3517-8d7d-c663d1373227,816.47,kg,1,80,80,cbb53e7612ed194f73bb71b159623c58f553cdb493cd5fea1780a3cbe3a85f8e,https://raw.githubusercontent.com/FLCAC-admin/uslci-content/83f722d2c97ca784e3d258ab51ec4f6804625c1f/downloads/uslcy_fy19_q2_01_olca1_8_0_ilcd.zip.zip#ILCD/processes/cbf4023b-71f7-36b7-8c45-ea43bc2f108c.xml,FY19.Q2.01,2026-10-08,retrieved_not_selected
USLCI,cc8e796a-b812-31fd-b779-f0e9410bd681,00.00.001,"Transport, combination truck, long-haul, diesel powered, West North Central",RNA,2009,"Unit process, black box",a7937eb9-b7aa-37c5-9ca6-781eb0b96f1b,1.0,t*km,1,24,24,aa61910fde16a3aeca2ea3db6a50f242097b8a0711779ceb614e8c8cc94219f8,https://raw.githubusercontent.com/FLCAC-admin/uslci-content/83f722d2c97ca784e3d258ab51ec4f6804625c1f/downloads/uslcy_fy19_q2_01_olca1_8_0_ilcd.zip.zip#ILCD/processes/cc8e796a-b812-31fd-b779-f0e9410bd681.xml,FY19.Q2.01,2026-10-08,retrieved_not_selected
USLCI,ccc739c2-aec2-30d0-a1f1-a7ae81af1e8a,00.00.001,Grinding,RNA,2008,"Unit process, black box",aa3f78a4-9fec-3904-886f-443aa760a4ae,2000.0,kg,1,4,4,299dbd7059ad101bcf885c03f3c803f87dc5bb8355e55beb26a6f4444226a408,https://raw.githubusercontent.com/FLCAC-admin/uslci-content/83f722d2c97ca784e3d258ab51ec4f6804625c1f/downloads/uslcy_fy19_q2_01_olca1_8_0_ilcd.zip.zip#ILCD/processes/ccc739c2-aec2-30d0-a1f1-a7ae81af1e8a.xml,FY19.Q2.01,2026-10-08,retrieved_not_selected
USLCI,cced9535-72f6-3b3a-b3c0-ce21b98eea2b,00.00.002,"Cellulosic fiberboard, uncoated, at plant",RNA,2009,"Unit process, black box",bdc5f6f5-2bcc-39b2-8273-211b96e8258d,254.0,kg,1,106,106,25ac6fbfb0f0e0143583fc1dfed1911fb92646a784eec4039215b42bfc7deabe,https://raw.githubusercontent.com/FLCAC-admin/uslci-content/83f722d2c97ca784e3d258ab51ec4f6804625c1f/downloads/uslcy_fy19_q2_01_olca1_8_0_ilcd.zip.zip#ILCD/processes/cced9535-72f6-3b3a-b3c0-ce21b98eea2b.xml,FY19.Q2.01,2026-10-08,retrieved_not_selected
USLCI,cd04cced-a75c-30c6-b05f-1fe6fbefb934,00.00.001,"Phenol formaldehyde resin,  neat, 47% solids",RNA,2004,"Unit process, black box",3c2baf23-665a-3c7a-b1df-19b89be18ec1,1.0,kg,1,20,20,0eb22973ad95d017399b961a6bd4425670a4dc333dd6dc72a10801f9b8238874,https://raw.githubusercontent.com/FLCAC-admin/uslci-content/83f722d2c97ca784e3d258ab51ec4f6804625c1f/downloads/uslcy_fy19_q2_01_olca1_8_0_ilcd.zip.zip#ILCD/processes/cd04cced-a75c-30c6-b05f-1fe6fbefb934.xml,FY19.Q2.01,2026-10-08,retrieved_not_selected
USLCI,cd7fcea7-4b13-36ad-be07-e6fa09cb680b,00.00.001,"Deposit containers, at collection",RNA,2006,"Unit process, black box",0fe54247-1f28-3597-bd5e-98431dc2f685,1.0,kg,1,4,4,b0f59050cb6e2c2895035a103a822185201a53daf4db13bbbe74ce3f3c6748f7,https://raw.githubusercontent.com/FLCAC-admin/uslci-content/83f722d2c97ca784e3d258ab51ec4f6804625c1f/downloads/uslcy_fy19_q2_01_olca1_8_0_ilcd.zip.zip#ILCD/processes/cd7fcea7-4b13-36ad-be07-e6fa09cb680b.xml,FY19.Q2.01,2026-10-08,retrieved_not_selected
USLCI,cdbace4b-f0cb-3bbf-99e6-b1291b558413,00.00.001,"Transport, single unit truck, short-haul, diesel powered, South",RNA,2009,"Unit process, black box",3e58cf6b-8a2b-3ae0-bb61-7059b1d78f1a,1.0,t*km,1,24,24,0ed25e61d56442a6e8b666cb6de8c2a72656ba8c4264ce7b4265a28e96488f39,https://raw.githubusercontent.com/FLCAC-admin/uslci-content/83f722d2c97ca784e3d258ab51ec4f6804625c1f/downloads/uslcy_fy19_q2_01_olca1_8_0_ilcd.zip.zip#ILCD/processes/cdbace4b-f0cb-3bbf-99e6-b1291b558413.xml,FY19.Q2.01,2026-10-08,retrieved_not_selected
USLCI,cdc143eb-fff8-3618-85cd-bce83d96390f,00.00.002,"Veneer, hardwood, green, at veneer mill, E",RNA,2006,"Unit process, black box",a339abd8-8eaf-3163-862c-85d7eeba2868,1.0,kg,1,8,8,af778069155b461958f90ce9e1060f84e123038f9de64a252bdc4cfcd3dffe08,https://raw.githubusercontent.com/FLCAC-admin/uslci-content/83f722d2c97ca784e3d258ab51ec4f6804625c1f/downloads/uslcy_fy19_q2_01_olca1_8_0_ilcd.zip.zip#ILCD/processes/cdc143eb-fff8-3618-85cd-bce83d96390f.xml,FY19.Q2.01,2026-10-08,retrieved_not_selected
USLCI,cdcadd23-eb46-3a7a-81ce-ccbdd1413128,00.00.001,"Electricity, at eGrid, NYLI, 2010",RNA,2009,"Unit process, black box",78a32817-fd9d-38e6-a9e8-4e6641d49c1b,1.0,MJ,1,5,5,1213e3b91652f30818c4fabd3f31ee67586485e6d2eee672d91955f3cc92b00b,https://raw.githubusercontent.com/FLCAC-admin/uslci-content/83f722d2c97ca784e3d258ab51ec4f6804625c1f/downloads/uslcy_fy19_q2_01_olca1_8_0_ilcd.zip.zip#ILCD/processes/cdcadd23-eb46-3a7a-81ce-ccbdd1413128.xml,FY19.Q2.01,2026-10-08,retrieved_not_selected
USLCI,cdd860f4-48a6-3436-b86d-04424f8ee9d2,00.00.001,"Calcium carbonate, ground, 20 micron, at plant",US,2013,"Unit process, black box",56b7a8ed-81da-3b77-81bd-c4938168edce,1.0,kg,1,30,30,f82b0b9d2a37958bf16ee74945437af681ba28859771c12cb4d69459870df25d,https://raw.githubusercontent.com/FLCAC-admin/uslci-content/83f722d2c97ca784e3d258ab51ec4f6804625c1f/downloads/uslcy_fy19_q2_01_olca1_8_0_ilcd.zip.zip#ILCD/processes/cdd860f4-48a6-3436-b86d-04424f8ee9d2.xml,FY19.Q2.01,2026-10-08,retrieved_not_selected
USLCI,ce38752e-c414-3175-9482-ce663a909a0c,00.00.001,"Polyethylene, high density, resin, at plant, CTR",RNA,2002,"Unit process, black box",fa2aabaa-cfb7-3ee7-b7b1-606d681ff15a,1.0,kg,1,226,226,d6904a565dd81026a1d63db4d35fe40ab08da5d5e3688a7231fb6d3df83707af,https://raw.githubusercontent.com/FLCAC-admin/uslci-content/83f722d2c97ca784e3d258ab51ec4f6804625c1f/downloads/uslcy_fy19_q2_01_olca1_8_0_ilcd.zip.zip#ILCD/processes/ce38752e-c414-3175-9482-ce663a909a0c.xml,FY19.Q2.01,2026-10-08,retrieved_not_selected
USLCI,ce587724-1be4-3da0-b7a2-988592c28b9a,00.00.002,"Sawn lumber, hardwood, rough, green, at sawmill, SE",RNA,2004,"Unit process, black box",6170b901-641c-3088-a8c0-799f9e5f766f,1.0,kg,1,15,15,11ea29a1e4116bb63eb12e928b705af5190e717e7f41300c8fcc8a343ad5c85a,https://raw.githubusercontent.com/FLCAC-admin/uslci-content/83f722d2c97ca784e3d258ab51ec4f6804625c1f/downloads/uslcy_fy19_q2_01_olca1_8_0_ilcd.zip.zip#ILCD/processes/ce587724-1be4-3da0-b7a2-988592c28b9a.xml,FY19.Q2.01,2026-10-08,retrieved_not_selected
USLCI,ced3ee5d-f820-3c02-bb17-c2f49f2997bf,00.00.001,"Propylene, at plant",RNA,2002,"Unit process, black box",e86e8b04-8e64-3a17-95c3-04c07229f0ac,1.0,kg,1,45,45,8ac7c833fc877eb6ab3b7154c3a12c4fbb5de02524ec64489fd40de2e6aa2ba0,https://raw.githubusercontent.com/FLCAC-admin/uslci-content/83f722d2c97ca784e3d258ab51ec4f6804625c1f/downloads/uslcy_fy19_q2_01_olca1_8_0_ilcd.zip.zip#ILCD/processes/ced3ee5d-f820-3c02-bb17-c2f49f2997bf.xml,FY19.Q2.01,2026-10-08,retrieved_not_selected
USLCI,cef0fa12-65ae-3672-a989-49e304c7ba53,00.00.001,"Transport, passenger truck, diesel powered",RNA,2009,"Unit process, black box",3a7d26fe-7290-33b8-8c1e-1b424e86d5ea,1.0,p*km,1,24,24,2e6ec2825dbafa9097d9fe0f30366cd719c5c431862d39538d4944b110d5e2c8,https://raw.githubusercontent.com/FLCAC-admin/uslci-content/83f722d2c97ca784e3d258ab51ec4f6804625c1f/downloads/uslcy_fy19_q2_01_olca1_8_0_ilcd.zip.zip#ILCD/processes/cef0fa12-65ae-3672-a989-49e304c7ba53.xml,FY19.Q2.01,2026-10-08,retrieved_not_selected
USLCI,cf1241fd-8c01-3412-9030-8650b8e75669,01.02.002,"EPS virgin resin manufacture; batch suspension polymerization; industry average, at plant",RNA,2014,"Unit process, black box",cc5415fd-2095-31f1-8e53-c5fcd2fd8c54,1000.0,kg,1,27,27,c28205aa17ae76c63819cb2c4da0b27ece60b400efdf1eabb526b74cd6bd0cf7,https://raw.githubusercontent.com/FLCAC-admin/uslci-content/83f722d2c97ca784e3d258ab51ec4f6804625c1f/downloads/uslcy_fy19_q2_01_olca1_8_0_ilcd.zip.zip#ILCD/processes/cf1241fd-8c01-3412-9030-8650b8e75669.xml,FY19.Q2.01,2026-10-08,retrieved_not_selected
USLCI,cfcb6755-e408-30e7-9ab6-165de9b7d11d,00.00.001,"Polyvinyl chloride, resin, at plant, CTR",RNA,2002,"Unit process, black box",2bb0cd6b-941b-38da-856c-1b7bd0cc5f49,1.0,kg,1,230,230,bf4d5f7a4fe0b19eebb91420ee31ab179ddd9ac94b9d9765bb97267e6b970759,https://raw.githubusercontent.com/FLCAC-admin/uslci-content/83f722d2c97ca784e3d258ab51ec4f6804625c1f/downloads/uslcy_fy19_q2_01_olca1_8_0_ilcd.zip.zip#ILCD/processes/cfcb6755-e408-30e7-9ab6-165de9b7d11d.xml,FY19.Q2.01,2026-10-08,retrieved_not_selected
USLCI,d04ff0ad-5535-353e-aabc-27b89137bc92,00.00.001,"Mixed recyclables, at collection, dropoff center",RNA,2006,"Unit process, black box",6e4fea52-8f29-321a-b1af-c1d1cfbf7da5,1.0,kg,1,3,3,6a52f4f1fc2383d78ebc65ffbf5497f566bfc770138765cb49764fb1010a028e,https://raw.githubusercontent.com/FLCAC-admin/uslci-content/83f722d2c97ca784e3d258ab51ec4f6804625c1f/downloads/uslcy_fy19_q2_01_olca1_8_0_ilcd.zip.zip#ILCD/processes/d04ff0ad-5535-353e-aabc-27b89137bc92.xml,FY19.Q2.01,2026-10-08,retrieved_not_selected
USLCI,d0bcd6e8-2dff-3800-8ea6-6d7eddb5e630,00.00.001,"Transport, combination truck, short-haul, diesel powered, Alaska",RNA,2009,"Unit process, black box",3f5cc1aa-a0dd-316d-908e-40b4f25ed6f2,1.0,t*km,1,24,24,f89f4d70fdc34635317ebb7bfca26cfdc22b850b17995bd169fcf55a68fd1875,https://raw.githubusercontent.com/FLCAC-admin/uslci-content/83f722d2c97ca784e3d258ab51ec4f6804625c1f/downloads/uslcy_fy19_q2_01_olca1_8_0_ilcd.zip.zip#ILCD/processes/d0bcd6e8-2dff-3800-8ea6-6d7eddb5e630.xml,FY19.Q2.01,2026-10-08,retrieved_not_selected
USLCI,d0c28d64-b567-3f10-a7f9-bb749ad64e6e,00.00.001,"Electricity, at eGrid, NYCW, 2008",RNA,2007,"Unit process, black box",8e65d77d-7fe2-3623-a77a-69d3e03ce11c,1.0,MJ,1,9,9,81ec02ab8639457ed4ebb8775b8d114a3acc2b6822cccc6a1d520edb4fffa0ce,https://raw.githubusercontent.com/FLCAC-admin/uslci-content/83f722d2c97ca784e3d258ab51ec4f6804625c1f/downloads/uslcy_fy19_q2_01_olca1_8_0_ilcd.zip.zip#ILCD/processes/d0c28d64-b567-3f10-a7f9-bb749ad64e6e.xml,FY19.Q2.01,2026-10-08,retrieved_not_selected
USLCI,d1207240-9af9-316b-b1a9-b54e9b4b05cf,00.00.002,"Rough green lumber processing, at sawmill, US PNW",RNA,1998,"Unit process, black box",f2ee1f11-92cc-341c-9cb6-b54252746d05,1.0,kg,1,18,18,c8a7e89cab205de07e0035b869d63a9061081a13e26e77d1f87d01f3679b2b84,https://raw.githubusercontent.com/FLCAC-admin/uslci-content/83f722d2c97ca784e3d258ab51ec4f6804625c1f/downloads/uslcy_fy19_q2_01_olca1_8_0_ilcd.zip.zip#ILCD/processes/d1207240-9af9-316b-b1a9-b54e9b4b05cf.xml,FY19.Q2.01,2026-10-08,retrieved_not_selected
USLCI,d18fec71-abe4-3cf5-ad82-4cf4fb8eadc7,00.00.001,"Bark, softwood, national forest, average, at forest road, INW",RNA,1988,"Unit process, black box",2700bc4b-663a-3b2f-b863-9cb7e9aa9861,1.0,kg,1,3,3,e587ef5fa2043589523553a829997cf5b5f04eb819cc3fe90dcd4f83740ce208,https://raw.githubusercontent.com/FLCAC-admin/uslci-content/83f722d2c97ca784e3d258ab51ec4f6804625c1f/downloads/uslcy_fy19_q2_01_olca1_8_0_ilcd.zip.zip#ILCD/processes/d18fec71-abe4-3cf5-ad82-4cf4fb8eadc7.xml,FY19.Q2.01,2026-10-08,retrieved_not_selected
USLCI,d1bf60a0-272b-3ef0-951c-7febc0546d58,00.00.001,"Methylene diphenyl diisocyanate resin, at plant, CTR",RNA,2002,"Unit process, black box",8850417f-b844-34b8-8f39-b373e9783d52,1.0,kg,1,237,237,7ed7e1f1abe09c8caa0752d6b57d29b7c358c7250b8132bb375b98f1e7e975ff,https://raw.githubusercontent.com/FLCAC-admin/uslci-content/83f722d2c97ca784e3d258ab51ec4f6804625c1f/downloads/uslcy_fy19_q2_01_olca1_8_0_ilcd.zip.zip#ILCD/processes/d1bf60a0-272b-3ef0-951c-7febc0546d58.xml,FY19.Q2.01,2026-10-08,retrieved_not_selected
USLCI,d1c572b0-c244-3193-81fb-3a64bfb13e4d,00.00.001,"Polystyrene, high impact, resin, at plant, CTR",RNA,1999,"Unit process, black box",53cf5851-1608-3f85-8846-d15fceeb2de6,1.0,kg,1,226,226,8fca2a706257c4a083a0d1d42e17910cc9a95aea213bda95ff714be28511faf5,https://raw.githubusercontent.com/FLCAC-admin/uslci-content/83f722d2c97ca784e3d258ab51ec4f6804625c1f/downloads/uslcy_fy19_q2_01_olca1_8_0_ilcd.zip.zip#ILCD/processes/d1c572b0-c244-3193-81fb-3a64bfb13e4d.xml,FY19.Q2.01,2026-10-08,retrieved_not_selected
USLCI,d20197e1-967f-35cb-95c1-0dbde806c367,00.00.001,"Aluminum recovery, transport, to plant",RNA,2004,"Unit process, black box",13d77c80-5c2a-324a-b125-19dd287c71b2,1.0,kg,1,3,3,799f0323fe441f319734b66b886507eee0bfed4c32de477bf62f71abec456eb1,https://raw.githubusercontent.com/FLCAC-admin/uslci-content/83f722d2c97ca784e3d258ab51ec4f6804625c1f/downloads/uslcy_fy19_q2_01_olca1_8_0_ilcd.zip.zip#ILCD/processes/d20197e1-967f-35cb-95c1-0dbde806c367.xml,FY19.Q2.01,2026-10-08,retrieved_not_selected
USLCI,d259de7d-4357-45cd-ba22-76c0b5daebfc,00.00.001,"Tractor-propelled coal crusher;  Manufacture; For surface mine, at plant",US,2008,"Unit process, black box",8f9ae883-1cd1-49f7-8f73-dc5374ddcf31,1.0,Item(s),1,2,2,165142e51cbaa41b8be23f330fe01ce06a5d2f00ab7b7d107ace8681a26b92d2,https://raw.githubusercontent.com/FLCAC-admin/uslci-content/83f722d2c97ca784e3d258ab51ec4f6804625c1f/downloads/uslcy_fy19_q2_01_olca1_8_0_ilcd.zip.zip#ILCD/processes/d259de7d-4357-45cd-ba22-76c0b5daebfc.xml,FY19.Q2.01,2026-10-08,retrieved_not_selected
USLCI,d376f464-8502-3e58-b805-76ec070797ab,00.00.001,"Electricity, at Grid, SPP, 2010",RNA,2009,"Unit process, black box",9ddf7bc7-f2c4-3c37-9ca1-134fc55828ca,1.0,MJ,1,15,15,3d94159420047647c8bd73fff01ef6672dfbb590a39d150d63e11993bdb9fcfa,https://raw.githubusercontent.com/FLCAC-admin/uslci-content/83f722d2c97ca784e3d258ab51ec4f6804625c1f/downloads/uslcy_fy19_q2_01_olca1_8_0_ilcd.zip.zip#ILCD/processes/d376f464-8502-3e58-b805-76ec070797ab.xml,FY19.Q2.01,2026-10-08,retrieved_not_selected
USLCI,d397dd56-dc53-37a1-956b-5da3aaa81a6f,00.00.001,"Transport, single unit truck, gasoline powered",RNA,2000,"Unit process, black box",30c89ffc-e08a-3d2b-8c96-33b2397b9bd8,1.0,t*km,1,10,10,893b778285ae3ce9a5b7c4fafaaaa6ebe46165d2f343548f409c5fa73fd8e1ae,https://raw.githubusercontent.com/FLCAC-admin/uslci-content/83f722d2c97ca784e3d258ab51ec4f6804625c1f/downloads/uslcy_fy19_q2_01_olca1_8_0_ilcd.zip.zip#ILCD/processes/d397dd56-dc53-37a1-956b-5da3aaa81a6f.xml,FY19.Q2.01,2026-10-08,retrieved_not_selected
USLCI,d3a056d7-9199-3c1d-9947-c486e03d529c,00.00.001,"Transport, combination truck, short-haul, diesel powered, Hawaii",RNA,2009,"Unit process, black box",e3fdccb1-d02c-3d4a-a420-0972060667d9,1.0,t*km,1,24,24,2408d01e86ddbab252f01cfe0f76ea808184017040d38fd91e37a13eb3d153c9,https://raw.githubusercontent.com/FLCAC-admin/uslci-content/83f722d2c97ca784e3d258ab51ec4f6804625c1f/downloads/uslcy_fy19_q2_01_olca1_8_0_ilcd.zip.zip#ILCD/processes/d3a056d7-9199-3c1d-9947-c486e03d529c.xml,FY19.Q2.01,2026-10-08,retrieved_not_selected
USLCI,d3e13675-1455-375f-a557-bb8234de75ff,00.00.001,"Gasoline, combusted in equipment",RNA,1995,"Unit process, black box",bc38e349-1ccf-3855-a615-a4f581ab875b,1.0,m3,1,23,23,66203a16ec3d083b2a35db1032ce473b449a660a5303e657a47ee54ea2a01fbe,https://raw.githubusercontent.com/FLCAC-admin/uslci-content/83f722d2c97ca784e3d258ab51ec4f6804625c1f/downloads/uslcy_fy19_q2_01_olca1_8_0_ilcd.zip.zip#ILCD/processes/d3e13675-1455-375f-a557-bb8234de75ff.xml,FY19.Q2.01,2026-10-08,retrieved_not_selected
USLCI,d42c11eb-98d2-3cf5-add5-d7c65431bfa3,00.00.001,"Potassium sulphate_alum, as K2O, Hardboard",RNA,2006,"Unit process, black box",f775ca41-3cd1-31c7-8419-96823b79360a,1.0,kg,1,11,11,3e469e82050822fcf18c0fddc94c270de07c96886709c5366a6356943b3537dd,https://raw.githubusercontent.com/FLCAC-admin/uslci-content/83f722d2c97ca784e3d258ab51ec4f6804625c1f/downloads/uslcy_fy19_q2_01_olca1_8_0_ilcd.zip.zip#ILCD/processes/d42c11eb-98d2-3cf5-add5-d7c65431bfa3.xml,FY19.Q2.01,2026-10-08,retrieved_not_selected
USLCI,d4647fd6-57bf-3557-b3fe-be8dbc0eb6da,00.00.001,"Mixed recyclables, at collection, commercial",RNA,2006,"Unit process, black box",e47e7aa2-c798-3c84-bcd3-ce683f06dabe,1.0,kg,1,3,3,50c0e1216c47066386d0fe9ee98a1e2f7cafc21bd5c6d28b763ac21491bd8038,https://raw.githubusercontent.com/FLCAC-admin/uslci-content/83f722d2c97ca784e3d258ab51ec4f6804625c1f/downloads/uslcy_fy19_q2_01_olca1_8_0_ilcd.zip.zip#ILCD/processes/d4647fd6-57bf-3557-b3fe-be8dbc0eb6da.xml,FY19.Q2.01,2026-10-08,retrieved_not_selected
USLCI,d4732ba6-12cf-359d-9993-fadd77745716,00.00.001,"Transport, light commercial truck, gasoline powered, West",RNA,2009,"Unit process, black box",f0466247-f70b-367f-acbc-81b8e0ab979d,1.0,t*km,1,24,24,4e7e224321fec2aca92018bf1c5b6fcbc77e6861497b9dc384432673456392dd,https://raw.githubusercontent.com/FLCAC-admin/uslci-content/83f722d2c97ca784e3d258ab51ec4f6804625c1f/downloads/uslcy_fy19_q2_01_olca1_8_0_ilcd.zip.zip#ILCD/processes/d4732ba6-12cf-359d-9993-fadd77745716.xml,FY19.Q2.01,2026-10-08,retrieved_not_selected
USLCI,d48fa04d-9401-3158-9ad1-8f37b902e397,00.00.001,"Calcium carbonate, ground, 30 micron, at plant",US,2013,"Unit process, black box",e73b0368-ff0f-3d2a-b65f-4311cc714ba1,1.0,kg,1,26,26,5ee5f52cef115d9d109aad7fdd9965154f71f135532bd8bf7d481be7309604ac,https://raw.githubusercontent.com/FLCAC-admin/uslci-content/83f722d2c97ca784e3d258ab51ec4f6804625c1f/downloads/uslcy_fy19_q2_01_olca1_8_0_ilcd.zip.zip#ILCD/processes/d48fa04d-9401-3158-9ad1-8f37b902e397.xml,FY19.Q2.01,2026-10-08,retrieved_not_selected
USLCI,d4e6af94-f796-37f4-94c0-fd37f8860d39,00.00.001,"Felling, feller buncher, > 200 HP, INW",RNA,1988,"Unit process, black box",0e822d3d-f423-3318-b09c-af007fcb7e0c,1.0,d,1,3,3,79656a3a34ccccfc9a56adf008813a951a6a37bfb86c573ed9c758af567194a1,https://raw.githubusercontent.com/FLCAC-admin/uslci-content/83f722d2c97ca784e3d258ab51ec4f6804625c1f/downloads/uslcy_fy19_q2_01_olca1_8_0_ilcd.zip.zip#ILCD/processes/d4e6af94-f796-37f4-94c0-fd37f8860d39.xml,FY19.Q2.01,2026-10-08,retrieved_not_selected
USLCI,d520d6bf-0b51-37d3-bc17-c7047faace09,00.00.001,"Transport, light commercial truck, diesel powered, South",RNA,2009,"Unit process, black box",57b751bd-d8b5-3e76-8199-13cb3215ed5b,1.0,t*km,1,24,24,053a6e9a3f252d9a4a794d317eed2255a19f1d57d3aa206de8fd6f997c5f081e,https://raw.githubusercontent.com/FLCAC-admin/uslci-content/83f722d2c97ca784e3d258ab51ec4f6804625c1f/downloads/uslcy_fy19_q2_01_olca1_8_0_ilcd.zip.zip#ILCD/processes/d520d6bf-0b51-37d3-bc17-c7047faace09.xml,FY19.Q2.01,2026-10-08,retrieved_not_selected
USLCI,d5479da5-63cf-3bd2-ad89-e9945f011342,00.00.001,"Electricity, at Grid, SERC, 2008",RNA,2007,"Unit process, black box",896722d5-582a-360e-abf7-6be72c285be1,1.0,MJ,1,32,32,cad1817cc5dadbe83d423fb4bdaa64dd3ee5775466e9631713a5783e1cac8082,https://raw.githubusercontent.com/FLCAC-admin/uslci-content/83f722d2c97ca784e3d258ab51ec4f6804625c1f/downloads/uslcy_fy19_q2_01_olca1_8_0_ilcd.zip.zip#ILCD/processes/d5479da5-63cf-3bd2-ad89-e9945f011342.xml,FY19.Q2.01,2026-10-08,retrieved_not_selected
USLCI,d549cd32-3e84-327e-86e8-452772ff7c56,00.00.001,"LPG, combusted in industrial boiler, at pulp and paper mill (EXCL.)",RNA,2000,"Unit process, black box",4c536a81-63c3-3f13-9e03-4dae3da1a6df,1.0,m3,1,8,8,b29fe0a86ac477c2a46ba99bc7cc1ced8f0e62b45242e516e0978ffe9e1471d7,https://raw.githubusercontent.com/FLCAC-admin/uslci-content/83f722d2c97ca784e3d258ab51ec4f6804625c1f/downloads/uslcy_fy19_q2_01_olca1_8_0_ilcd.zip.zip#ILCD/processes/d549cd32-3e84-327e-86e8-452772ff7c56.xml,FY19.Q2.01,2026-10-08,retrieved_not_selected
USLCI,d5b0f333-d1b3-3ba1-8111-b036b67589f8,00.00.001,"Tillage, conservation, corn production",RNA,2004,"Unit process, black box",ca70f6fa-de96-3657-9a4b-3e65793c8de5,1.0,m2,1,4,4,80f1c1a27c210cf0c59203ebe9175df0876dff5a72323b7dad541ef533f36148,https://raw.githubusercontent.com/FLCAC-admin/uslci-content/83f722d2c97ca784e3d258ab51ec4f6804625c1f/downloads/uslcy_fy19_q2_01_olca1_8_0_ilcd.zip.zip#ILCD/processes/d5b0f333-d1b3-3ba1-8111-b036b67589f8.xml,FY19.Q2.01,2026-10-08,retrieved_not_selected
USLCI,d6170aaa-8c8e-32d1-8b8b-3ddcbfe0ad8c,00.00.001,"Electricity, at eGrid, MROE, 2008",RNA,2007,"Unit process, black box",ecec2c2e-6225-399d-b766-1e2616eeea58,1.0,MJ,1,18,18,a86f1123bc1d4afe8a1b184a9400cfb687b2f9c723b7135f3ca2b5713f0d4cc9,https://raw.githubusercontent.com/FLCAC-admin/uslci-content/83f722d2c97ca784e3d258ab51ec4f6804625c1f/downloads/uslcy_fy19_q2_01_olca1_8_0_ilcd.zip.zip#ILCD/processes/d6170aaa-8c8e-32d1-8b8b-3ddcbfe0ad8c.xml,FY19.Q2.01,2026-10-08,retrieved_not_selected
USLCI,d6439ada-877c-30ff-92b2-875e88b88141,00.00.001,"Wheat, at field",US,1996,"Unit process, black box",bc29539c-0b2c-38cf-9e60-cdff0267d348,1.3,kg,1,63,63,e69baafd743a547d93a178a90d5827aead8d093559d7e7f85ea6f7c8acb58e50,https://raw.githubusercontent.com/FLCAC-admin/uslci-content/83f722d2c97ca784e3d258ab51ec4f6804625c1f/downloads/uslcy_fy19_q2_01_olca1_8_0_ilcd.zip.zip#ILCD/processes/d6439ada-877c-30ff-92b2-875e88b88141.xml,FY19.Q2.01,2026-10-08,retrieved_not_selected
USLCI,d6510d2d-d29c-3705-b686-b7903cd6e6bd,00.00.001,"Galvanized steel sheet, at plant",RNA,1992,"Unit process, black box",a117f4f3-8ff6-34a0-a284-b9dfa94b87d5,1.0,kg,1,98,98,5a158b9898c59ee9e4285eca88f89317df3a213c55dee6e6508e4f87501d08c1,https://raw.githubusercontent.com/FLCAC-admin/uslci-content/83f722d2c97ca784e3d258ab51ec4f6804625c1f/downloads/uslcy_fy19_q2_01_olca1_8_0_ilcd.zip.zip#ILCD/processes/d6510d2d-d29c-3705-b686-b7903cd6e6bd.xml,FY19.Q2.01,2026-10-08,retrieved_not_selected
USLCI,d65a4cea-4732-3b43-b305-a876438bfe51,00.00.001,"Soy-based resin, at plant",RNA,2007,"Unit process, black box",50823733-e9a7-3485-9248-d44dfc5dcd96,1.0,kg,1,89,89,e60b2f788f4045da7395d0e5f3e9caf94d6094e090880c92f5500a07c134253b,https://raw.githubusercontent.com/FLCAC-admin/uslci-content/83f722d2c97ca784e3d258ab51ec4f6804625c1f/downloads/uslcy_fy19_q2_01_olca1_8_0_ilcd.zip.zip#ILCD/processes/d65a4cea-4732-3b43-b305-a876438bfe51.xml,FY19.Q2.01,2026-10-08,retrieved_not_selected
USLCI,d67585e4-5ddf-3722-a4cc-0b7576a05b07,00.00.001,"Tillage, reduce, corn production",RNA,2004,"Unit process, black box",c42be404-82ac-3ad9-9e2b-087be70a5194,1.0,m2,1,5,5,5c0d934ca637c39d7bbd3281d1d1d9d4b94e49b042fef91aad21a203eb16452c,https://raw.githubusercontent.com/FLCAC-admin/uslci-content/83f722d2c97ca784e3d258ab51ec4f6804625c1f/downloads/uslcy_fy19_q2_01_olca1_8_0_ilcd.zip.zip#ILCD/processes/d67585e4-5ddf-3722-a4cc-0b7576a05b07.xml,FY19.Q2.01,2026-10-08,retrieved_not_selected
USLCI,d6a0e192-366a-4f04-bd8a-e504c97fc991,00.00.001,Wastewater treatment plant; Construction; For underground coal mine,US,2004,"Unit process, black box",cd849219-78fa-4d47-b4ae-4bccf0f36384,1.0,Item(s),1,7,7,9e6452ddd9692523417daa6cfdfda456231716586191248bef90c7ae12903e7e,https://raw.githubusercontent.com/FLCAC-admin/uslci-content/83f722d2c97ca784e3d258ab51ec4f6804625c1f/downloads/uslcy_fy19_q2_01_olca1_8_0_ilcd.zip.zip#ILCD/processes/d6a0e192-366a-4f04-bd8a-e504c97fc991.xml,FY19.Q2.01,2026-10-08,retrieved_not_selected
USLCI,d6ad7035-5498-3237-8abd-50e93b1eef89,00.00.001,"Diesel, combusted in industrial equipment",RNA,9998,"Unit process, black box",d815ff18-015c-3afb-be18-be03bdf325da,1.0,m3,1,23,23,f94a04a60b6afffd0ceac958b1c94ceeb203df1849772414bbd6eb1419c4fb62,https://raw.githubusercontent.com/FLCAC-admin/uslci-content/83f722d2c97ca784e3d258ab51ec4f6804625c1f/downloads/uslcy_fy19_q2_01_olca1_8_0_ilcd.zip.zip#ILCD/processes/d6ad7035-5498-3237-8abd-50e93b1eef89.xml,FY19.Q2.01,2026-10-08,retrieved_not_selected
USLCI,d7a673e2-dc84-31fa-b15c-a03a6863c8dd,00.00.001,"Tillage, intensive, corn production",RNA,2004,"Unit process, black box",e5dc664c-277e-3c2c-9371-56adebed6f31,1.0,m2,1,5,5,381f2e0bb4386188a1b829c15f05605c4b357b55edcbcec09a4d980f221ec195,https://raw.githubusercontent.com/FLCAC-admin/uslci-content/83f722d2c97ca784e3d258ab51ec4f6804625c1f/downloads/uslcy_fy19_q2_01_olca1_8_0_ilcd.zip.zip#ILCD/processes/d7a673e2-dc84-31fa-b15c-a03a6863c8dd.xml,FY19.Q2.01,2026-10-08,retrieved_not_selected
USLCI,d7ac1ad3-e087-3e08-9a5e-2474048c5ba2,00.00.001,"Transport, single unit truck, long-haul, diesel powered, Hawaii",RNA,2009,"Unit process, black box",af0faec3-8553-314f-9920-e64e03f18e99,1.0,t*km,1,24,24,5d87d8d280572e4341b9effc43d5d2302e336c99fad372e9e2ce9c76d8ffa320,https://raw.githubusercontent.com/FLCAC-admin/uslci-content/83f722d2c97ca784e3d258ab51ec4f6804625c1f/downloads/uslcy_fy19_q2_01_olca1_8_0_ilcd.zip.zip#ILCD/processes/d7ac1ad3-e087-3e08-9a5e-2474048c5ba2.xml,FY19.Q2.01,2026-10-08,retrieved_not_selected
USLCI,d7ac2a60-06a2-347b-a761-562e1442844a,00.00.001,"Automotive painting, electrocoating, per vehicle",RNA,2004,"Unit process, black box",591b20d4-d9bd-3f50-a8eb-fca74697a808,1.0,Item(s),1,10,10,33c1bcd828394f73a1757ade9813b7a29e15d7cc41b725a280c6e38be69bbc11,https://raw.githubusercontent.com/FLCAC-admin/uslci-content/83f722d2c97ca784e3d258ab51ec4f6804625c1f/downloads/uslcy_fy19_q2_01_olca1_8_0_ilcd.zip.zip#ILCD/processes/d7ac2a60-06a2-347b-a761-562e1442844a.xml,FY19.Q2.01,2026-10-08,retrieved_not_selected
USLCI,d7c148c2-8d03-3edb-817f-bc8e63621987,00.00.001,"Transport, light commercial truck, gasoline powered, Northeast",RNA,2009,"Unit process, black box",a48bcddb-63aa-3d02-ae99-44880d44bc90,1.0,t*km,1,24,24,d28f3d0e4b10f20b2ba2f8553395004527d980689ad64b7db225b1038f4a24be,https://raw.githubusercontent.com/FLCAC-admin/uslci-content/83f722d2c97ca784e3d258ab51ec4f6804625c1f/downloads/uslcy_fy19_q2_01_olca1_8_0_ilcd.zip.zip#ILCD/processes/d7c148c2-8d03-3edb-817f-bc8e63621987.xml,FY19.Q2.01,2026-10-08,retrieved_not_selected
USLCI,d830df5e-0121-309e-a1dc-2e6c14e7fa91,00.00.001,"Transport, single unit truck, short-haul, gasoline powered, Central",RNA,2009,"Unit process, black box",06003647-0f42-3904-85fb-ccc11f2eb71f,1.0,t*km,1,24,24,d2ab9d59b5a04496bfb66eaaf60ebb1d3b53f05109a664079fa5c8ff0aa752ea,https://raw.githubusercontent.com/FLCAC-admin/uslci-content/83f722d2c97ca784e3d258ab51ec4f6804625c1f/downloads/uslcy_fy19_q2_01_olca1_8_0_ilcd.zip.zip#ILCD/processes/d830df5e-0121-309e-a1dc-2e6c14e7fa91.xml,FY19.Q2.01,2026-10-08,retrieved_not_selected
USLCI,d85c6177-4580-35f0-afd6-52125ababf10,00.00.001,"Heat, onsite boiler, hardwood mill, average, SE",RNA,2004,"Unit process, black box",833c3f72-fbbe-37ea-adf8-929b47ec0255,1.0,MJ,1,7,7,8c37819fc945c64eb6d3c64ce771b9680fa47a8f3a478ab4c18f00518cdcdf96,https://raw.githubusercontent.com/FLCAC-admin/uslci-content/83f722d2c97ca784e3d258ab51ec4f6804625c1f/downloads/uslcy_fy19_q2_01_olca1_8_0_ilcd.zip.zip#ILCD/processes/d85c6177-4580-35f0-afd6-52125ababf10.xml,FY19.Q2.01,2026-10-08,retrieved_not_selected
USLCI,d8b4d137-b876-3222-adde-878273b76e81,00.00.001,"Scanner, department, i5200, i5600",GLO,2003,"Unit process, black box",bcf7bb60-adfd-3b2c-94bb-c881e037c50e,1.0,Item(s),1,35,35,1d2f740430aa402213b7b2e5a4437976cd6d10170e6e32fc8564b67f6402af80,https://raw.githubusercontent.com/FLCAC-admin/uslci-content/83f722d2c97ca784e3d258ab51ec4f6804625c1f/downloads/uslcy_fy19_q2_01_olca1_8_0_ilcd.zip.zip#ILCD/processes/d8b4d137-b876-3222-adde-878273b76e81.xml,FY19.Q2.01,2026-10-08,retrieved_not_selected
USLCI,d927432a-8d91-3d3c-987f-bec808f1ec68,00.00.001,"Transport, intercity bus, diesel powered, South",RNA,2009,"Unit process, black box",faeb9463-ce22-32b1-81e8-a9e5b2644e62,1.0,p*km,1,24,24,5236973b19cd7f115eca5f61ca9bb547739d15f4f767fe2393372e8461e7949e,https://raw.githubusercontent.com/FLCAC-admin/uslci-content/83f722d2c97ca784e3d258ab51ec4f6804625c1f/downloads/uslcy_fy19_q2_01_olca1_8_0_ilcd.zip.zip#ILCD/processes/d927432a-8d91-3d3c-987f-bec808f1ec68.xml,FY19.Q2.01,2026-10-08,retrieved_not_selected
USLCI,d92c96f8-aba8-3beb-b6a4-2eefc7007aa8,00.00.001,"Softwood logs with bark, harvested at medium intensity site, at mill, US SE",RNA,2002,"Unit process, black box",851512b0-ed92-3b37-b5d2-3ddae8960983,1.0,m3,1,5,5,b57c7e07f3bd6ab416f2c08054947386c0933dc71a34289410631be659b24497,https://raw.githubusercontent.com/FLCAC-admin/uslci-content/83f722d2c97ca784e3d258ab51ec4f6804625c1f/downloads/uslcy_fy19_q2_01_olca1_8_0_ilcd.zip.zip#ILCD/processes/d92c96f8-aba8-3beb-b6a4-2eefc7007aa8.xml,FY19.Q2.01,2026-10-08,retrieved_not_selected
USLCI,d9919764-fed6-3a87-8d64-ba028baf7183,00.00.001,"Transport, light commercial truck, gasoline powered, Southeast",RNA,2009,"Unit process, black box",e364f042-a685-3a96-bc04-5081bde28379,1.0,t*km,1,24,24,ef297815543c7999df12cc30a28de67c7ea7108542c679c7f658fc3d39c9bac6,https://raw.githubusercontent.com/FLCAC-admin/uslci-content/83f722d2c97ca784e3d258ab51ec4f6804625c1f/downloads/uslcy_fy19_q2_01_olca1_8_0_ilcd.zip.zip#ILCD/processes/d9919764-fed6-3a87-8d64-ba028baf7183.xml,FY19.Q2.01,2026-10-08,retrieved_not_selected
USLCI,d9cadd89-4203-375a-903a-63197cd29c6a,00.00.001,"Ethanol, denatured, forest residues, thermochem",RNA,2004,"Unit process, black box",0cdd9079-9cf3-33c9-ab62-9d734c03f7df,3787.5,kg,1,32,32,830e472dfaef88558feb8557f84d4160369cae7da5f1aeaf6b7c6cbac14ce03e,https://raw.githubusercontent.com/FLCAC-admin/uslci-content/83f722d2c97ca784e3d258ab51ec4f6804625c1f/downloads/uslcy_fy19_q2_01_olca1_8_0_ilcd.zip.zip#ILCD/processes/d9cadd89-4203-375a-903a-63197cd29c6a.xml,FY19.Q2.01,2026-10-08,retrieved_not_selected
USLCI,da07c7c2-7425-38b3-bcb0-608c45565e81,00.00.001,"Roundwood, softwood, national forest, gentle slope, at forest road, INW",RNA,1988,"Unit process, black box",87976b8d-b2ea-355f-8d5b-0fd0f5844460,34.092,m3,1,13,13,e6cfc5946716f2d5a5b1bbd6ae2c8d39fd795891c8a6da1d8d126198b8a6e8c0,https://raw.githubusercontent.com/FLCAC-admin/uslci-content/83f722d2c97ca784e3d258ab51ec4f6804625c1f/downloads/uslcy_fy19_q2_01_olca1_8_0_ilcd.zip.zip#ILCD/processes/da07c7c2-7425-38b3-bcb0-608c45565e81.xml,FY19.Q2.01,2026-10-08,retrieved_not_selected
USLCI,da0f5501-f4ab-32d1-80b7-b70d143608f6,00.00.001,"Transport, ocean freighter, diesel powered",US,2000,"Unit process, black box",6c65fc34-c25e-3eb4-bc92-15bbfc457725,1.0,t*km,1,9,9,7a9f4582a1193cf329aee6470c4fae18488046ba324590fb40f3eb9c0f7bdb17,https://raw.githubusercontent.com/FLCAC-admin/uslci-content/83f722d2c97ca784e3d258ab51ec4f6804625c1f/downloads/uslcy_fy19_q2_01_olca1_8_0_ilcd.zip.zip#ILCD/processes/da0f5501-f4ab-32d1-80b7-b70d143608f6.xml,FY19.Q2.01,2026-10-08,retrieved_not_selected
USLCI,da8e9d9f-c0e2-3c9b-9d0a-f7e5f1667639,00.00.001,"Ethanol, denatured, at refueling station, 2022",RNA,2021,"Unit process, black box",6a14d14a-c3dd-3605-95b1-bc2abb3f6b51,1.0,kg,1,11,11,550beb051e6886d81f4c7c821306540d2f6c089851f06f5a70476c0bfd2e54df,https://raw.githubusercontent.com/FLCAC-admin/uslci-content/83f722d2c97ca784e3d258ab51ec4f6804625c1f/downloads/uslcy_fy19_q2_01_olca1_8_0_ilcd.zip.zip#ILCD/processes/da8e9d9f-c0e2-3c9b-9d0a-f7e5f1667639.xml,FY19.Q2.01,2026-10-08,retrieved_not_selected
USLCI,dacaeae9-aeed-3366-912d-6a31de09eef9,00.00.001,"Nitrogen fertilizer, production mix, at plant",RNA,9998,"Unit process, black box",45f1fd00-2093-3e05-9b41-e942b9e8cec9,1.0,kg,1,19,19,3a42d6f2dbd051a76607f3dfb58560055ffe249e3cde9b120b92324a5fd5a46b,https://raw.githubusercontent.com/FLCAC-admin/uslci-content/83f722d2c97ca784e3d258ab51ec4f6804625c1f/downloads/uslcy_fy19_q2_01_olca1_8_0_ilcd.zip.zip#ILCD/processes/dacaeae9-aeed-3366-912d-6a31de09eef9.xml,FY19.Q2.01,2026-10-08,retrieved_not_selected
USLCI,daf00e12-aeeb-34f9-b2c3-d73345760801,00.00.001,"Electricity, at eGrid, AKMS, 2008",RNA,2007,"Unit process, black box",c99df3a8-a933-300b-ab41-f9de78f7c418,1.0,MJ,1,7,7,0fa340b7c92c62b87e832f196ece84bb139a3679d98a5441cba8bcf2beaa5a2d,https://raw.githubusercontent.com/FLCAC-admin/uslci-content/83f722d2c97ca784e3d258ab51ec4f6804625c1f/downloads/uslcy_fy19_q2_01_olca1_8_0_ilcd.zip.zip#ILCD/processes/daf00e12-aeeb-34f9-b2c3-d73345760801.xml,FY19.Q2.01,2026-10-08,retrieved_not_selected
USLCI,db291182-7d45-38c4-8529-a9abc78e55e9,00.00.001,"Wood fuel, hardwood, purchased, combusted in industrial boiler, SE",RNA,2003,"Unit process, black box",96d5f5d2-a720-395c-950d-e8ad00063f6a,1.0,kg,1,36,36,9fe3bb05ffedb3e2e45a9eb26b13184e08ece8d34f5d0f4402b7fa893378027e,https://raw.githubusercontent.com/FLCAC-admin/uslci-content/83f722d2c97ca784e3d258ab51ec4f6804625c1f/downloads/uslcy_fy19_q2_01_olca1_8_0_ilcd.zip.zip#ILCD/processes/db291182-7d45-38c4-8529-a9abc78e55e9.xml,FY19.Q2.01,2026-10-08,retrieved_not_selected
USLCI,db7c00e1-bed3-3233-a801-00b700aadeda,00.00.001,"Transport, combination truck, short-haul, diesel powered, West North Central",RNA,2009,"Unit process, black box",552639b2-869f-3250-ab19-61f80c52ee25,1.0,t*km,1,24,24,12bda1c4619731e66dc4cdb6c25f845e572b5aaceb2b98da36be8e80e78d2344,https://raw.githubusercontent.com/FLCAC-admin/uslci-content/83f722d2c97ca784e3d258ab51ec4f6804625c1f/downloads/uslcy_fy19_q2_01_olca1_8_0_ilcd.zip.zip#ILCD/processes/db7c00e1-bed3-3233-a801-00b700aadeda.xml,FY19.Q2.01,2026-10-08,retrieved_not_selected
USLCI,dce702f1-03a1-3fe9-bb48-94a5217fd8cb,00.00.001,"Transport, combination truck, average fuel mix",RNA,2000,"Unit process, black box",2afb4e2f-b224-3900-956f-03e3f27b276b,1.0,t*km,1,2,2,fc3099014e4be8b4683442225a7d9e7239a1659b8d1d40723bece7755bec86cc,https://raw.githubusercontent.com/FLCAC-admin/uslci-content/83f722d2c97ca784e3d258ab51ec4f6804625c1f/downloads/uslcy_fy19_q2_01_olca1_8_0_ilcd.zip.zip#ILCD/processes/dce702f1-03a1-3fe9-bb48-94a5217fd8cb.xml,FY19.Q2.01,2026-10-08,retrieved_not_selected
USLCI,dd07a541-0512-3a69-a831-bd6d341308fe,00.00.001,"Transport, transit bus, diesel powered, South",RNA,2009,"Unit process, black box",9e06de53-e6bd-3ed8-8e84-6d632050c6cc,1.0,p*km,1,24,24,ac630022b01edef7fdffd281f7dafada7e4f2f6ffb65125e241a833d940978ee,https://raw.githubusercontent.com/FLCAC-admin/uslci-content/83f722d2c97ca784e3d258ab51ec4f6804625c1f/downloads/uslcy_fy19_q2_01_olca1_8_0_ilcd.zip.zip#ILCD/processes/dd07a541-0512-3a69-a831-bd6d341308fe.xml,FY19.Q2.01,2026-10-08,retrieved_not_selected
USLCI,ddb25171-80c6-3e14-879b-4371febbc0ad,00.00.001,"Open molding, rigid composites part, at plant",RNA,2010,"Unit process, black box",f6ee09a8-e738-3681-ac66-0e5ce8d9eda9,1.0,kg,1,33,33,430c62547b4f42b74e65466913be9b690708a72160f64d8eab021fb13e86d07e,https://raw.githubusercontent.com/FLCAC-admin/uslci-content/83f722d2c97ca784e3d258ab51ec4f6804625c1f/downloads/uslcy_fy19_q2_01_olca1_8_0_ilcd.zip.zip#ILCD/processes/ddb25171-80c6-3e14-879b-4371febbc0ad.xml,FY19.Q2.01,2026-10-08,retrieved_not_selected
USLCI,ddf82e82-36e7-3c34-b6b6-6b96fd592a82,00.00.001,"Metal composite material (MCM) panel, at plant",RNA,2014,"Unit process, black box",d74be1fd-6f04-3682-b097-4158ebf5aa2f,1.0,m2,1,16,16,3c8519c5ba53477838176130903f12cddb92208ec38dc9edf4cee573325be8ef,https://raw.githubusercontent.com/FLCAC-admin/uslci-content/83f722d2c97ca784e3d258ab51ec4f6804625c1f/downloads/uslcy_fy19_q2_01_olca1_8_0_ilcd.zip.zip#ILCD/processes/ddf82e82-36e7-3c34-b6b6-6b96fd592a82.xml,FY19.Q2.01,2026-10-08,retrieved_not_selected
USLCI,de182d9f-35b5-333a-8012-445b93549447,00.00.001,"Anthracite coal, at mine",RNA,9998,"Unit process, black box",81b85c3d-aeef-3a29-81d1-b39e1de928a8,1.0,kg,1,15,15,59ed395dcd59de748c0a6e7b6e961a67e3557ae6c043468e4d5ddffecbaebad9,https://raw.githubusercontent.com/FLCAC-admin/uslci-content/83f722d2c97ca784e3d258ab51ec4f6804625c1f/downloads/uslcy_fy19_q2_01_olca1_8_0_ilcd.zip.zip#ILCD/processes/de182d9f-35b5-333a-8012-445b93549447.xml,FY19.Q2.01,2026-10-08,retrieved_not_selected
USLCI,de5a0b9b-af46-3476-84e0-f0464d984b7f,00.00.001,"Skidding, wheeled cable skidder, 120-160 HP",RNA,2002,"Unit process, black box",522d83ff-31bb-32cc-b4be-6ff60a54f93f,1.0,d,1,3,3,d5011e29a6cb484b037e7a7d90f53d8080af59d7a46adf0caed8a3e136aca4c0,https://raw.githubusercontent.com/FLCAC-admin/uslci-content/83f722d2c97ca784e3d258ab51ec4f6804625c1f/downloads/uslcy_fy19_q2_01_olca1_8_0_ilcd.zip.zip#ILCD/processes/de5a0b9b-af46-3476-84e0-f0464d984b7f.xml,FY19.Q2.01,2026-10-08,retrieved_not_selected
USLCI,de91019a-1617-34bc-9e51-279468bcdc7a,00.00.001,"Electricity, at eGrid, RFCM, 2008",RNA,2007,"Unit process, black box",5f07e3f3-9fec-3b12-a195-d28f013c4fd4,1.0,MJ,1,19,19,33ff7a7745cecb1c3238fdef458cc6fc3619dfc35f429e3171e588d0abd8bb17,https://raw.githubusercontent.com/FLCAC-admin/uslci-content/83f722d2c97ca784e3d258ab51ec4f6804625c1f/downloads/uslcy_fy19_q2_01_olca1_8_0_ilcd.zip.zip#ILCD/processes/de91019a-1617-34bc-9e51-279468bcdc7a.xml,FY19.Q2.01,2026-10-08,retrieved_not_selected
USLCI,df6f7199-a518-37e7-b0d8-42deb749a8c0,00.00.001,"Electricity, at eGrid, NYUP, 2010",RNA,2009,"Unit process, black box",c053dd79-cdd9-3964-8ae7-095dfe6a4355,1.0,MJ,1,15,15,ddae14d1f060e27c7e0a8583c1ee76998df6fae32f9ce647c47af6aaf68a06cb,https://raw.githubusercontent.com/FLCAC-admin/uslci-content/83f722d2c97ca784e3d258ab51ec4f6804625c1f/downloads/uslcy_fy19_q2_01_olca1_8_0_ilcd.zip.zip#ILCD/processes/df6f7199-a518-37e7-b0d8-42deb749a8c0.xml,FY19.Q2.01,2026-10-08,retrieved_not_selected
USLCI,df931de6-d0ae-30d4-889c-eca58275703c,00.00.001,"Transport, intercity bus, diesel powered, Central",RNA,2009,"Unit process, black box",fd0f5921-7999-3035-bb13-5d2f329c7837,1.0,p*km,1,24,24,ae818ac934b15bbb8f67291c12e7d8d37c66008ee422f9a71eaf10fb682b2eab,https://raw.githubusercontent.com/FLCAC-admin/uslci-content/83f722d2c97ca784e3d258ab51ec4f6804625c1f/downloads/uslcy_fy19_q2_01_olca1_8_0_ilcd.zip.zip#ILCD/processes/df931de6-d0ae-30d4-889c-eca58275703c.xml,FY19.Q2.01,2026-10-08,retrieved_not_selected
USLCI,dfa7acbc-4a41-3329-951d-b6cde899c91e,00.00.001,"Sulfur, at plant",RNA,1983,"Unit process, black box",48187a93-fc4e-3c80-98c2-5b0eaafc07d4,1.0,kg,1,95,95,63b69cce6371c94723e065dfe99d91180a8f7443a4a54652cb7af0bd594aa0d2,https://raw.githubusercontent.com/FLCAC-admin/uslci-content/83f722d2c97ca784e3d258ab51ec4f6804625c1f/downloads/uslcy_fy19_q2_01_olca1_8_0_ilcd.zip.zip#ILCD/processes/dfa7acbc-4a41-3329-951d-b6cde899c91e.xml,FY19.Q2.01,2026-10-08,retrieved_not_selected
USLCI,dfdb7eba-dfc4-3d24-9683-58b8b0ee1346,00.00.001,"Electricity, biomass, at power plant",RNA,1996,"Unit process, black box",64360b9b-adc0-3154-b391-40f2a09891d4,1.0,MJ,1,49,49,854fb3670c1201b79b9b39319a37b75ccab017a45c2024694d647cf4717ebad1,https://raw.githubusercontent.com/FLCAC-admin/uslci-content/83f722d2c97ca784e3d258ab51ec4f6804625c1f/downloads/uslcy_fy19_q2_01_olca1_8_0_ilcd.zip.zip#ILCD/processes/dfdb7eba-dfc4-3d24-9683-58b8b0ee1346.xml,FY19.Q2.01,2026-10-08,retrieved_not_selected
USLCI,e0009e43-946e-3bb6-90ea-4885d1206a9f,00.00.001,"Transport, single unit truck, short-haul, diesel powered, West",RNA,2009,"Unit process, black box",81850c47-6922-3404-a284-e8d8d403d646,1.0,t*km,1,24,24,3d38a00ad84a36f83e013c701806462a1c7d393c5e923fa18beab72b9acd12e3,https://raw.githubusercontent.com/FLCAC-admin/uslci-content/83f722d2c97ca784e3d258ab51ec4f6804625c1f/downloads/uslcy_fy19_q2_01_olca1_8_0_ilcd.zip.zip#ILCD/processes/e0009e43-946e-3bb6-90ea-4885d1206a9f.xml,FY19.Q2.01,2026-10-08,retrieved_not_selected
USLCI,e0243fb9-6002-447c-b878-ac90d826c22e,00.00.001,Steel plate; Blast furnace route; Production mix; 85% recovery rate,GLO,1998,"Unit process, black box",f5fc0230-23b0-41e8-8583-266c8c92f2c6,1.0,kg,1,38,38,fb5590c40b4d2ec525c040ed3dd21bf61b3d9425a4e29dfa6c8e1ca6d543bdcf,https://raw.githubusercontent.com/FLCAC-admin/uslci-content/83f722d2c97ca784e3d258ab51ec4f6804625c1f/downloads/uslcy_fy19_q2_01_olca1_8_0_ilcd.zip.zip#ILCD/processes/e0243fb9-6002-447c-b878-ac90d826c22e.xml,FY19.Q2.01,2026-10-08,retrieved_not_selected
USLCI,e0368d96-44a3-3628-8220-e6ae975b0931,00.00.001,"Carbon monoxide, at plant",RNA,2002,"Unit process, black box",0461a6e2-75a9-36af-8e1a-c9ad9dcdb99d,1.0,kg,1,213,213,102b5a630140b4535bc5e4a57f5dcb66014b3f441edbd34d824efa813373837d,https://raw.githubusercontent.com/FLCAC-admin/uslci-content/83f722d2c97ca784e3d258ab51ec4f6804625c1f/downloads/uslcy_fy19_q2_01_olca1_8_0_ilcd.zip.zip#ILCD/processes/e0368d96-44a3-3628-8220-e6ae975b0931.xml,FY19.Q2.01,2026-10-08,retrieved_not_selected
USLCI,e07beee7-4b4c-350a-bcaf-ec71882bbb69,00.00.001,"Benzene, at plant",RNA,1991,"Unit process, black box",db548272-c05b-39c4-926e-ba9e10a29195,1.0,kg,1,35,35,0f91f3211f4650c842bd296168c45161ac30c4a5a4e529df62176b0ead3746e0,https://raw.githubusercontent.com/FLCAC-admin/uslci-content/83f722d2c97ca784e3d258ab51ec4f6804625c1f/downloads/uslcy_fy19_q2_01_olca1_8_0_ilcd.zip.zip#ILCD/processes/e07beee7-4b4c-350a-bcaf-ec71882bbb69.xml,FY19.Q2.01,2026-10-08,retrieved_not_selected
USLCI,e0aa6dd1-b3ac-30ab-bd56-64f96bfa4a1b,00.00.001,"Steel product, secondary structural, girts and purlins, at plant",RNA,2010,"Unit process, black box",20defd6e-b3f3-3a98-94e0-c5db9818a2c8,1.0,kg,1,737,737,4993be167fa6a2f9f4dbfe0cc462183f3aabb4d64d8d983af741d110ea0059df,https://raw.githubusercontent.com/FLCAC-admin/uslci-content/83f722d2c97ca784e3d258ab51ec4f6804625c1f/downloads/uslcy_fy19_q2_01_olca1_8_0_ilcd.zip.zip#ILCD/processes/e0aa6dd1-b3ac-30ab-bd56-64f96bfa4a1b.xml,FY19.Q2.01,2026-10-08,retrieved_not_selected
USLCI,e129b46a-1bd6-4c01-86e3-691913791a63,00.00.001,"Coal conveyor system; Manufacture; For surface mine, at point-of-sale; 1.83 m belt width",US,2002,"Unit process, black box",b4aa8250-95e3-4360-89f8-d77f8779c2f3,1.0,Item(s),1,4,4,0137fa9ca91a0aed3346695d9cc19c1512c9c19b9dbaf9ea0694c23f202ad456,https://raw.githubusercontent.com/FLCAC-admin/uslci-content/83f722d2c97ca784e3d258ab51ec4f6804625c1f/downloads/uslcy_fy19_q2_01_olca1_8_0_ilcd.zip.zip#ILCD/processes/e129b46a-1bd6-4c01-86e3-691913791a63.xml,FY19.Q2.01,2026-10-08,retrieved_not_selected
USLCI,e1d8cff3-c663-3050-898a-14d552e862f7,00.00.001,"Transport, single unit truck, long-haul, gasoline powered, West North Central",RNA,2009,"Unit process, black box",9ecf4c6d-06f9-3d56-8dfe-801d243e3f2e,1.0,t*km,1,24,24,d9c714e7532b20c10940661dac970300d5ca8d4eb08869adf8ebad886174f989,https://raw.githubusercontent.com/FLCAC-admin/uslci-content/83f722d2c97ca784e3d258ab51ec4f6804625c1f/downloads/uslcy_fy19_q2_01_olca1_8_0_ilcd.zip.zip#ILCD/processes/e1d8cff3-c663-3050-898a-14d552e862f7.xml,FY19.Q2.01,2026-10-08,retrieved_not_selected
USLCI,e281027f-cf37-32f2-af55-234cb0cb4fa4,00.00.001,"Polylactide Biopolymer Resin, at plant",RNA,2008,"Unit process, black box",5eac1623-b102-36ea-9601-17271ddda1f8,1.0,kg,1,181,181,aa224dc564e8a1bb97f7c3c2175eb602fa8605a7486982fe70f4d25f59d5dccb,https://raw.githubusercontent.com/FLCAC-admin/uslci-content/83f722d2c97ca784e3d258ab51ec4f6804625c1f/downloads/uslcy_fy19_q2_01_olca1_8_0_ilcd.zip.zip#ILCD/processes/e281027f-cf37-32f2-af55-234cb0cb4fa4.xml,FY19.Q2.01,2026-10-08,retrieved_not_selected
USLCI,e2884390-2613-3d46-81d2-6051ecadc9c2,00.00.001,"Ethylbenzene styrene, at plant",RNA,1992,"Unit process, black box",4a72778b-37b3-3c70-bcdc-b47701e7fe74,1.0,kg,1,21,21,1b9383eed7b674dfb6071f05db749e7936debf9fec87908b1ec6053094ac33a1,https://raw.githubusercontent.com/FLCAC-admin/uslci-content/83f722d2c97ca784e3d258ab51ec4f6804625c1f/downloads/uslcy_fy19_q2_01_olca1_8_0_ilcd.zip.zip#ILCD/processes/e2884390-2613-3d46-81d2-6051ecadc9c2.xml,FY19.Q2.01,2026-10-08,retrieved_not_selected
USLCI,e389edf2-979a-372c-b6e0-8de8bfd28c93,00.00.001,"Wood fuel, MDF, purchased, combusted in industrial boiler",RNA,2003,"Unit process, black box",fd1b9790-c033-3bac-b9b3-056b187b3f32,1.0,kg,1,36,36,a8b85ad208d5a179228e3580369262950a2cb98a185f4eb494cd9cccb6ec476f,https://raw.githubusercontent.com/FLCAC-admin/uslci-content/83f722d2c97ca784e3d258ab51ec4f6804625c1f/downloads/uslcy_fy19_q2_01_olca1_8_0_ilcd.zip.zip#ILCD/processes/e389edf2-979a-372c-b6e0-8de8bfd28c93.xml,FY19.Q2.01,2026-10-08,retrieved_not_selected
USLCI,e391a117-69ae-3550-987a-8f28a1444eb9,00.00.001,"Electricity, residual fuel oil, at power plant",RNA,2001,"Unit process, black box",f7d232cc-70aa-3669-a4e4-d1083d248e69,1.0,MJ,1,38,38,f79ae8b7404bb3d1c4591d16c88f36adfcba92588906b73ac5980d086f82dc07,https://raw.githubusercontent.com/FLCAC-admin/uslci-content/83f722d2c97ca784e3d258ab51ec4f6804625c1f/downloads/uslcy_fy19_q2_01_olca1_8_0_ilcd.zip.zip#ILCD/processes/e391a117-69ae-3550-987a-8f28a1444eb9.xml,FY19.Q2.01,2026-10-08,retrieved_not_selected
USLCI,e39e94cf-3a34-451f-82e7-f8b80a6dd77c,00.00.001,Track loader; Manufacture; At point-of-sale; 178 kW,US,2007,"Unit process, black box",7d328575-1988-4b96-88eb-6a3474077ede,1.0,Item(s),1,2,2,40c7c56f6b77b032a5723a3ee69e786475673b049f577d9f48589347daccfe21,https://raw.githubusercontent.com/FLCAC-admin/uslci-content/83f722d2c97ca784e3d258ab51ec4f6804625c1f/downloads/uslcy_fy19_q2_01_olca1_8_0_ilcd.zip.zip#ILCD/processes/e39e94cf-3a34-451f-82e7-f8b80a6dd77c.xml,FY19.Q2.01,2026-10-08,retrieved_not_selected
USLCI,e418b402-e2ca-3987-a03c-752cb578aa4d,00.00.001,"Transport, single unit truck, long-haul, gasoline powered, Alaska",RNA,2009,"Unit process, black box",4fcfc0ba-0513-33ff-987b-bbd63e54a14e,1.0,t*km,1,24,24,bcd8cb997ccfe8306c255a0377b940669cec687875846708befe6e0fb13e6b9e,https://raw.githubusercontent.com/FLCAC-admin/uslci-content/83f722d2c97ca784e3d258ab51ec4f6804625c1f/downloads/uslcy_fy19_q2_01_olca1_8_0_ilcd.zip.zip#ILCD/processes/e418b402-e2ca-3987-a03c-752cb578aa4d.xml,FY19.Q2.01,2026-10-08,retrieved_not_selected
USLCI,e4317b1c-33d2-3954-be14-519321c9b9e3,00.00.001,"Site preparation, national softwood forest, steep slope, INW",RNA,1988,"Unit process, black box",1bb5d40d-defb-3207-b586-b1c246c68357,1.0,m2,1,2,2,9d53fd3f192ff1ba400bab605ae0f7083f486bfa040c16fe8dd4f37b3945a24c,https://raw.githubusercontent.com/FLCAC-admin/uslci-content/83f722d2c97ca784e3d258ab51ec4f6804625c1f/downloads/uslcy_fy19_q2_01_olca1_8_0_ilcd.zip.zip#ILCD/processes/e4317b1c-33d2-3954-be14-519321c9b9e3.xml,FY19.Q2.01,2026-10-08,retrieved_not_selected
USLCI,e448884b-39a7-3009-9152-3d853592f6cb,00.00.002,"Laminated veneer lumber processing, at plant, US PNW",RNA,1999,"Unit process, black box",d85e4119-ebd4-39ae-a120-802b53914bcb,1.0,kg,1,17,17,ade670e35bc97a4ebc5ca8f1ec65b6091a2358bb4b49cbb1cc5a9826095ec3a5,https://raw.githubusercontent.com/FLCAC-admin/uslci-content/83f722d2c97ca784e3d258ab51ec4f6804625c1f/downloads/uslcy_fy19_q2_01_olca1_8_0_ilcd.zip.zip#ILCD/processes/e448884b-39a7-3009-9152-3d853592f6cb.xml,FY19.Q2.01,2026-10-08,retrieved_not_selected
USLCI,e4822728-95ae-3360-9870-c363a214611e,00.00.001,"Polyethylene terephthalate, resin, at plant, CTR",RNA,2000,"Unit process, black box",749ccf4c-514f-35fc-ad76-8cde2b3800e6,1.0,kg,1,233,233,6c6662d7dadd2a6aa6d2d1348f3a5ef67612053f20eda7f2bfa73c5b99bed009,https://raw.githubusercontent.com/FLCAC-admin/uslci-content/83f722d2c97ca784e3d258ab51ec4f6804625c1f/downloads/uslcy_fy19_q2_01_olca1_8_0_ilcd.zip.zip#ILCD/processes/e4822728-95ae-3360-9870-c363a214611e.xml,FY19.Q2.01,2026-10-08,retrieved_not_selected
USLCI,e4a61018-9f98-3049-95c1-33b1acaa904e,00.00.001,"Acetic acid, at plant",RNA,2002,"Unit process, black box",2c696e73-bd01-3f7b-a6c5-a56dee44d66e,1.0,kg,1,21,21,03c8f1de60e895d30a89a67bdcb76f0f381fc1b10ca6b5aa2d3de18eddb23f66,https://raw.githubusercontent.com/FLCAC-admin/uslci-content/83f722d2c97ca784e3d258ab51ec4f6804625c1f/downloads/uslcy_fy19_q2_01_olca1_8_0_ilcd.zip.zip#ILCD/processes/e4a61018-9f98-3049-95c1-33b1acaa904e.xml,FY19.Q2.01,2026-10-08,retrieved_not_selected
USLCI,e53e0de4-6c90-3519-850b-eb670f2c641b,00.00.001,"Crude oil, extracted",RNA,2002,"Unit process, black box",67d71d59-8951-30d6-a5c8-2ddbe3cc92de,1.0,kg,1,94,94,a61ded81f2140638b1a482f841861c19396acd4779ff498375f162ddf7403bfc,https://raw.githubusercontent.com/FLCAC-admin/uslci-content/83f722d2c97ca784e3d258ab51ec4f6804625c1f/downloads/uslcy_fy19_q2_01_olca1_8_0_ilcd.zip.zip#ILCD/processes/e53e0de4-6c90-3519-850b-eb670f2c641b.xml,FY19.Q2.01,2026-10-08,retrieved_not_selected
USLCI,e5856077-a966-4692-9d10-e747237d4fa6,00.00.004,"Electricity, Eastern US, 2014",US,2013,"Unit process, black box",,,,2,9,9,493234bad190128a6b833d59774e16b4206b5495ea3dffecbf7b1ca637363505,https://raw.githubusercontent.com/FLCAC-admin/uslci-content/83f722d2c97ca784e3d258ab51ec4f6804625c1f/downloads/uslcy_fy19_q2_01_olca1_8_0_ilcd.zip.zip#ILCD/processes/e5856077-a966-4692-9d10-e747237d4fa6.xml,FY19.Q2.01,2026-10-08,retrieved_not_selected
USLCI,e6586e69-95a4-3396-a934-f379fbdd28f4,00.00.001,"Electricity, at cogen, for natural gas turbine",RNA,2002,"Unit process, black box",fc76d79e-b0fb-376f-807b-02fe2098aa88,1.0,MJ,1,2,2,e101eeba6097855ad59f5b61ab23ca878d2af505d11020dbe0a38430d14d5534,https://raw.githubusercontent.com/FLCAC-admin/uslci-content/83f722d2c97ca784e3d258ab51ec4f6804625c1f/downloads/uslcy_fy19_q2_01_olca1_8_0_ilcd.zip.zip#ILCD/processes/e6586e69-95a4-3396-a934-f379fbdd28f4.xml,FY19.Q2.01,2026-10-08,retrieved_not_selected
USLCI,e7827862-9c3d-3c15-ac17-e1298e632788,00.00.001,"Transport, combination truck, long-haul, diesel powered, Southwest",RNA,2009,"Unit process, black box",7500b2a8-f79e-3d01-b644-80a147f8de62,1.0,t*km,1,24,24,2b8276a1bef0001c67ff346e8ca59c428c0a142595ff56ced6e0f2cebb5239b1,https://raw.githubusercontent.com/FLCAC-admin/uslci-content/83f722d2c97ca784e3d258ab51ec4f6804625c1f/downloads/uslcy_fy19_q2_01_olca1_8_0_ilcd.zip.zip#ILCD/processes/e7827862-9c3d-3c15-ac17-e1298e632788.xml,FY19.Q2.01,2026-10-08,retrieved_not_selected
USLCI,e8225564-5976-3351-9faa-a4c2faa96183,00.00.001,"Skidding, wheeled skidder, 120-140 HP",RNA,1988,"Unit process, black box",97691ec6-05df-37e1-965f-34c11f607fa2,1.0,d,1,3,3,9bd8b333231fb94eb87d42e1dbe1c49b8a8f1b6d6a010fb0f3dadfeb491ddd8d,https://raw.githubusercontent.com/FLCAC-admin/uslci-content/83f722d2c97ca784e3d258ab51ec4f6804625c1f/downloads/uslcy_fy19_q2_01_olca1_8_0_ilcd.zip.zip#ILCD/processes/e8225564-5976-3351-9faa-a4c2faa96183.xml,FY19.Q2.01,2026-10-08,retrieved_not_selected
USLCI,e837f0e0-1cee-3df9-931b-1433769aa4fb,00.00.001,"Electricity, at eGrid, SRMW, 2008",RNA,2007,"Unit process, black box",7faf6f46-efa9-3786-a449-b4b9f33f01a7,1.0,MJ,1,16,16,558a1c10bb8213c072388c14b5a06ca91957cd22f3e483704294b045ba9fd005,https://raw.githubusercontent.com/FLCAC-admin/uslci-content/83f722d2c97ca784e3d258ab51ec4f6804625c1f/downloads/uslcy_fy19_q2_01_olca1_8_0_ilcd.zip.zip#ILCD/processes/e837f0e0-1cee-3df9-931b-1433769aa4fb.xml,FY19.Q2.01,2026-10-08,retrieved_not_selected
USLCI,e873d007-5e2a-3193-ac3e-087539227c4d,00.00.001,"Transport, combination truck, short-haul, diesel powered, West",RNA,2009,"Unit process, black box",48504c59-7b9e-370b-bec8-9ba787a8ba38,1.0,t*km,1,24,24,3e423870247d2a20257e31d34ac468c42ea3d9762d7ba44d66c6257f6da31edc,https://raw.githubusercontent.com/FLCAC-admin/uslci-content/83f722d2c97ca784e3d258ab51ec4f6804625c1f/downloads/uslcy_fy19_q2_01_olca1_8_0_ilcd.zip.zip#ILCD/processes/e873d007-5e2a-3193-ac3e-087539227c4d.xml,FY19.Q2.01,2026-10-08,retrieved_not_selected
USLCI,e8e61a9e-8bf8-3791-9221-24a5d56456f6,00.00.001,"Electricity, at eGrid, RFCM, 2010",RNA,2009,"Unit process, black box",4687fa5a-ec2d-32a8-87a5-c462223aec93,1.0,MJ,1,14,14,8eef86073e629fe506dd5c3ce82d5a3fb39fc9443847295af84f067e03dbd63b,https://raw.githubusercontent.com/FLCAC-admin/uslci-content/83f722d2c97ca784e3d258ab51ec4f6804625c1f/downloads/uslcy_fy19_q2_01_olca1_8_0_ilcd.zip.zip#ILCD/processes/e8e61a9e-8bf8-3791-9221-24a5d56456f6.xml,FY19.Q2.01,2026-10-08,retrieved_not_selected
USLCI,e93ae1c1-8454-328d-aef7-3698311ae06a,00.00.001,"Mixed recyclables, to MRF",RNA,2006,"Unit process, black box",1f0bd7aa-6cb7-3b9d-86a5-ef1b7668e8aa,1.0,kg,1,4,4,4ad3796ddf3afbb0ae6e2c77afdcf4e2f3fb82b6e47aa7d0b10941d0775527b4,https://raw.githubusercontent.com/FLCAC-admin/uslci-content/83f722d2c97ca784e3d258ab51ec4f6804625c1f/downloads/uslcy_fy19_q2_01_olca1_8_0_ilcd.zip.zip#ILCD/processes/e93ae1c1-8454-328d-aef7-3698311ae06a.xml,FY19.Q2.01,2026-10-08,retrieved_not_selected
USLCI,e9c2710d-9752-324a-bb0b-52b683e295b5,00.00.001,"Metal panel, insulated, at plant",RNA,2013,"Unit process, black box",c721bcd6-869a-354c-876e-22879d5781de,1.0,m2,1,42,42,2a62e9b2842bc966673d7d865037119c1986c8081a046823a8578d63b9650565,https://raw.githubusercontent.com/FLCAC-admin/uslci-content/83f722d2c97ca784e3d258ab51ec4f6804625c1f/downloads/uslcy_fy19_q2_01_olca1_8_0_ilcd.zip.zip#ILCD/processes/e9c2710d-9752-324a-bb0b-52b683e295b5.xml,FY19.Q2.01,2026-10-08,retrieved_not_selected
USLCI,eaf32f1e-3780-3ccc-b6b0-1e0898524284,00.00.001,"Transport, school bus, diesel powered, East North Central",RNA,2009,"Unit process, black box",19cb2855-b05f-34e2-9790-f00eff4d4094,1.0,p*km,1,24,24,705b03ca142df0e0c1e95583e768d414e300f4594363546fd8e3a8a1c40e1751,https://raw.githubusercontent.com/FLCAC-admin/uslci-content/83f722d2c97ca784e3d258ab51ec4f6804625c1f/downloads/uslcy_fy19_q2_01_olca1_8_0_ilcd.zip.zip#ILCD/processes/eaf32f1e-3780-3ccc-b6b0-1e0898524284.xml,FY19.Q2.01,2026-10-08,retrieved_not_selected
USLCI,eaff3c91-b8ce-38a1-a3ba-1fe0c9d4041c,00.00.001,"Transport, barge, residual fuel oil powered",RNA,2000,"Unit process, black box",c2cc68fe-1754-3468-a973-51c2f5c82fcd,1.0,t*km,1,10,10,0f7ab9fcb4fed0aedbaf3aad77efc74d9656f1a0ec60558d0e8544667710b18c,https://raw.githubusercontent.com/FLCAC-admin/uslci-content/83f722d2c97ca784e3d258ab51ec4f6804625c1f/downloads/uslcy_fy19_q2_01_olca1_8_0_ilcd.zip.zip#ILCD/processes/eaff3c91-b8ce-38a1-a3ba-1fe0c9d4041c.xml,FY19.Q2.01,2026-10-08,retrieved_not_selected
USLCI,eb180616-8607-3906-9bf7-2d97b4cca501,00.00.001,"Transport, combination truck, long-haul, diesel powered, East North Central",RNA,2009,"Unit process, black box",5788e437-fbf4-36cf-829b-721621916bd8,1.0,t*km,1,24,24,8a0b36869bdaf72d58f346abfa920dff7a48380ca2393b102179017f8694c322,https://raw.githubusercontent.com/FLCAC-admin/uslci-content/83f722d2c97ca784e3d258ab51ec4f6804625c1f/downloads/uslcy_fy19_q2_01_olca1_8_0_ilcd.zip.zip#ILCD/processes/eb180616-8607-3906-9bf7-2d97b4cca501.xml,FY19.Q2.01,2026-10-08,retrieved_not_selected
USLCI,eb47caa1-9f81-3bf1-bf9b-3829f0c466d5,00.00.002,"Glue laminated beam processing, at plant, US PNW",RNA,1999,"Unit process, black box",e644eb66-0184-3044-bcaa-7341cccf92fa,1.0,kg,1,23,23,91e0235817013004a03689ae23379c00eb11dc09ea1d956760f644de49159058,https://raw.githubusercontent.com/FLCAC-admin/uslci-content/83f722d2c97ca784e3d258ab51ec4f6804625c1f/downloads/uslcy_fy19_q2_01_olca1_8_0_ilcd.zip.zip#ILCD/processes/eb47caa1-9f81-3bf1-bf9b-3829f0c466d5.xml,FY19.Q2.01,2026-10-08,retrieved_not_selected
USLCI,eb50f56e-3104-3eb1-8d18-7add74f841e7,00.00.001,"Aluminum, secondary, extruded",RNA,1997,"Unit process, black box",db6a6bc6-fc77-3d70-ad69-54c6a2ac64fd,1.0,kg,1,24,24,65e138490e775dc540d65ea783d6ae520c768b9596864186a78c6c2a31849e56,https://raw.githubusercontent.com/FLCAC-admin/uslci-content/83f722d2c97ca784e3d258ab51ec4f6804625c1f/downloads/uslcy_fy19_q2_01_olca1_8_0_ilcd.zip.zip#ILCD/processes/eb50f56e-3104-3eb1-8d18-7add74f841e7.xml,FY19.Q2.01,2026-10-08,retrieved_not_selected
USLCI,eb664f4e-2615-3b3a-aac4-b09b91fe8f1f,00.00.002,"Sawn lumber, hardwood, planed, kiln dried, at planer mill, NE-NC",RNA,2004,"Unit process, black box",8f30ae56-d6a7-3e7d-9922-4dfbe2e538a4,1.0,m3,1,11,11,494d0108a8abf6d1e2b54fe4aaab5563926b6c7fcf8e36cfc596b32474ecaa67,https://raw.githubusercontent.com/FLCAC-admin/uslci-content/83f722d2c97ca784e3d258ab51ec4f6804625c1f/downloads/uslcy_fy19_q2_01_olca1_8_0_ilcd.zip.zip#ILCD/processes/eb664f4e-2615-3b3a-aac4-b09b91fe8f1f.xml,FY19.Q2.01,2026-10-08,retrieved_not_selected
USLCI,ec65cbcc-bd0f-3359-9fab-a7f89e7e0aef,00.00.001,"Transport, transit bus, diesel powered, Northwest",RNA,2009,"Unit process, black box",aec2d41f-94fc-3b2c-a075-32e3cbb61f64,1.0,p*km,1,24,24,299ff5a6fec77bea33b6708f59780c49e21b1c4004288974d6b31624e7782a46,https://raw.githubusercontent.com/FLCAC-admin/uslci-content/83f722d2c97ca784e3d258ab51ec4f6804625c1f/downloads/uslcy_fy19_q2_01_olca1_8_0_ilcd.zip.zip#ILCD/processes/ec65cbcc-bd0f-3359-9fab-a7f89e7e0aef.xml,FY19.Q2.01,2026-10-08,retrieved_not_selected
USLCI,ed10d036-dc00-3fc3-b136-1f25211bd2e3,00.00.001,"Electricity, at grid, Texas US, 2000",RNA,1999,"Unit process, black box",8253c741-a0be-392a-9851-e479238f5be1,1.0,MJ,1,11,11,ad04ec3600de88d800c3a1008665a2678773c0d0a02fbc76ffd9fa5c7cfe8fc7,https://raw.githubusercontent.com/FLCAC-admin/uslci-content/83f722d2c97ca784e3d258ab51ec4f6804625c1f/downloads/uslcy_fy19_q2_01_olca1_8_0_ilcd.zip.zip#ILCD/processes/ed10d036-dc00-3fc3-b136-1f25211bd2e3.xml,FY19.Q2.01,2026-10-08,retrieved_not_selected
USLCI,ed37e4ab-c8aa-30cd-aa47-dc51bb8f7492,00.00.001,"Reforesting, medium intensity site, US SE",RNA,9998,"Unit process, black box",166c9777-3f13-3eb4-8c70-39945eb90277,1.0,m2,1,8,8,953d00c2c56f626d26694dbef599d5717a5faf69d541bb6a52b614422767acc3,https://raw.githubusercontent.com/FLCAC-admin/uslci-content/83f722d2c97ca784e3d258ab51ec4f6804625c1f/downloads/uslcy_fy19_q2_01_olca1_8_0_ilcd.zip.zip#ILCD/processes/ed37e4ab-c8aa-30cd-aa47-dc51bb8f7492.xml,FY19.Q2.01,2026-10-08,retrieved_not_selected
USLCI,ed7627f8-4d2e-3c59-b61e-b1cc6a37f6a9,00.00.001,"Transport, school bus, diesel powered, West",RNA,2009,"Unit process, black box",0d16b4d6-7a9b-372e-a01c-ab7af4d44bbf,1.0,p*km,1,24,24,bd562c5d11d7b022181ece7759052a45bccb3652cd74bfa4d77e2ecd60f96518,https://raw.githubusercontent.com/FLCAC-admin/uslci-content/83f722d2c97ca784e3d258ab51ec4f6804625c1f/downloads/uslcy_fy19_q2_01_olca1_8_0_ilcd.zip.zip#ILCD/processes/ed7627f8-4d2e-3c59-b61e-b1cc6a37f6a9.xml,FY19.Q2.01,2026-10-08,retrieved_not_selected
USLCI,ed82807d-9627-32f8-887d-28e553f2710b,00.00.001,"Electricity, at eGrid, AKGD, 2010",RNA,2009,"Unit process, black box",2343f72c-23a4-3e48-ab88-f4aeb1831d81,1.0,MJ,1,7,7,731ff25f0d435400289d3a7a4846024a2088a40072792df964207e19b2603701,https://raw.githubusercontent.com/FLCAC-admin/uslci-content/83f722d2c97ca784e3d258ab51ec4f6804625c1f/downloads/uslcy_fy19_q2_01_olca1_8_0_ilcd.zip.zip#ILCD/processes/ed82807d-9627-32f8-887d-28e553f2710b.xml,FY19.Q2.01,2026-10-08,retrieved_not_selected
USLCI,ee1e77e1-0b07-3a7a-ada9-0b1bef460444,00.00.001,"Transport, light commercial truck, diesel powered, Alaska",RNA,2009,"Unit process, black box",800a5ceb-c58a-36ae-866a-61b919a06db6,1.0,t*km,1,24,24,ffa5c2317de3bc612cf24c520f02855c9e1635e0389aad15aba3cae069c7ed5c,https://raw.githubusercontent.com/FLCAC-admin/uslci-content/83f722d2c97ca784e3d258ab51ec4f6804625c1f/downloads/uslcy_fy19_q2_01_olca1_8_0_ilcd.zip.zip#ILCD/processes/ee1e77e1-0b07-3a7a-ada9-0b1bef460444.xml,FY19.Q2.01,2026-10-08,retrieved_not_selected
USLCI,eef00fd7-dbc0-3f3e-b012-56731b6b2e91,00.00.001,"Conditioned log, hardwood, green, at veneer mill, E",RNA,2006,"Unit process, black box",0776e600-7518-3fc8-bd33-1581b895bbfb,1.0,m3,1,9,9,362275cabcad0b05fb07a371ea8148d11d382c575664a7490a76c30f8bf43f2b,https://raw.githubusercontent.com/FLCAC-admin/uslci-content/83f722d2c97ca784e3d258ab51ec4f6804625c1f/downloads/uslcy_fy19_q2_01_olca1_8_0_ilcd.zip.zip#ILCD/processes/eef00fd7-dbc0-3f3e-b012-56731b6b2e91.xml,FY19.Q2.01,2026-10-08,retrieved_not_selected
USLCI,eef0b665-299e-3de6-9edc-9e13a3adbdf0,00.00.001,"Transport, transit bus, gasoline powered",RNA,2009,"Unit process, black box",3bc4806d-fa74-3fa8-b1a9-a9039497f0c4,1.0,p*km,1,24,24,127beffe9fff5eb394622c71a8508818d1462bd2f0e4789170c6c8c8fb27c414,https://raw.githubusercontent.com/FLCAC-admin/uslci-content/83f722d2c97ca784e3d258ab51ec4f6804625c1f/downloads/uslcy_fy19_q2_01_olca1_8_0_ilcd.zip.zip#ILCD/processes/eef0b665-299e-3de6-9edc-9e13a3adbdf0.xml,FY19.Q2.01,2026-10-08,retrieved_not_selected
USLCI,ef39cdc1-cf56-45ba-ba5d-5db23349ddea,00.00.001,Coal cleaning; Underground mine,US,1997,"Unit process, black box",756647e7-8bf4-49d8-9190-7d9cf39a2345,1.0,kg,1,4,4,7aafbc508fdef579cbc4c47a87cf76ce3bb3713528e6714c8453f2ed5accb94e,https://raw.githubusercontent.com/FLCAC-admin/uslci-content/83f722d2c97ca784e3d258ab51ec4f6804625c1f/downloads/uslcy_fy19_q2_01_olca1_8_0_ilcd.zip.zip#ILCD/processes/ef39cdc1-cf56-45ba-ba5d-5db23349ddea.xml,FY19.Q2.01,2026-10-08,retrieved_not_selected
USLCI,f002e825-5cb6-3949-be51-863c7fe5d5da,00.00.001,"Wheat straw, at conversion plant, 2022",RNA,2009,"Unit process, black box",a5bc9414-9680-3334-a74a-7e833f576ed9,1.0,kg,1,6,6,d743a966be61a2f4bec2af866ee50835b3cb885e1faefea143c42bb8097c6380,https://raw.githubusercontent.com/FLCAC-admin/uslci-content/83f722d2c97ca784e3d258ab51ec4f6804625c1f/downloads/uslcy_fy19_q2_01_olca1_8_0_ilcd.zip.zip#ILCD/processes/f002e825-5cb6-3949-be51-863c7fe5d5da.xml,FY19.Q2.01,2026-10-08,retrieved_not_selected
USLCI,f012475f-903b-3e4e-9388-5200abdb7395,00.00.001,"Transport, single unit truck, short-haul, diesel powered, Hawaii",RNA,2009,"Unit process, black box",d9a7f950-4de6-34df-a026-6e11e6108240,1.0,t*km,1,24,24,637abbbe56361b5129db720629f2757b6e60c02df86e81c8f1129df1f8ec2340,https://raw.githubusercontent.com/FLCAC-admin/uslci-content/83f722d2c97ca784e3d258ab51ec4f6804625c1f/downloads/uslcy_fy19_q2_01_olca1_8_0_ilcd.zip.zip#ILCD/processes/f012475f-903b-3e4e-9388-5200abdb7395.xml,FY19.Q2.01,2026-10-08,retrieved_not_selected
USLCI,f04300c5-ea44-3525-b6ab-c4b8b27b127e,00.00.001,"Switchgrass, harvested, wet",RNA,2009,"Unit process, black box",1da072f7-6853-3388-b30c-0b09e55dd721,1.07,kg,1,5,5,10eb1dab3b95746b7e7bfb53e60a5839b0c294130d205271e82ff9b7265d756a,https://raw.githubusercontent.com/FLCAC-admin/uslci-content/83f722d2c97ca784e3d258ab51ec4f6804625c1f/downloads/uslcy_fy19_q2_01_olca1_8_0_ilcd.zip.zip#ILCD/processes/f04300c5-ea44-3525-b6ab-c4b8b27b127e.xml,FY19.Q2.01,2026-10-08,retrieved_not_selected
USLCI,f0d8a23f-820d-3563-a190-a7884b72ff0d,00.00.001,"Softwood logs with bark, harvested at average intensity site, at mill, US PNW",RNA,2002,"Unit process, black box",7278d6c9-b5d1-375e-9ad6-4da9e3c39b7b,1.0,m3,1,4,4,fffa494a83a88cbd65a856a30de67c5a9a64eb64b3a060580df0d588f3584fc1,https://raw.githubusercontent.com/FLCAC-admin/uslci-content/83f722d2c97ca784e3d258ab51ec4f6804625c1f/downloads/uslcy_fy19_q2_01_olca1_8_0_ilcd.zip.zip#ILCD/processes/f0d8a23f-820d-3563-a190-a7884b72ff0d.xml,FY19.Q2.01,2026-10-08,retrieved_not_selected
USLCI,f10a3980-2f50-3f3c-be84-abb02ff0ba33,00.00.001,"Transport, refuse truck, diesel powered, East North Central",RNA,2009,"Unit process, black box",def34327-d24f-393a-9f2e-45dd1b6fd594,1.0,t*km,1,24,24,6d9ebe7c3faeaf024d1f85948c6841e7aa8420753ceaac543ba320c3c1cf49b0,https://raw.githubusercontent.com/FLCAC-admin/uslci-content/83f722d2c97ca784e3d258ab51ec4f6804625c1f/downloads/uslcy_fy19_q2_01_olca1_8_0_ilcd.zip.zip#ILCD/processes/f10a3980-2f50-3f3c-be84-abb02ff0ba33.xml,FY19.Q2.01,2026-10-08,retrieved_not_selected
USLCI,f11a8a5f-4c0b-373f-be88-e95efeac1cd1,00.00.001,"Piling, bole slash, in forest, steep slope forest, INW",RNA,1988,"Unit process, black box",a166fa9d-2b52-3843-ab9d-35ddb9b75176,1.0,m2,1,3,3,02aeea7a2cbcc8342b27b504907ddd28a18bb7b701fa400d2887f22376ab4fc5,https://raw.githubusercontent.com/FLCAC-admin/uslci-content/83f722d2c97ca784e3d258ab51ec4f6804625c1f/downloads/uslcy_fy19_q2_01_olca1_8_0_ilcd.zip.zip#ILCD/processes/f11a8a5f-4c0b-373f-be88-e95efeac1cd1.xml,FY19.Q2.01,2026-10-08,retrieved_not_selected
USLCI,f123ab4d-58d5-4f26-a534-ba028c557810,00.00.001,"Coal mine methane emissions; Production mix, surface mine",US,2008,"Unit process, black box",7c2aefa4-0347-4e4b-b9bb-febc2b3f146d,1.0,Item(s),1,3,3,9dcbe21e14fa558ca5aeddd070d8ce539f7d205db875875302c519274a9bcc8f,https://raw.githubusercontent.com/FLCAC-admin/uslci-content/83f722d2c97ca784e3d258ab51ec4f6804625c1f/downloads/uslcy_fy19_q2_01_olca1_8_0_ilcd.zip.zip#ILCD/processes/f123ab4d-58d5-4f26-a534-ba028c557810.xml,FY19.Q2.01,2026-10-08,retrieved_not_selected
USLCI,f1563b1d-c258-4ad0-ae06-5ecfe64aeca9,00.00.001,"Mining truck; Manufacture; For surface mine, at plant; Gross machine operating weight  623,690 kg",GLO,2002,"Unit process, black box",2ed3f4de-b092-4bbf-b47b-27eedc904370,1.0,Item(s),1,3,3,aa32b5d4629e7f68426f311c373deb5334a672f4a170816bfc42d2ba96e75334,https://raw.githubusercontent.com/FLCAC-admin/uslci-content/83f722d2c97ca784e3d258ab51ec4f6804625c1f/downloads/uslcy_fy19_q2_01_olca1_8_0_ilcd.zip.zip#ILCD/processes/f1563b1d-c258-4ad0-ae06-5ecfe64aeca9.xml,FY19.Q2.01,2026-10-08,retrieved_not_selected
USLCI,f16cca9e-8d63-3dca-a1a6-7e3f9e54b313,00.00.001,"Transport, intercity bus, diesel powered, East North Central",RNA,2009,"Unit process, black box",26ee93a0-d405-3b64-a28f-4fe106bbc318,1.0,p*km,1,24,24,a35552e9e70754b3756743ccab58ed24c62cde9255f113722cd40137d8d9cacb,https://raw.githubusercontent.com/FLCAC-admin/uslci-content/83f722d2c97ca784e3d258ab51ec4f6804625c1f/downloads/uslcy_fy19_q2_01_olca1_8_0_ilcd.zip.zip#ILCD/processes/f16cca9e-8d63-3dca-a1a6-7e3f9e54b313.xml,FY19.Q2.01,2026-10-08,retrieved_not_selected
USLCI,f1807aa8-3ab4-3774-a188-767dea401095,00.00.001,"Electricity, at eGrid, CAMX, 2010",RNA,2009,"Unit process, black box",30933c5f-aa3c-3791-8b27-49d95081262a,1.0,MJ,1,15,15,6e18f94ef0aa146b6befe39716e63bd9e796e0f6fe1a37aab4065ac1428b6b17,https://raw.githubusercontent.com/FLCAC-admin/uslci-content/83f722d2c97ca784e3d258ab51ec4f6804625c1f/downloads/uslcy_fy19_q2_01_olca1_8_0_ilcd.zip.zip#ILCD/processes/f1807aa8-3ab4-3774-a188-767dea401095.xml,FY19.Q2.01,2026-10-08,retrieved_not_selected
USLCI,f1c2831e-ff3d-3b74-95b5-0f8f5f910872,00.00.001,"Roundwood, softwood, average, High Intensity Management, NE-NC",RNA,2002,"Unit process, black box",d19c6ea1-204c-3be4-bf9f-3482fbb78348,105.236181818182,m3,1,11,11,fa591314ebeb78b84c8dae7657f0193c61e014483018f29cae5ce224cda73941,https://raw.githubusercontent.com/FLCAC-admin/uslci-content/83f722d2c97ca784e3d258ab51ec4f6804625c1f/downloads/uslcy_fy19_q2_01_olca1_8_0_ilcd.zip.zip#ILCD/processes/f1c2831e-ff3d-3b74-95b5-0f8f5f910872.xml,FY19.Q2.01,2026-10-08,retrieved_not_selected
USLCI,f2691372-a786-3c52-ac67-cbaaa4e6aee6,00.00.001,"Reforesting, low intensity site, US PNW",RNA,9998,"Unit process, black box",2faf42c6-23c2-3ca5-ab0b-95cb6bb077c2,1.0,m2,1,5,5,dc5379db9d37c89e9f090d62b9e6500742f03dd5e731bab4f1bc96cc21505afb,https://raw.githubusercontent.com/FLCAC-admin/uslci-content/83f722d2c97ca784e3d258ab51ec4f6804625c1f/downloads/uslcy_fy19_q2_01_olca1_8_0_ilcd.zip.zip#ILCD/processes/f2691372-a786-3c52-ac67-cbaaa4e6aee6.xml,FY19.Q2.01,2026-10-08,retrieved_not_selected
USLCI,f311e6ec-ec13-388f-ac9f-4ed0731725c8,00.00.001,"Transport, single unit truck, short-haul, gasoline powered, Northwest",RNA,2009,"Unit process, black box",e70d553e-d253-34ad-b97d-029bf8c5b585,1.0,t*km,1,24,24,b58219ada967223712d424e613b45c9887579f66d2c8884b87ae87d09ad2a0d6,https://raw.githubusercontent.com/FLCAC-admin/uslci-content/83f722d2c97ca784e3d258ab51ec4f6804625c1f/downloads/uslcy_fy19_q2_01_olca1_8_0_ilcd.zip.zip#ILCD/processes/f311e6ec-ec13-388f-ac9f-4ed0731725c8.xml,FY19.Q2.01,2026-10-08,retrieved_not_selected
USLCI,f312cd14-42fa-3580-ac8b-92f3484ffe85,00.00.001,"Electricity, at eGrid, NWPP, 2008",RNA,2007,"Unit process, black box",6cc1d4d3-0844-3bc8-b291-0c1e9dc8f56c,1.0,MJ,1,24,24,82a4ab6ded9464f0e1cd8baa943ace29aaae8728f98c78478d6e5627954df24a,https://raw.githubusercontent.com/FLCAC-admin/uslci-content/83f722d2c97ca784e3d258ab51ec4f6804625c1f/downloads/uslcy_fy19_q2_01_olca1_8_0_ilcd.zip.zip#ILCD/processes/f312cd14-42fa-3580-ac8b-92f3484ffe85.xml,FY19.Q2.01,2026-10-08,retrieved_not_selected
USLCI,f337d438-49db-3078-b1dd-3e6e7ca1e9b5,00.00.003,"Dry rough lumber, at kiln, US SE",RNA,1998,"Unit process, black box",549ad7af-b32f-3273-bef2-3af7a816b8fd,1.0,kg,1,7,7,4285b0010070fac9ba957e3d1b5a6b35e1828ca0a99745386e750ed4544da6ae,https://raw.githubusercontent.com/FLCAC-admin/uslci-content/83f722d2c97ca784e3d258ab51ec4f6804625c1f/downloads/uslcy_fy19_q2_01_olca1_8_0_ilcd.zip.zip#ILCD/processes/f337d438-49db-3078-b1dd-3e6e7ca1e9b5.xml,FY19.Q2.01,2026-10-08,retrieved_not_selected
USLCI,f37e9da9-59f6-3c97-ac78-faab05ccd0c6,00.00.001,"Scanner, i1150WN desktop",GLO,2014,"Unit process, black box",1544214d-3573-38fc-bac4-547336be69b7,1.0,Item(s),1,27,27,f28529c95480fa47190ab97c3c3778376717ccdf0ba36a141b4907f6b05115d6,https://raw.githubusercontent.com/FLCAC-admin/uslci-content/83f722d2c97ca784e3d258ab51ec4f6804625c1f/downloads/uslcy_fy19_q2_01_olca1_8_0_ilcd.zip.zip#ILCD/processes/f37e9da9-59f6-3c97-ac78-faab05ccd0c6.xml,FY19.Q2.01,2026-10-08,retrieved_not_selected
USLCI,f3af61ea-60aa-37fb-b13c-3b43228a5c34,00.00.001,"Electricity, at Grid, SPP, 2008",RNA,2007,"Unit process, black box",c2f09463-c320-3e4e-b94e-f9b4175909e8,1.0,MJ,1,24,24,747b49708fc71208f4a44b09afe55ff1278f032c7678ac15bf6ef205f8742039,https://raw.githubusercontent.com/FLCAC-admin/uslci-content/83f722d2c97ca784e3d258ab51ec4f6804625c1f/downloads/uslcy_fy19_q2_01_olca1_8_0_ilcd.zip.zip#ILCD/processes/f3af61ea-60aa-37fb-b13c-3b43228a5c34.xml,FY19.Q2.01,2026-10-08,retrieved_not_selected
USLCI,f3b8fc97-f519-3da0-80de-72a7d5551fda,00.00.002,"Wood Combusted, at boiler, at hardboard mill",RNA,2009,"Unit process, black box",a7c46735-ccde-3b61-8a9a-23810a8683b9,1.0,kg,1,54,54,90f13987326790b53d25c6222575a6c25b1792e732a57fcd551c8f7268986427,https://raw.githubusercontent.com/FLCAC-admin/uslci-content/83f722d2c97ca784e3d258ab51ec4f6804625c1f/downloads/uslcy_fy19_q2_01_olca1_8_0_ilcd.zip.zip#ILCD/processes/f3b8fc97-f519-3da0-80de-72a7d5551fda.xml,FY19.Q2.01,2026-10-08,retrieved_not_selected
USLCI,f3c0b490-e642-31d7-8793-b6ff5e311b13,00.00.001,"Scanner, i1190E desktop",GLO,2014,"Unit process, black box",c5d620c0-b5c9-3043-8f52-4c34b488c187,1.0,Item(s),1,25,25,9ac7498f1cd5b08543e593dafdb7475451d796f10c6806169a3c21db2bd50243,https://raw.githubusercontent.com/FLCAC-admin/uslci-content/83f722d2c97ca784e3d258ab51ec4f6804625c1f/downloads/uslcy_fy19_q2_01_olca1_8_0_ilcd.zip.zip#ILCD/processes/f3c0b490-e642-31d7-8793-b6ff5e311b13.xml,FY19.Q2.01,2026-10-08,retrieved_not_selected
USLCI,f43479ee-e028-31c6-9c13-a27ff31f11bd,00.00.001,"Reforesting, high intensity site, US SE",RNA,9998,"Unit process, black box",2830a78a-4ccf-3b1a-948c-ec365dcbb807,1.0,m2,1,8,8,80dbcdc9f2bac8e29375f8d2c38031ef58413046c034edcb53fcf2c2656d2de1,https://raw.githubusercontent.com/FLCAC-admin/uslci-content/83f722d2c97ca784e3d258ab51ec4f6804625c1f/downloads/uslcy_fy19_q2_01_olca1_8_0_ilcd.zip.zip#ILCD/processes/f43479ee-e028-31c6-9c13-a27ff31f11bd.xml,FY19.Q2.01,2026-10-08,retrieved_not_selected
USLCI,f50e82e7-c0d8-349a-a6ef-abd7cf245226,00.00.001,"Electricity, at Grid, HICC, 2008",RNA,2007,"Unit process, black box",d386b265-c784-3bff-93cd-8af685bfcd4b,1.0,MJ,1,17,17,109c843af8fa1a861ba067a1ba8aeeec518ff0973bb008fb9083b373d00634ca,https://raw.githubusercontent.com/FLCAC-admin/uslci-content/83f722d2c97ca784e3d258ab51ec4f6804625c1f/downloads/uslcy_fy19_q2_01_olca1_8_0_ilcd.zip.zip#ILCD/processes/f50e82e7-c0d8-349a-a6ef-abd7cf245226.xml,FY19.Q2.01,2026-10-08,retrieved_not_selected
USLCI,f525f32d-e3e4-3434-883d-e4b224a47524,00.00.001,"Aluminum, secondary, ingot, at plant, 1998",RNA,1997,"Unit process, black box",787b3f81-78b2-3588-b3b5-31179527a929,1.0,kg,1,15,15,bf4e998f342ad9442fae9e419caa1aa52c76110c3e0228558bfc8e954735f136,https://raw.githubusercontent.com/FLCAC-admin/uslci-content/83f722d2c97ca784e3d258ab51ec4f6804625c1f/downloads/uslcy_fy19_q2_01_olca1_8_0_ilcd.zip.zip#ILCD/processes/f525f32d-e3e4-3434-883d-e4b224a47524.xml,FY19.Q2.01,2026-10-08,retrieved_not_selected
USLCI,f54c5355-f6cf-3a17-8564-d01fb359af48,00.00.001,"Transport, school bus, diesel powered, Southwest",RNA,2009,"Unit process, black box",4a2a2497-28c7-38ec-838c-bd873f4c5352,1.0,p*km,1,24,24,68b7b0489cf29a86d9cf16d9ca4d677dbea8d2b86f31bebba72de2d4648abf75,https://raw.githubusercontent.com/FLCAC-admin/uslci-content/83f722d2c97ca784e3d258ab51ec4f6804625c1f/downloads/uslcy_fy19_q2_01_olca1_8_0_ilcd.zip.zip#ILCD/processes/f54c5355-f6cf-3a17-8564-d01fb359af48.xml,FY19.Q2.01,2026-10-08,retrieved_not_selected
USLCI,f61ecd3b-fdba-3739-8051-1d4bb0c2d98e,00.00.001,"Precision sand casting, aluminum",RNA,1995,"Unit process, black box",fc1ee789-e922-3e7c-bbab-7a8ba489aea7,1.0,kg,1,35,35,65b5b950decdfff95a0aad41757e632dfb45c408f4489352e1a7be60151c4d16,https://raw.githubusercontent.com/FLCAC-admin/uslci-content/83f722d2c97ca784e3d258ab51ec4f6804625c1f/downloads/uslcy_fy19_q2_01_olca1_8_0_ilcd.zip.zip#ILCD/processes/f61ecd3b-fdba-3739-8051-1d4bb0c2d98e.xml,FY19.Q2.01,2026-10-08,retrieved_not_selected
USLCI,f6cac940-4ce5-3c3c-8393-66ad74b185c9,00.00.001,"Transport, combination truck, short-haul, diesel powered, Southeast",RNA,2009,"Unit process, black box",80068baa-8cc6-37bc-9073-60a34793492d,1.0,t*km,1,24,24,a2f44f46d29ffe011b9e0a2636bb3fc9cb5bf6a33a56256ce23b2ac053d457e1,https://raw.githubusercontent.com/FLCAC-admin/uslci-content/83f722d2c97ca784e3d258ab51ec4f6804625c1f/downloads/uslcy_fy19_q2_01_olca1_8_0_ilcd.zip.zip#ILCD/processes/f6cac940-4ce5-3c3c-8393-66ad74b185c9.xml,FY19.Q2.01,2026-10-08,retrieved_not_selected
USLCI,f72ae896-25f0-35f9-affe-8d2a7ef34f92,00.00.001,"Lumber, softwood, borate treated, PNW",RNA,2004,"Unit process, black box",b141a0ff-99ae-3e93-a607-02324ca55ddc,1.0,m3,1,26,26,e7ed567bcef1a90df4783958544790e65cc4e31de7fca0791f9e0d83aa8dea09,https://raw.githubusercontent.com/FLCAC-admin/uslci-content/83f722d2c97ca784e3d258ab51ec4f6804625c1f/downloads/uslcy_fy19_q2_01_olca1_8_0_ilcd.zip.zip#ILCD/processes/f72ae896-25f0-35f9-affe-8d2a7ef34f92.xml,FY19.Q2.01,2026-10-08,retrieved_not_selected
USLCI,f7304101-1cce-3395-91ca-e38fbdc16abb,00.00.001,"Transport, intercity bus, diesel powered, West",RNA,2009,"Unit process, black box",2953262c-68f7-32a4-a435-269c808aae5b,1.0,p*km,1,24,24,f8443d30bb975644d3f4158b914ed6f9624fb3b2f980866e0f5958ffca7f8501,https://raw.githubusercontent.com/FLCAC-admin/uslci-content/83f722d2c97ca784e3d258ab51ec4f6804625c1f/downloads/uslcy_fy19_q2_01_olca1_8_0_ilcd.zip.zip#ILCD/processes/f7304101-1cce-3395-91ca-e38fbdc16abb.xml,FY19.Q2.01,2026-10-08,retrieved_not_selected
USLCI,f74d08fc-3834-3e73-9d20-ca3b4413cb88,00.00.001,"Scanner, i1190WN desktop",GLO,2014,"Unit process, black box",2c144a71-ad02-38ed-af9c-7d7ef5369fa8,1.0,Item(s),1,27,27,ebea3c737eb54b46e21f62d341de5c51e3814a9a286ed3218365cbc2fe0998f9,https://raw.githubusercontent.com/FLCAC-admin/uslci-content/83f722d2c97ca784e3d258ab51ec4f6804625c1f/downloads/uslcy_fy19_q2_01_olca1_8_0_ilcd.zip.zip#ILCD/processes/f74d08fc-3834-3e73-9d20-ca3b4413cb88.xml,FY19.Q2.01,2026-10-08,retrieved_not_selected
USLCI,f781b4ee-27d2-32c0-a2d1-bb661f88141b,00.00.001,"Transport, intercity bus, diesel powered, Northeast",RNA,2009,"Unit process, black box",4648375b-c0aa-3d4d-b9e7-d533062c6262,1.0,p*km,1,24,24,e4b3674b15b048faff94c6057eeb12c19cdb95bc4231f5a9181c3d8a56e89423,https://raw.githubusercontent.com/FLCAC-admin/uslci-content/83f722d2c97ca784e3d258ab51ec4f6804625c1f/downloads/uslcy_fy19_q2_01_olca1_8_0_ilcd.zip.zip#ILCD/processes/f781b4ee-27d2-32c0-a2d1-bb661f88141b.xml,FY19.Q2.01,2026-10-08,retrieved_not_selected
USLCI,f7b7280d-f372-3a4b-86cf-caa588ca67ea,00.00.001,Recycled postconsumer PET flake,RNA,2006,"Unit process, black box",83f59491-2195-3f40-a111-15459445aa9c,1.0,kg,1,21,21,073e73e1b298d0949f92005e7615ad7a7675b20ad066d064621d42258ba0b929,https://raw.githubusercontent.com/FLCAC-admin/uslci-content/83f722d2c97ca784e3d258ab51ec4f6804625c1f/downloads/uslcy_fy19_q2_01_olca1_8_0_ilcd.zip.zip#ILCD/processes/f7b7280d-f372-3a4b-86cf-caa588ca67ea.xml,FY19.Q2.01,2026-10-08,retrieved_not_selected
USLCI,f7dbe13e-5a57-3360-812a-c99bd94e1e9b,00.00.001,"Transport, refuse truck, diesel powered, Hawaii",RNA,2009,"Unit process, black box",8cf8c7db-958a-3a45-b341-c9e1de1e224f,1.0,t*km,1,24,24,1145f1c7d08bcfc12a4202e159872cad9c1bfa845639337c3bf7de1a6133fe0d,https://raw.githubusercontent.com/FLCAC-admin/uslci-content/83f722d2c97ca784e3d258ab51ec4f6804625c1f/downloads/uslcy_fy19_q2_01_olca1_8_0_ilcd.zip.zip#ILCD/processes/f7dbe13e-5a57-3360-812a-c99bd94e1e9b.xml,FY19.Q2.01,2026-10-08,retrieved_not_selected
USLCI,f7dc0ccd-5b6d-30d8-9009-885bae3ac819,00.00.001,"Natural gas, at extraction site",RNA,1996,"Unit process, black box",93c1e14e-c021-3b1d-bcd7-ed9ad3404689,1.0,m3,1,93,93,abd3c2c6856e2f8dc9a8b6ccba7dd75ad96682907e7ece4ec5815161e7b3e2f7,https://raw.githubusercontent.com/FLCAC-admin/uslci-content/83f722d2c97ca784e3d258ab51ec4f6804625c1f/downloads/uslcy_fy19_q2_01_olca1_8_0_ilcd.zip.zip#ILCD/processes/f7dc0ccd-5b6d-30d8-9009-885bae3ac819.xml,FY19.Q2.01,2026-10-08,retrieved_not_selected
USLCI,f85fcdde-6c6b-3bbb-8efc-de6cb34c9ac7,00.00.001,"Transport, ocean freighter, residual fuel oil powered",US,2000,"Unit process, black box",735f1d86-f99a-3ffa-adae-176c545744ab,1.0,t*km,1,10,10,9fac0bca2e5989c66787d12bca00993b83a0a884f6448123f0af3ab4759f898f,https://raw.githubusercontent.com/FLCAC-admin/uslci-content/83f722d2c97ca784e3d258ab51ec4f6804625c1f/downloads/uslcy_fy19_q2_01_olca1_8_0_ilcd.zip.zip#ILCD/processes/f85fcdde-6c6b-3bbb-8efc-de6cb34c9ac7.xml,FY19.Q2.01,2026-10-08,retrieved_not_selected
USLCI,f9cf891e-fd8c-304c-9707-4a7e390b9e75,00.00.001,"Paper, bag and sack, unbleached kraft, average production, at mill",RNA,2005,"Unit process, black box",0871432e-9009-3056-8387-d73d5b0d2da3,834.61,kg,1,98,98,7236d40ffe8075b7d6739af2728040f1204f3793fc3a30ae621e698abeabdc93,https://raw.githubusercontent.com/FLCAC-admin/uslci-content/83f722d2c97ca784e3d258ab51ec4f6804625c1f/downloads/uslcy_fy19_q2_01_olca1_8_0_ilcd.zip.zip#ILCD/processes/f9cf891e-fd8c-304c-9707-4a7e390b9e75.xml,FY19.Q2.01,2026-10-08,retrieved_not_selected
USLCI,fa3871c0-d563-3300-9ec7-f26aafdabfa5,00.00.001,"Propylene oxide, at plant",RNA,1992,"Unit process, black box",e3e36b0b-cd9f-3394-924d-2e565e97d38d,1.0,kg,1,27,27,6390b221598b2a250fc54234461a343413db18473fc212f6be7d4782ea4dda8c,https://raw.githubusercontent.com/FLCAC-admin/uslci-content/83f722d2c97ca784e3d258ab51ec4f6804625c1f/downloads/uslcy_fy19_q2_01_olca1_8_0_ilcd.zip.zip#ILCD/processes/fa3871c0-d563-3300-9ec7-f26aafdabfa5.xml,FY19.Q2.01,2026-10-08,retrieved_not_selected
USLCI,fa501a68-3e1d-3ef1-84a0-48eead282f98,00.00.001,"Pulpwood, softwd, avg, state or private moist forest, at forest rd, INW",RNA,1988,"Unit process, black box",d486c85c-7bea-3c1a-81af-144993930f8e,1.0,m3,1,3,3,f353541555217784e56d82e4eafd7e373328eaca1d066ef5fe7654d8726c594c,https://raw.githubusercontent.com/FLCAC-admin/uslci-content/83f722d2c97ca784e3d258ab51ec4f6804625c1f/downloads/uslcy_fy19_q2_01_olca1_8_0_ilcd.zip.zip#ILCD/processes/fa501a68-3e1d-3ef1-84a0-48eead282f98.xml,FY19.Q2.01,2026-10-08,retrieved_not_selected
USLCI,fa60e60f-73f0-3e20-bb3a-073e4a9469cc,00.00.001,"Polybutadiene, at plant",RNA,1969,"Unit process, black box",cba81a11-592f-3984-9f10-86b0607258d1,1.0,kg,1,11,11,d341f14c7bcb1ac80b04f20266d12bc49705c2d471bd3803b37bab5e6fd2ab78,https://raw.githubusercontent.com/FLCAC-admin/uslci-content/83f722d2c97ca784e3d258ab51ec4f6804625c1f/downloads/uslcy_fy19_q2_01_olca1_8_0_ilcd.zip.zip#ILCD/processes/fa60e60f-73f0-3e20-bb3a-073e4a9469cc.xml,FY19.Q2.01,2026-10-08,retrieved_not_selected
USLCI,fa755970-7ce9-3226-b268-2e1880bfc42e,00.00.001,"Chlor-alkali electrolysis, chlorine for PVC, at plant",US,1988,"Unit process, black box",0bcf4ff4-9e43-380e-aba6-5722e03fad05,1.0,kg,1,35,35,b875696d82fa9b9a48552b3fbd1ccb8e930d06d15eea8492ed1274207631c386,https://raw.githubusercontent.com/FLCAC-admin/uslci-content/83f722d2c97ca784e3d258ab51ec4f6804625c1f/downloads/uslcy_fy19_q2_01_olca1_8_0_ilcd.zip.zip#ILCD/processes/fa755970-7ce9-3226-b268-2e1880bfc42e.xml,FY19.Q2.01,2026-10-08,retrieved_not_selected
USLCI,faa85914-ec68-377e-aee5-0e0af4e27fc8,00.00.001,"Chlorine, production mix, at plant",US,1988,"Unit process, black box",a1167c39-1c98-360a-b834-c22a9726c001,0.48,kg,1,39,39,78c189758e7fd876e98d2425b7a3039176b2f6425ada2b4ed2618747604f0fd3,https://raw.githubusercontent.com/FLCAC-admin/uslci-content/83f722d2c97ca784e3d258ab51ec4f6804625c1f/downloads/uslcy_fy19_q2_01_olca1_8_0_ilcd.zip.zip#ILCD/processes/faa85914-ec68-377e-aee5-0e0af4e27fc8.xml,FY19.Q2.01,2026-10-08,retrieved_not_selected
USLCI,fadc1941-94ca-3a5d-aea9-429cd0d76a08,00.00.001,"Deposit containers, at collection, CRV",RNA,2006,"Unit process, black box",feb3d390-bacc-37ce-8568-1776c96a78a1,1.0,kg,1,4,4,4c0b0a85713bf31ae2a69b23ab9174a04eeafaa16c7ec0ebea377f49e9c9fd53,https://raw.githubusercontent.com/FLCAC-admin/uslci-content/83f722d2c97ca784e3d258ab51ec4f6804625c1f/downloads/uslcy_fy19_q2_01_olca1_8_0_ilcd.zip.zip#ILCD/processes/fadc1941-94ca-3a5d-aea9-429cd0d76a08.xml,FY19.Q2.01,2026-10-08,retrieved_not_selected
USLCI,fb97ca58-8d24-3147-b08f-7788b67ab151,00.00.001,"Metallurgical coke, at plant",RNA,2002,"Unit process, black box",0ad02910-742a-31a0-a960-415b61e5fe71,1.0,kg,1,16,16,81ae1cd61c770678b727d685294d084063c0f1f64f56eaf19a4a381a3b31ff79,https://raw.githubusercontent.com/FLCAC-admin/uslci-content/83f722d2c97ca784e3d258ab51ec4f6804625c1f/downloads/uslcy_fy19_q2_01_olca1_8_0_ilcd.zip.zip#ILCD/processes/fb97ca58-8d24-3147-b08f-7788b67ab151.xml,FY19.Q2.01,2026-10-08,retrieved_not_selected
USLCI,fcc53e1b-80ea-3c3b-8fcc-410cd543e2c7,00.00.001,"Transport, light commercial truck, gasoline powered, Central",RNA,2009,"Unit process, black box",bd5f420b-a9f2-35cf-a0b2-187bab6bd188,1.0,t*km,1,24,24,4432b9b349afd2bb9b98baaa1bca3caa01f988b3836d20684833df642b95b3a4,https://raw.githubusercontent.com/FLCAC-admin/uslci-content/83f722d2c97ca784e3d258ab51ec4f6804625c1f/downloads/uslcy_fy19_q2_01_olca1_8_0_ilcd.zip.zip#ILCD/processes/fcc53e1b-80ea-3c3b-8fcc-410cd543e2c7.xml,FY19.Q2.01,2026-10-08,retrieved_not_selected
USLCI,fe497d56-db73-3867-9356-ac5631405ab1,00.00.001,"Transport, combination truck, short-haul, diesel powered, South",RNA,2009,"Unit process, black box",4071df76-4a67-38b1-98c4-acc89d38fc81,1.0,t*km,1,24,24,423faf3a50a5c24f75233d2639cb372dcd35e85593a02a4c4502877293cf0bed,https://raw.githubusercontent.com/FLCAC-admin/uslci-content/83f722d2c97ca784e3d258ab51ec4f6804625c1f/downloads/uslcy_fy19_q2_01_olca1_8_0_ilcd.zip.zip#ILCD/processes/fe497d56-db73-3867-9356-ac5631405ab1.xml,FY19.Q2.01,2026-10-08,retrieved_not_selected
USLCI,fecba951-c031-36f7-abe3-007dd58adbf5,00.00.001,"Transport, combination truck, short-haul, diesel powered, East North Central",RNA,2009,"Unit process, black box",3a86e1e4-4de5-3a94-ac19-16a4e4c7a46e,1.0,t*km,1,24,24,cddd6dcf8c3864c3d233767074012e5f8c68fe7b12ace63b331b63d22b0fb90e,https://raw.githubusercontent.com/FLCAC-admin/uslci-content/83f722d2c97ca784e3d258ab51ec4f6804625c1f/downloads/uslcy_fy19_q2_01_olca1_8_0_ilcd.zip.zip#ILCD/processes/fecba951-c031-36f7-abe3-007dd58adbf5.xml,FY19.Q2.01,2026-10-08,retrieved_not_selected
USLCI,fee9ad93-5bbf-37f0-b2ab-8147a847a5b0,00.00.001,"Roundwood, softwood, average, Med Intensity Management, NE-NC",RNA,2002,"Unit process, black box",4b726eda-74f8-361f-a7f0-45dc40a9e4c5,149.178,m3,1,11,11,720f1cca44d0832bffce6b52eb882cd1d98ff3cd24cd51b1c35656a4a1d210ec,https://raw.githubusercontent.com/FLCAC-admin/uslci-content/83f722d2c97ca784e3d258ab51ec4f6804625c1f/downloads/uslcy_fy19_q2_01_olca1_8_0_ilcd.zip.zip#ILCD/processes/fee9ad93-5bbf-37f0-b2ab-8147a847a5b0.xml,FY19.Q2.01,2026-10-08,retrieved_not_selected
USLCI,fef4bce7-747e-30a8-adea-c11de716b08b,00.00.001,"Fertilizer, switchgrass, 2022",RNA,2009,"Unit process, black box",8523bd1b-ff23-3fe4-8889-9a9956343594,1.0,m2,1,9,9,c194a854f9c0efa550a9efb6fd9990db55eeb53880f06b33e353780d3c2db1d5,https://raw.githubusercontent.com/FLCAC-admin/uslci-content/83f722d2c97ca784e3d258ab51ec4f6804625c1f/downloads/uslcy_fy19_q2_01_olca1_8_0_ilcd.zip.zip#ILCD/processes/fef4bce7-747e-30a8-adea-c11de716b08b.xml,FY19.Q2.01,2026-10-08,retrieved_not_selected
USLCI,ff599dd1-991f-3153-99c0-04e79a093703,00.00.002,"Sawn lumber, softwood, rough, green, at sawmill, INW",RNA,2005,"Unit process, black box",08d65348-ea0a-3677-ac84-1ec8aed9e497,1.0,kg,1,12,12,f25e81c7b070fe2fb8ef7b5e7f76ce0176fa94772ef1eb09d3e74db8b281c092,https://raw.githubusercontent.com/FLCAC-admin/uslci-content/83f722d2c97ca784e3d258ab51ec4f6804625c1f/downloads/uslcy_fy19_q2_01_olca1_8_0_ilcd.zip.zip#ILCD/processes/ff599dd1-991f-3153-99c0-04e79a093703.xml,FY19.Q2.01,2026-10-08,retrieved_not_selected
